
arduino_ref_max.elf:     file format elf32-avr

Sections:
Idx Name          Size      VMA       LMA       File off  Algn
  0 .data         0000018e  00800100  00002724  000027b8  2**0
                  CONTENTS, ALLOC, LOAD, DATA
  1 .text         00002724  00000000  00000000  00000094  2**1
                  CONTENTS, ALLOC, LOAD, READONLY, CODE
  2 .bss          00000074  0080028e  0080028e  00002946  2**0
                  ALLOC
  3 .debug_aranges 000001c0  00000000  00000000  00002946  2**0
                  CONTENTS, READONLY, DEBUGGING
  4 .debug_pubnames 0000051b  00000000  00000000  00002b06  2**0
                  CONTENTS, READONLY, DEBUGGING
  5 .debug_info   00003456  00000000  00000000  00003021  2**0
                  CONTENTS, READONLY, DEBUGGING
  6 .debug_abbrev 000017f3  00000000  00000000  00006477  2**0
                  CONTENTS, READONLY, DEBUGGING
  7 .debug_line   00001be2  00000000  00000000  00007c6a  2**0
                  CONTENTS, READONLY, DEBUGGING
  8 .debug_frame  00000390  00000000  00000000  0000984c  2**2
                  CONTENTS, READONLY, DEBUGGING
  9 .debug_str    000006e0  00000000  00000000  00009bdc  2**0
                  CONTENTS, READONLY, DEBUGGING
 10 .debug_loc    00000fee  00000000  00000000  0000a2bc  2**0
                  CONTENTS, READONLY, DEBUGGING
 11 .debug_ranges 00000068  00000000  00000000  0000b2aa  2**0
                  CONTENTS, READONLY, DEBUGGING

Disassembly of section .text:

00000000 <__vectors>:
       0:	0c 94 5a 00 	jmp	0xb4	; 0xb4 <__ctors_end>
       4:	0c 94 79 00 	jmp	0xf2	; 0xf2 <__bad_interrupt>
       8:	0c 94 79 00 	jmp	0xf2	; 0xf2 <__bad_interrupt>
       c:	0c 94 79 00 	jmp	0xf2	; 0xf2 <__bad_interrupt>
      10:	0c 94 79 00 	jmp	0xf2	; 0xf2 <__bad_interrupt>
      14:	0c 94 79 00 	jmp	0xf2	; 0xf2 <__bad_interrupt>
      18:	0c 94 79 00 	jmp	0xf2	; 0xf2 <__bad_interrupt>
      1c:	0c 94 79 00 	jmp	0xf2	; 0xf2 <__bad_interrupt>
      20:	0c 94 79 00 	jmp	0xf2	; 0xf2 <__bad_interrupt>
      24:	0c 94 79 00 	jmp	0xf2	; 0xf2 <__bad_interrupt>
      28:	0c 94 79 00 	jmp	0xf2	; 0xf2 <__bad_interrupt>
      2c:	0c 94 79 00 	jmp	0xf2	; 0xf2 <__bad_interrupt>
      30:	0c 94 79 00 	jmp	0xf2	; 0xf2 <__bad_interrupt>
      34:	0c 94 79 00 	jmp	0xf2	; 0xf2 <__bad_interrupt>
      38:	0c 94 79 00 	jmp	0xf2	; 0xf2 <__bad_interrupt>
      3c:	0c 94 7b 00 	jmp	0xf6	; 0xf6 <__vector_15>
      40:	0c 94 79 00 	jmp	0xf2	; 0xf2 <__bad_interrupt>
      44:	0c 94 79 00 	jmp	0xf2	; 0xf2 <__bad_interrupt>
      48:	0c 94 79 00 	jmp	0xf2	; 0xf2 <__bad_interrupt>
      4c:	0c 94 79 00 	jmp	0xf2	; 0xf2 <__bad_interrupt>
      50:	0c 94 79 00 	jmp	0xf2	; 0xf2 <__bad_interrupt>
      54:	0c 94 79 00 	jmp	0xf2	; 0xf2 <__bad_interrupt>
      58:	0c 94 79 00 	jmp	0xf2	; 0xf2 <__bad_interrupt>
      5c:	0c 94 79 00 	jmp	0xf2	; 0xf2 <__bad_interrupt>
      60:	0c 94 79 00 	jmp	0xf2	; 0xf2 <__bad_interrupt>
      64:	0c 94 79 00 	jmp	0xf2	; 0xf2 <__bad_interrupt>
      68:	0c 94 79 00 	jmp	0xf2	; 0xf2 <__bad_interrupt>
      6c:	0c 94 79 00 	jmp	0xf2	; 0xf2 <__bad_interrupt>
      70:	0c 94 79 00 	jmp	0xf2	; 0xf2 <__bad_interrupt>
      74:	0c 94 79 00 	jmp	0xf2	; 0xf2 <__bad_interrupt>
      78:	0c 94 79 00 	jmp	0xf2	; 0xf2 <__bad_interrupt>
      7c:	0c 94 79 00 	jmp	0xf2	; 0xf2 <__bad_interrupt>
      80:	0c 94 79 00 	jmp	0xf2	; 0xf2 <__bad_interrupt>
      84:	0c 94 79 00 	jmp	0xf2	; 0xf2 <__bad_interrupt>
      88:	0c 94 79 00 	jmp	0xf2	; 0xf2 <__bad_interrupt>
      8c:	07 63       	ori	r16, 0x37	; 55
      8e:	42 36       	cpi	r20, 0x62	; 98
      90:	b7 9b       	sbis	0x16, 7	; 22
      92:	d8 a7       	std	Y+40, r29	; 0x28
      94:	1a 39       	cpi	r17, 0x9A	; 154
      96:	68 56       	subi	r22, 0x68	; 104
      98:	18 ae       	std	Y+56, r1	; 0x38
      9a:	ba ab       	std	Y+50, r27	; 0x32
      9c:	55 8c       	ldd	r5, Z+29	; 0x1d
      9e:	1d 3c       	cpi	r17, 0xCD	; 205
      a0:	b7 cc       	rjmp	.-1682   	; 0xfffffa10 <__eeprom_end+0xff7efa10>
      a2:	57 63       	ori	r21, 0x37	; 55
      a4:	bd 6d       	ori	r27, 0xDD	; 221
      a6:	ed fd       	.word	0xfded	; ????
      a8:	75 3e       	cpi	r23, 0xE5	; 229
      aa:	f6 17       	cp	r31, r22
      ac:	72 31       	cpi	r23, 0x12	; 18
      ae:	bf 00       	.word	0x00bf	; ????
      b0:	00 00       	nop
      b2:	80 3f       	cpi	r24, 0xF0	; 240

000000b4 <__ctors_end>:
      b4:	11 24       	eor	r1, r1
      b6:	1f be       	out	0x3f, r1	; 63
      b8:	cf ef       	ldi	r28, 0xFF	; 255
      ba:	d0 e1       	ldi	r29, 0x10	; 16
      bc:	de bf       	out	0x3e, r29	; 62
      be:	cd bf       	out	0x3d, r28	; 61

000000c0 <__do_copy_data>:
      c0:	12 e0       	ldi	r17, 0x02	; 2
      c2:	a0 e0       	ldi	r26, 0x00	; 0
      c4:	b1 e0       	ldi	r27, 0x01	; 1
      c6:	e4 e2       	ldi	r30, 0x24	; 36
      c8:	f7 e2       	ldi	r31, 0x27	; 39
      ca:	00 e0       	ldi	r16, 0x00	; 0
      cc:	0b bf       	out	0x3b, r16	; 59
      ce:	02 c0       	rjmp	.+4      	; 0xd4 <__do_copy_data+0x14>
      d0:	07 90       	elpm	r0, Z+
      d2:	0d 92       	st	X+, r0
      d4:	ae 38       	cpi	r26, 0x8E	; 142
      d6:	b1 07       	cpc	r27, r17
      d8:	d9 f7       	brne	.-10     	; 0xd0 <__do_copy_data+0x10>

000000da <__do_clear_bss>:
      da:	13 e0       	ldi	r17, 0x03	; 3
      dc:	ae e8       	ldi	r26, 0x8E	; 142
      de:	b2 e0       	ldi	r27, 0x02	; 2
      e0:	01 c0       	rjmp	.+2      	; 0xe4 <.do_clear_bss_start>

000000e2 <.do_clear_bss_loop>:
      e2:	1d 92       	st	X+, r1

000000e4 <.do_clear_bss_start>:
      e4:	a2 30       	cpi	r26, 0x02	; 2
      e6:	b1 07       	cpc	r27, r17
      e8:	e1 f7       	brne	.-8      	; 0xe2 <.do_clear_bss_loop>
      ea:	0e 94 6d 04 	call	0x8da	; 0x8da <main>
      ee:	0c 94 90 13 	jmp	0x2720	; 0x2720 <_exit>

000000f2 <__bad_interrupt>:
      f2:	0c 94 00 00 	jmp	0	; 0x0 <__vectors>

000000f6 <__vector_15>:
// [1] 시스템 타이머 (millis 구현)
// =================================================================
volatile unsigned long millis_counter = 0;

// CVAVR: interrupt [TIM0_COMP] -> AVR-GCC: ISR(TIMER0_COMP_vect)
ISR(TIMER0_COMP_vect) {
      f6:	1f 92       	push	r1
      f8:	0f 92       	push	r0
      fa:	0f b6       	in	r0, 0x3f	; 63
      fc:	0f 92       	push	r0
      fe:	11 24       	eor	r1, r1
     100:	8f 93       	push	r24
     102:	9f 93       	push	r25
     104:	af 93       	push	r26
     106:	bf 93       	push	r27
    millis_counter++;
     108:	80 91 8e 02 	lds	r24, 0x028E
     10c:	90 91 8f 02 	lds	r25, 0x028F
     110:	a0 91 90 02 	lds	r26, 0x0290
     114:	b0 91 91 02 	lds	r27, 0x0291
     118:	01 96       	adiw	r24, 0x01	; 1
     11a:	a1 1d       	adc	r26, r1
     11c:	b1 1d       	adc	r27, r1
     11e:	80 93 8e 02 	sts	0x028E, r24
     122:	90 93 8f 02 	sts	0x028F, r25
     126:	a0 93 90 02 	sts	0x0290, r26
     12a:	b0 93 91 02 	sts	0x0291, r27
}
     12e:	bf 91       	pop	r27
     130:	af 91       	pop	r26
     132:	9f 91       	pop	r25
     134:	8f 91       	pop	r24
     136:	0f 90       	pop	r0
     138:	0f be       	out	0x3f, r0	; 63
     13a:	0f 90       	pop	r0
     13c:	1f 90       	pop	r1
     13e:	18 95       	reti

00000140 <millis>:

unsigned long millis(void) {
    unsigned long m;
    uint8_t oldSREG = SREG;
     140:	8f b7       	in	r24, 0x3f	; 63
    cli(); // Disable interrupts
     142:	f8 94       	cli
    m = millis_counter;
     144:	20 91 8e 02 	lds	r18, 0x028E
     148:	30 91 8f 02 	lds	r19, 0x028F
     14c:	40 91 90 02 	lds	r20, 0x0290
     150:	50 91 91 02 	lds	r21, 0x0291
    SREG = oldSREG; // Restore interrupts
     154:	8f bf       	out	0x3f, r24	; 63
    return m;
}
     156:	b9 01       	movw	r22, r18
     158:	ca 01       	movw	r24, r20
     15a:	08 95       	ret

0000015c <Timer0_Init>:

void Timer0_Init(void) {
    // CTC Mode, Prescaler 64
    // OCR0 = (16000000 / 64 / 1000) - 1 = 249
    TCCR0 = (1 << WGM01) | (1 << CS01) | (1 << CS00);
     15c:	8b e0       	ldi	r24, 0x0B	; 11
     15e:	83 bf       	out	0x33, r24	; 51
    TCNT0 = 0x00;
     160:	12 be       	out	0x32, r1	; 50
    OCR0  = 249;
     162:	89 ef       	ldi	r24, 0xF9	; 249
     164:	81 bf       	out	0x31, r24	; 49
    TIMSK |= (1 << OCIE0); // Interrupt Enable
     166:	87 b7       	in	r24, 0x37	; 55
     168:	82 60       	ori	r24, 0x02	; 2
     16a:	87 bf       	out	0x37, r24	; 55
}
     16c:	08 95       	ret

0000016e <UART0_putchar>:

// =================================================================
// [2] UART 및 Printf 설정 (AVR-GCC 방식)
// =================================================================
int UART0_putchar(char c, FILE *stream) {
     16e:	1f 93       	push	r17
     170:	18 2f       	mov	r17, r24
    if (c == '\n') UART0_putchar('\r', stream);
     172:	8a 30       	cpi	r24, 0x0A	; 10
     174:	19 f4       	brne	.+6      	; 0x17c <UART0_putchar+0xe>
     176:	8d e0       	ldi	r24, 0x0D	; 13
     178:	0e 94 b7 00 	call	0x16e	; 0x16e <UART0_putchar>
    while (!(UCSR0A & (1 << UDRE0)));
     17c:	5d 9b       	sbis	0x0b, 5	; 11
     17e:	fe cf       	rjmp	.-4      	; 0x17c <UART0_putchar+0xe>
    UDR0 = c;
     180:	1c b9       	out	0x0c, r17	; 12
    return 0;
}
     182:	80 e0       	ldi	r24, 0x00	; 0
     184:	90 e0       	ldi	r25, 0x00	; 0
     186:	1f 91       	pop	r17
     188:	08 95       	ret

0000018a <UART0_init>:

// printf 스트림 연결을 위한 구조체
FILE uart_output = FDEV_SETUP_STREAM(UART0_putchar, NULL, _FDEV_SETUP_WRITE);

void UART0_init(void) {
    UBRR0H = 0;
     18a:	10 92 90 00 	sts	0x0090, r1
    UBRR0L = 103; // 9600bps @ 16MHz
     18e:	87 e6       	ldi	r24, 0x67	; 103
     190:	89 b9       	out	0x09, r24	; 9
    UCSR0B = (1 << RXEN0) | (1 << TXEN0);
     192:	88 e1       	ldi	r24, 0x18	; 24
     194:	8a b9       	out	0x0a, r24	; 10
    UCSR0C = (1 << UCSZ01) | (1 << UCSZ00); // 8-bit, No parity
     196:	86 e0       	ldi	r24, 0x06	; 6
     198:	80 93 95 00 	sts	0x0095, r24
}
     19c:	08 95       	ret

0000019e <TWI_init>:

// =================================================================
// [3] I2C (TWI) Functions
// =================================================================
void TWI_init(void) {
    TWSR = 0x00; 
     19e:	10 92 71 00 	sts	0x0071, r1
    TWBR = 12; // 400kHz @ 16MHz
     1a2:	8c e0       	ldi	r24, 0x0C	; 12
     1a4:	80 93 70 00 	sts	0x0070, r24
}
     1a8:	08 95       	ret

000001aa <TWI_start>:

void TWI_start(void) {
    TWCR = (1 << TWINT) | (1 << TWSTA) | (1 << TWEN);
     1aa:	84 ea       	ldi	r24, 0xA4	; 164
     1ac:	80 93 74 00 	sts	0x0074, r24
    while (!(TWCR & (1 << TWINT)));
     1b0:	80 91 74 00 	lds	r24, 0x0074
     1b4:	87 ff       	sbrs	r24, 7
     1b6:	fc cf       	rjmp	.-8      	; 0x1b0 <TWI_start+0x6>
}
     1b8:	08 95       	ret

000001ba <TWI_stop>:

void TWI_stop(void) {
    TWCR = (1 << TWINT) | (1 << TWSTO) | (1 << TWEN);
     1ba:	84 e9       	ldi	r24, 0x94	; 148
     1bc:	80 93 74 00 	sts	0x0074, r24
}
     1c0:	08 95       	ret

000001c2 <TWI_write>:

void TWI_write(uint8_t data) {
    TWDR = data;
     1c2:	80 93 73 00 	sts	0x0073, r24
    TWCR = (1 << TWINT) | (1 << TWEN);
     1c6:	84 e8       	ldi	r24, 0x84	; 132
     1c8:	80 93 74 00 	sts	0x0074, r24
    while (!(TWCR & (1 << TWINT)));
     1cc:	80 91 74 00 	lds	r24, 0x0074
     1d0:	87 ff       	sbrs	r24, 7
     1d2:	fc cf       	rjmp	.-8      	; 0x1cc <TWI_write+0xa>
}
     1d4:	08 95       	ret

000001d6 <TWI_read_ack>:

uint8_t TWI_read_ack(void) {
    TWCR = (1 << TWINT) | (1 << TWEN) | (1 << TWEA);
     1d6:	84 ec       	ldi	r24, 0xC4	; 196
     1d8:	80 93 74 00 	sts	0x0074, r24
    while (!(TWCR & (1 << TWINT)));
     1dc:	80 91 74 00 	lds	r24, 0x0074
     1e0:	87 ff       	sbrs	r24, 7
     1e2:	fc cf       	rjmp	.-8      	; 0x1dc <TWI_read_ack+0x6>
    return TWDR;
     1e4:	80 91 73 00 	lds	r24, 0x0073
}
     1e8:	08 95       	ret

000001ea <TWI_read_nack>:

uint8_t TWI_read_nack(void) {
    TWCR = (1 << TWINT) | (1 << TWEN);
     1ea:	84 e8       	ldi	r24, 0x84	; 132
     1ec:	80 93 74 00 	sts	0x0074, r24
    while (!(TWCR & (1 << TWINT)));
     1f0:	80 91 74 00 	lds	r24, 0x0074
     1f4:	87 ff       	sbrs	r24, 7
     1f6:	fc cf       	rjmp	.-8      	; 0x1f0 <TWI_read_nack+0x6>
    return TWDR;
     1f8:	80 91 73 00 	lds	r24, 0x0073
}
     1fc:	08 95       	ret

000001fe <Stat_Reset>:
    float max_val;
    float sum_val;
    int count;
} Stat_t;

void Stat_Reset(Stat_t *stat) {
     1fe:	fc 01       	movw	r30, r24
    stat->min_val = 1000000.0;
     200:	80 e0       	ldi	r24, 0x00	; 0
     202:	94 e2       	ldi	r25, 0x24	; 36
     204:	a4 e7       	ldi	r26, 0x74	; 116
     206:	b9 e4       	ldi	r27, 0x49	; 73
     208:	80 83       	st	Z, r24
     20a:	91 83       	std	Z+1, r25	; 0x01
     20c:	a2 83       	std	Z+2, r26	; 0x02
     20e:	b3 83       	std	Z+3, r27	; 0x03
    stat->max_val = -1000000.0;
     210:	80 e0       	ldi	r24, 0x00	; 0
     212:	94 e2       	ldi	r25, 0x24	; 36
     214:	a4 e7       	ldi	r26, 0x74	; 116
     216:	b9 ec       	ldi	r27, 0xC9	; 201
     218:	84 83       	std	Z+4, r24	; 0x04
     21a:	95 83       	std	Z+5, r25	; 0x05
     21c:	a6 83       	std	Z+6, r26	; 0x06
     21e:	b7 83       	std	Z+7, r27	; 0x07
    stat->sum_val = 0;
     220:	80 e0       	ldi	r24, 0x00	; 0
     222:	90 e0       	ldi	r25, 0x00	; 0
     224:	a0 e0       	ldi	r26, 0x00	; 0
     226:	b0 e0       	ldi	r27, 0x00	; 0
     228:	80 87       	std	Z+8, r24	; 0x08
     22a:	91 87       	std	Z+9, r25	; 0x09
     22c:	a2 87       	std	Z+10, r26	; 0x0a
     22e:	b3 87       	std	Z+11, r27	; 0x0b
    stat->count = 0;
     230:	15 86       	std	Z+13, r1	; 0x0d
     232:	14 86       	std	Z+12, r1	; 0x0c
}
     234:	08 95       	ret

00000236 <Stat_Process>:

void Stat_Process(Stat_t *stat, float val) {
     236:	ef 92       	push	r14
     238:	ff 92       	push	r15
     23a:	0f 93       	push	r16
     23c:	1f 93       	push	r17
     23e:	cf 93       	push	r28
     240:	df 93       	push	r29
     242:	ec 01       	movw	r28, r24
     244:	7a 01       	movw	r14, r20
     246:	8b 01       	movw	r16, r22
    if (val < stat->min_val) stat->min_val = val;
     248:	cb 01       	movw	r24, r22
     24a:	ba 01       	movw	r22, r20
     24c:	28 81       	ld	r18, Y
     24e:	39 81       	ldd	r19, Y+1	; 0x01
     250:	4a 81       	ldd	r20, Y+2	; 0x02
     252:	5b 81       	ldd	r21, Y+3	; 0x03
     254:	0e 94 0a 0b 	call	0x1614	; 0x1614 <__ltsf2>
     258:	88 23       	and	r24, r24
     25a:	24 f4       	brge	.+8      	; 0x264 <Stat_Process+0x2e>
     25c:	e8 82       	st	Y, r14
     25e:	f9 82       	std	Y+1, r15	; 0x01
     260:	0a 83       	std	Y+2, r16	; 0x02
     262:	1b 83       	std	Y+3, r17	; 0x03
    if (val > stat->max_val) stat->max_val = val;
     264:	c8 01       	movw	r24, r16
     266:	b7 01       	movw	r22, r14
     268:	2c 81       	ldd	r18, Y+4	; 0x04
     26a:	3d 81       	ldd	r19, Y+5	; 0x05
     26c:	4e 81       	ldd	r20, Y+6	; 0x06
     26e:	5f 81       	ldd	r21, Y+7	; 0x07
     270:	0e 94 da 0a 	call	0x15b4	; 0x15b4 <__gtsf2>
     274:	18 16       	cp	r1, r24
     276:	24 f4       	brge	.+8      	; 0x280 <Stat_Process+0x4a>
     278:	ec 82       	std	Y+4, r14	; 0x04
     27a:	fd 82       	std	Y+5, r15	; 0x05
     27c:	0e 83       	std	Y+6, r16	; 0x06
     27e:	1f 83       	std	Y+7, r17	; 0x07
    stat->sum_val += val;
     280:	68 85       	ldd	r22, Y+8	; 0x08
     282:	79 85       	ldd	r23, Y+9	; 0x09
     284:	8a 85       	ldd	r24, Y+10	; 0x0a
     286:	9b 85       	ldd	r25, Y+11	; 0x0b
     288:	a8 01       	movw	r20, r16
     28a:	97 01       	movw	r18, r14
     28c:	0e 94 d7 08 	call	0x11ae	; 0x11ae <__addsf3>
     290:	68 87       	std	Y+8, r22	; 0x08
     292:	79 87       	std	Y+9, r23	; 0x09
     294:	8a 87       	std	Y+10, r24	; 0x0a
     296:	9b 87       	std	Y+11, r25	; 0x0b
    stat->count++;
     298:	8c 85       	ldd	r24, Y+12	; 0x0c
     29a:	9d 85       	ldd	r25, Y+13	; 0x0d
     29c:	01 96       	adiw	r24, 0x01	; 1
     29e:	9d 87       	std	Y+13, r25	; 0x0d
     2a0:	8c 87       	std	Y+12, r24	; 0x0c
}
     2a2:	df 91       	pop	r29
     2a4:	cf 91       	pop	r28
     2a6:	1f 91       	pop	r17
     2a8:	0f 91       	pop	r16
     2aa:	ff 90       	pop	r15
     2ac:	ef 90       	pop	r14
     2ae:	08 95       	ret

000002b0 <Stat_GetAvg>:

float Stat_GetAvg(Stat_t *stat) {
     2b0:	cf 93       	push	r28
     2b2:	df 93       	push	r29
     2b4:	ec 01       	movw	r28, r24
    if (stat->count == 0) return 0;
     2b6:	2c 85       	ldd	r18, Y+12	; 0x0c
     2b8:	3d 85       	ldd	r19, Y+13	; 0x0d
     2ba:	21 15       	cp	r18, r1
     2bc:	31 05       	cpc	r19, r1
     2be:	29 f4       	brne	.+10     	; 0x2ca <Stat_GetAvg+0x1a>
     2c0:	e0 e0       	ldi	r30, 0x00	; 0
     2c2:	70 e0       	ldi	r23, 0x00	; 0
     2c4:	80 e0       	ldi	r24, 0x00	; 0
     2c6:	60 e0       	ldi	r22, 0x00	; 0
     2c8:	11 c0       	rjmp	.+34     	; 0x2ec <Stat_GetAvg+0x3c>
    return stat->sum_val / stat->count;
     2ca:	b9 01       	movw	r22, r18
     2cc:	88 27       	eor	r24, r24
     2ce:	77 fd       	sbrc	r23, 7
     2d0:	80 95       	com	r24
     2d2:	98 2f       	mov	r25, r24
     2d4:	0e 94 3a 0b 	call	0x1674	; 0x1674 <__floatsisf>
     2d8:	9b 01       	movw	r18, r22
     2da:	ac 01       	movw	r20, r24
     2dc:	68 85       	ldd	r22, Y+8	; 0x08
     2de:	79 85       	ldd	r23, Y+9	; 0x09
     2e0:	8a 85       	ldd	r24, Y+10	; 0x0a
     2e2:	9b 85       	ldd	r25, Y+11	; 0x0b
     2e4:	0e 94 fe 09 	call	0x13fc	; 0x13fc <__divsf3>
     2e8:	e6 2f       	mov	r30, r22
     2ea:	69 2f       	mov	r22, r25
}
     2ec:	2e 2f       	mov	r18, r30
     2ee:	37 2f       	mov	r19, r23
     2f0:	48 2f       	mov	r20, r24
     2f2:	56 2f       	mov	r21, r22
     2f4:	b9 01       	movw	r22, r18
     2f6:	ca 01       	movw	r24, r20
     2f8:	df 91       	pop	r29
     2fa:	cf 91       	pop	r28
     2fc:	08 95       	ret

000002fe <HPF_Reset>:
    filter->kA1 = -filter->kA0;
    filter->kB1 = filter->kX;
    filter->init_flag = 0;
}

void HPF_Reset(HPF_t *filter) { filter->init_flag = 0; }
     2fe:	fc 01       	movw	r30, r24
     300:	10 8e       	std	Z+24, r1	; 0x18
     302:	08 95       	ret

00000304 <HPF_Process>:

float HPF_Process(HPF_t *filter, float val) {
     304:	af 92       	push	r10
     306:	bf 92       	push	r11
     308:	cf 92       	push	r12
     30a:	df 92       	push	r13
     30c:	ef 92       	push	r14
     30e:	ff 92       	push	r15
     310:	0f 93       	push	r16
     312:	1f 93       	push	r17
     314:	cf 93       	push	r28
     316:	df 93       	push	r29
     318:	ec 01       	movw	r28, r24
     31a:	5a 01       	movw	r10, r20
     31c:	6b 01       	movw	r12, r22
    if (filter->init_flag == 0) {
     31e:	88 8d       	ldd	r24, Y+24	; 0x18
     320:	88 23       	and	r24, r24
     322:	59 f4       	brne	.+22     	; 0x33a <HPF_Process+0x36>
        filter->last_filter_val = 0;
     324:	80 e0       	ldi	r24, 0x00	; 0
     326:	90 e0       	ldi	r25, 0x00	; 0
     328:	a0 e0       	ldi	r26, 0x00	; 0
     32a:	b0 e0       	ldi	r27, 0x00	; 0
     32c:	88 8b       	std	Y+16, r24	; 0x10
     32e:	99 8b       	std	Y+17, r25	; 0x11
     330:	aa 8b       	std	Y+18, r26	; 0x12
     332:	bb 8b       	std	Y+19, r27	; 0x13
        filter->init_flag = 1;
     334:	81 e0       	ldi	r24, 0x01	; 1
     336:	88 8f       	std	Y+24, r24	; 0x18
     338:	30 c0       	rjmp	.+96     	; 0x39a <HPF_Process+0x96>
    } else {
        filter->last_filter_val = filter->kA0 * val 
     33a:	cb 01       	movw	r24, r22
     33c:	ba 01       	movw	r22, r20
     33e:	2c 81       	ldd	r18, Y+4	; 0x04
     340:	3d 81       	ldd	r19, Y+5	; 0x05
     342:	4e 81       	ldd	r20, Y+6	; 0x06
     344:	5f 81       	ldd	r21, Y+7	; 0x07
     346:	0e 94 04 09 	call	0x1208	; 0x1208 <__mulsf3>
     34a:	7b 01       	movw	r14, r22
     34c:	8c 01       	movw	r16, r24
     34e:	68 85       	ldd	r22, Y+8	; 0x08
     350:	79 85       	ldd	r23, Y+9	; 0x09
     352:	8a 85       	ldd	r24, Y+10	; 0x0a
     354:	9b 85       	ldd	r25, Y+11	; 0x0b
     356:	2c 89       	ldd	r18, Y+20	; 0x14
     358:	3d 89       	ldd	r19, Y+21	; 0x15
     35a:	4e 89       	ldd	r20, Y+22	; 0x16
     35c:	5f 89       	ldd	r21, Y+23	; 0x17
     35e:	0e 94 04 09 	call	0x1208	; 0x1208 <__mulsf3>
     362:	9b 01       	movw	r18, r22
     364:	ac 01       	movw	r20, r24
     366:	c8 01       	movw	r24, r16
     368:	b7 01       	movw	r22, r14
     36a:	0e 94 d7 08 	call	0x11ae	; 0x11ae <__addsf3>
     36e:	7b 01       	movw	r14, r22
     370:	8c 01       	movw	r16, r24
     372:	6c 85       	ldd	r22, Y+12	; 0x0c
     374:	7d 85       	ldd	r23, Y+13	; 0x0d
     376:	8e 85       	ldd	r24, Y+14	; 0x0e
     378:	9f 85       	ldd	r25, Y+15	; 0x0f
     37a:	28 89       	ldd	r18, Y+16	; 0x10
     37c:	39 89       	ldd	r19, Y+17	; 0x11
     37e:	4a 89       	ldd	r20, Y+18	; 0x12
     380:	5b 89       	ldd	r21, Y+19	; 0x13
     382:	0e 94 04 09 	call	0x1208	; 0x1208 <__mulsf3>
     386:	9b 01       	movw	r18, r22
     388:	ac 01       	movw	r20, r24
     38a:	c8 01       	movw	r24, r16
     38c:	b7 01       	movw	r22, r14
     38e:	0e 94 d7 08 	call	0x11ae	; 0x11ae <__addsf3>
     392:	68 8b       	std	Y+16, r22	; 0x10
     394:	79 8b       	std	Y+17, r23	; 0x11
     396:	8a 8b       	std	Y+18, r24	; 0x12
     398:	9b 8b       	std	Y+19, r25	; 0x13
                                + filter->kA1 * filter->last_raw_val 
                                + filter->kB1 * filter->last_filter_val;
    }
    filter->last_raw_val = val;
     39a:	ac 8a       	std	Y+20, r10	; 0x14
     39c:	bd 8a       	std	Y+21, r11	; 0x15
     39e:	ce 8a       	std	Y+22, r12	; 0x16
     3a0:	df 8a       	std	Y+23, r13	; 0x17
    return filter->last_filter_val;
}
     3a2:	28 89       	ldd	r18, Y+16	; 0x10
     3a4:	39 89       	ldd	r19, Y+17	; 0x11
     3a6:	4a 89       	ldd	r20, Y+18	; 0x12
     3a8:	5b 89       	ldd	r21, Y+19	; 0x13
     3aa:	b9 01       	movw	r22, r18
     3ac:	ca 01       	movw	r24, r20
     3ae:	df 91       	pop	r29
     3b0:	cf 91       	pop	r28
     3b2:	1f 91       	pop	r17
     3b4:	0f 91       	pop	r16
     3b6:	ff 90       	pop	r15
     3b8:	ef 90       	pop	r14
     3ba:	df 90       	pop	r13
     3bc:	cf 90       	pop	r12
     3be:	bf 90       	pop	r11
     3c0:	af 90       	pop	r10
     3c2:	08 95       	ret

000003c4 <LPF_Reset>:
    filter->kA0 = 1.0 - kX;
    filter->kB1 = kX;
    filter->init_flag = 0;
}

void LPF_Reset(LPF_t *filter) { filter->init_flag = 0; }
     3c4:	fc 01       	movw	r30, r24
     3c6:	14 86       	std	Z+12, r1	; 0x0c
     3c8:	08 95       	ret

000003ca <LPF_Process>:

float LPF_Process(LPF_t *filter, float val) {
     3ca:	ef 92       	push	r14
     3cc:	ff 92       	push	r15
     3ce:	0f 93       	push	r16
     3d0:	1f 93       	push	r17
     3d2:	cf 93       	push	r28
     3d4:	df 93       	push	r29
     3d6:	ec 01       	movw	r28, r24
    if (filter->init_flag == 0) {
     3d8:	8c 85       	ldd	r24, Y+12	; 0x0c
     3da:	88 23       	and	r24, r24
     3dc:	39 f4       	brne	.+14     	; 0x3ec <LPF_Process+0x22>
        filter->last_val = val;
     3de:	48 87       	std	Y+8, r20	; 0x08
     3e0:	59 87       	std	Y+9, r21	; 0x09
     3e2:	6a 87       	std	Y+10, r22	; 0x0a
     3e4:	7b 87       	std	Y+11, r23	; 0x0b
        filter->init_flag = 1;
     3e6:	81 e0       	ldi	r24, 0x01	; 1
     3e8:	8c 87       	std	Y+12, r24	; 0x0c
     3ea:	1e c0       	rjmp	.+60     	; 0x428 <LPF_Process+0x5e>
    } else {
        filter->last_val = filter->kA0 * val + filter->kB1 * filter->last_val;
     3ec:	cb 01       	movw	r24, r22
     3ee:	ba 01       	movw	r22, r20
     3f0:	28 81       	ld	r18, Y
     3f2:	39 81       	ldd	r19, Y+1	; 0x01
     3f4:	4a 81       	ldd	r20, Y+2	; 0x02
     3f6:	5b 81       	ldd	r21, Y+3	; 0x03
     3f8:	0e 94 04 09 	call	0x1208	; 0x1208 <__mulsf3>
     3fc:	7b 01       	movw	r14, r22
     3fe:	8c 01       	movw	r16, r24
     400:	6c 81       	ldd	r22, Y+4	; 0x04
     402:	7d 81       	ldd	r23, Y+5	; 0x05
     404:	8e 81       	ldd	r24, Y+6	; 0x06
     406:	9f 81       	ldd	r25, Y+7	; 0x07
     408:	28 85       	ldd	r18, Y+8	; 0x08
     40a:	39 85       	ldd	r19, Y+9	; 0x09
     40c:	4a 85       	ldd	r20, Y+10	; 0x0a
     40e:	5b 85       	ldd	r21, Y+11	; 0x0b
     410:	0e 94 04 09 	call	0x1208	; 0x1208 <__mulsf3>
     414:	9b 01       	movw	r18, r22
     416:	ac 01       	movw	r20, r24
     418:	c8 01       	movw	r24, r16
     41a:	b7 01       	movw	r22, r14
     41c:	0e 94 d7 08 	call	0x11ae	; 0x11ae <__addsf3>
     420:	68 87       	std	Y+8, r22	; 0x08
     422:	79 87       	std	Y+9, r23	; 0x09
     424:	8a 87       	std	Y+10, r24	; 0x0a
     426:	9b 87       	std	Y+11, r25	; 0x0b
    }
    return filter->last_val;
}
     428:	28 85       	ldd	r18, Y+8	; 0x08
     42a:	39 85       	ldd	r19, Y+9	; 0x09
     42c:	4a 85       	ldd	r20, Y+10	; 0x0a
     42e:	5b 85       	ldd	r21, Y+11	; 0x0b
     430:	b9 01       	movw	r22, r18
     432:	ca 01       	movw	r24, r20
     434:	df 91       	pop	r29
     436:	cf 91       	pop	r28
     438:	1f 91       	pop	r17
     43a:	0f 91       	pop	r16
     43c:	ff 90       	pop	r15
     43e:	ef 90       	pop	r14
     440:	08 95       	ret

00000442 <Diff_Init>:
    float fs;
    float last_val;
    uint8_t init_flag;
} Diff_t;

void Diff_Init(Diff_t *diff, float fs) {
     442:	fc 01       	movw	r30, r24
    diff->fs = fs;
     444:	40 83       	st	Z, r20
     446:	51 83       	std	Z+1, r21	; 0x01
     448:	62 83       	std	Z+2, r22	; 0x02
     44a:	73 83       	std	Z+3, r23	; 0x03
    diff->init_flag = 0;
     44c:	10 86       	std	Z+8, r1	; 0x08
}
     44e:	08 95       	ret

00000450 <Diff_Reset>:

void Diff_Reset(Diff_t *diff) { diff->init_flag = 0; }
     450:	fc 01       	movw	r30, r24
     452:	10 86       	std	Z+8, r1	; 0x08
     454:	08 95       	ret

00000456 <Diff_Process>:

float Diff_Process(Diff_t *diff, float val) {
     456:	ef 92       	push	r14
     458:	ff 92       	push	r15
     45a:	0f 93       	push	r16
     45c:	1f 93       	push	r17
     45e:	cf 93       	push	r28
     460:	df 93       	push	r29
     462:	ec 01       	movw	r28, r24
     464:	7a 01       	movw	r14, r20
     466:	8b 01       	movw	r16, r22
    float output = 0;
    if (diff->init_flag == 1) {
     468:	88 85       	ldd	r24, Y+8	; 0x08
     46a:	81 30       	cpi	r24, 0x01	; 1
     46c:	89 f4       	brne	.+34     	; 0x490 <Diff_Process+0x3a>
        output = (val - diff->last_val) * diff->fs;
     46e:	cb 01       	movw	r24, r22
     470:	ba 01       	movw	r22, r20
     472:	2c 81       	ldd	r18, Y+4	; 0x04
     474:	3d 81       	ldd	r19, Y+5	; 0x05
     476:	4e 81       	ldd	r20, Y+6	; 0x06
     478:	5f 81       	ldd	r21, Y+7	; 0x07
     47a:	0e 94 a6 08 	call	0x114c	; 0x114c <__subsf3>
     47e:	28 81       	ld	r18, Y
     480:	39 81       	ldd	r19, Y+1	; 0x01
     482:	4a 81       	ldd	r20, Y+2	; 0x02
     484:	5b 81       	ldd	r21, Y+3	; 0x03
     486:	0e 94 04 09 	call	0x1208	; 0x1208 <__mulsf3>
     48a:	e6 2f       	mov	r30, r22
     48c:	69 2f       	mov	r22, r25
     48e:	06 c0       	rjmp	.+12     	; 0x49c <Diff_Process+0x46>
    } else {
        diff->init_flag = 1;
     490:	81 e0       	ldi	r24, 0x01	; 1
     492:	88 87       	std	Y+8, r24	; 0x08
     494:	e0 e0       	ldi	r30, 0x00	; 0
     496:	70 e0       	ldi	r23, 0x00	; 0
     498:	80 e0       	ldi	r24, 0x00	; 0
     49a:	60 e0       	ldi	r22, 0x00	; 0
    }
    diff->last_val = val;
     49c:	ec 82       	std	Y+4, r14	; 0x04
     49e:	fd 82       	std	Y+5, r15	; 0x05
     4a0:	0e 83       	std	Y+6, r16	; 0x06
     4a2:	1f 83       	std	Y+7, r17	; 0x07
    return output;
}
     4a4:	2e 2f       	mov	r18, r30
     4a6:	37 2f       	mov	r19, r23
     4a8:	48 2f       	mov	r20, r24
     4aa:	56 2f       	mov	r21, r22
     4ac:	b9 01       	movw	r22, r18
     4ae:	ca 01       	movw	r24, r20
     4b0:	df 91       	pop	r29
     4b2:	cf 91       	pop	r28
     4b4:	1f 91       	pop	r17
     4b6:	0f 91       	pop	r16
     4b8:	ff 90       	pop	r15
     4ba:	ef 90       	pop	r14
     4bc:	08 95       	ret

000004be <WriteReg>:
// =================================================================
#define MAX30102_ADDR_W 0xAE
#define MAX30102_ADDR_R 0xAF
#define REG_FIFO_DATA   0x07

void WriteReg(uint8_t r, uint8_t v) {
     4be:	98 2f       	mov	r25, r24
    TWSR = 0x00; 
    TWBR = 12; // 400kHz @ 16MHz
}

void TWI_start(void) {
    TWCR = (1 << TWINT) | (1 << TWSTA) | (1 << TWEN);
     4c0:	84 ea       	ldi	r24, 0xA4	; 164
     4c2:	80 93 74 00 	sts	0x0074, r24
    while (!(TWCR & (1 << TWINT)));
     4c6:	80 91 74 00 	lds	r24, 0x0074
     4ca:	87 ff       	sbrs	r24, 7
     4cc:	fc cf       	rjmp	.-8      	; 0x4c6 <WriteReg+0x8>
void TWI_stop(void) {
    TWCR = (1 << TWINT) | (1 << TWSTO) | (1 << TWEN);
}

void TWI_write(uint8_t data) {
    TWDR = data;
     4ce:	8e ea       	ldi	r24, 0xAE	; 174
     4d0:	80 93 73 00 	sts	0x0073, r24
    TWCR = (1 << TWINT) | (1 << TWEN);
     4d4:	84 e8       	ldi	r24, 0x84	; 132
     4d6:	80 93 74 00 	sts	0x0074, r24
    while (!(TWCR & (1 << TWINT)));
     4da:	80 91 74 00 	lds	r24, 0x0074
     4de:	87 ff       	sbrs	r24, 7
     4e0:	fc cf       	rjmp	.-8      	; 0x4da <WriteReg+0x1c>
void TWI_stop(void) {
    TWCR = (1 << TWINT) | (1 << TWSTO) | (1 << TWEN);
}

void TWI_write(uint8_t data) {
    TWDR = data;
     4e2:	90 93 73 00 	sts	0x0073, r25
    TWCR = (1 << TWINT) | (1 << TWEN);
     4e6:	84 e8       	ldi	r24, 0x84	; 132
     4e8:	80 93 74 00 	sts	0x0074, r24
    while (!(TWCR & (1 << TWINT)));
     4ec:	80 91 74 00 	lds	r24, 0x0074
     4f0:	87 ff       	sbrs	r24, 7
     4f2:	fc cf       	rjmp	.-8      	; 0x4ec <WriteReg+0x2e>
void TWI_stop(void) {
    TWCR = (1 << TWINT) | (1 << TWSTO) | (1 << TWEN);
}

void TWI_write(uint8_t data) {
    TWDR = data;
     4f4:	60 93 73 00 	sts	0x0073, r22
    TWCR = (1 << TWINT) | (1 << TWEN);
     4f8:	84 e8       	ldi	r24, 0x84	; 132
     4fa:	80 93 74 00 	sts	0x0074, r24
    while (!(TWCR & (1 << TWINT)));
     4fe:	80 91 74 00 	lds	r24, 0x0074
     502:	87 ff       	sbrs	r24, 7
     504:	fc cf       	rjmp	.-8      	; 0x4fe <WriteReg+0x40>
    TWCR = (1 << TWINT) | (1 << TWSTA) | (1 << TWEN);
    while (!(TWCR & (1 << TWINT)));
}

void TWI_stop(void) {
    TWCR = (1 << TWINT) | (1 << TWSTO) | (1 << TWEN);
     506:	84 e9       	ldi	r24, 0x94	; 148
     508:	80 93 74 00 	sts	0x0074, r24
#define MAX30102_ADDR_R 0xAF
#define REG_FIFO_DATA   0x07

void WriteReg(uint8_t r, uint8_t v) {
    TWI_start(); TWI_write(MAX30102_ADDR_W); TWI_write(r); TWI_write(v); TWI_stop();
}
     50c:	08 95       	ret

0000050e <MAX30102_Init_400Hz>:

void MAX30102_Init_400Hz() {
    WriteReg(0x09, 0x40); _delay_ms(100); // Reset
     50e:	89 e0       	ldi	r24, 0x09	; 9
     510:	60 e4       	ldi	r22, 0x40	; 64
     512:	0e 94 5f 02 	call	0x4be	; 0x4be <WriteReg>
     516:	88 ee       	ldi	r24, 0xE8	; 232
     518:	93 e0       	ldi	r25, 0x03	; 3
    milliseconds can be achieved.
 */
void
_delay_loop_2(uint16_t __count)
{
	__asm__ volatile (
     51a:	20 e9       	ldi	r18, 0x90	; 144
     51c:	31 e0       	ldi	r19, 0x01	; 1
     51e:	f9 01       	movw	r30, r18
     520:	31 97       	sbiw	r30, 0x01	; 1
     522:	f1 f7       	brne	.-4      	; 0x520 <MAX30102_Init_400Hz+0x12>
		__ticks = (uint16_t) (__ms * 10.0);
		while(__ticks)
		{
			// wait 1/10 ms
			_delay_loop_2(((F_CPU) / 4e3) / 10);
			__ticks --;
     524:	01 97       	sbiw	r24, 0x01	; 1
		__ticks = 1;
	else if (__tmp > 65535)
	{
		//	__ticks = requested delay in 1/10 ms
		__ticks = (uint16_t) (__ms * 10.0);
		while(__ticks)
     526:	d9 f7       	brne	.-10     	; 0x51e <MAX30102_Init_400Hz+0x10>
    WriteReg(0x02, 0xC0); // Interrupt Enable
     528:	82 e0       	ldi	r24, 0x02	; 2
     52a:	60 ec       	ldi	r22, 0xC0	; 192
     52c:	0e 94 5f 02 	call	0x4be	; 0x4be <WriteReg>
    WriteReg(0x08, 0x50); // FIFO Config: Avg 4
     530:	88 e0       	ldi	r24, 0x08	; 8
     532:	60 e5       	ldi	r22, 0x50	; 80
     534:	0e 94 5f 02 	call	0x4be	; 0x4be <WriteReg>
    // SpO2 Config: Range 4096nA(01), 400Hz(011), 411us(11) -> 0x2F
    WriteReg(0x0A, 0x2F); 
     538:	8a e0       	ldi	r24, 0x0A	; 10
     53a:	6f e2       	ldi	r22, 0x2F	; 47
     53c:	0e 94 5f 02 	call	0x4be	; 0x4be <WriteReg>
    WriteReg(0x0C, 0x24); // LED1 PA
     540:	8c e0       	ldi	r24, 0x0C	; 12
     542:	64 e2       	ldi	r22, 0x24	; 36
     544:	0e 94 5f 02 	call	0x4be	; 0x4be <WriteReg>
    WriteReg(0x0D, 0x24); // LED2 PA
     548:	8d e0       	ldi	r24, 0x0D	; 13
     54a:	64 e2       	ldi	r22, 0x24	; 36
     54c:	0e 94 5f 02 	call	0x4be	; 0x4be <WriteReg>
    WriteReg(0x09, 0x03); // Mode: SpO2
     550:	89 e0       	ldi	r24, 0x09	; 9
     552:	63 e0       	ldi	r22, 0x03	; 3
     554:	0e 94 5f 02 	call	0x4be	; 0x4be <WriteReg>
}
     558:	08 95       	ret

0000055a <ReadFIFO>:

void ReadFIFO(uint32_t *r, uint32_t *ir) {
     55a:	ef 92       	push	r14
     55c:	ff 92       	push	r15
     55e:	0f 93       	push	r16
     560:	1f 93       	push	r17
     562:	df 93       	push	r29
     564:	cf 93       	push	r28
     566:	00 d0       	rcall	.+0      	; 0x568 <ReadFIFO+0xe>
     568:	00 d0       	rcall	.+0      	; 0x56a <ReadFIFO+0x10>
     56a:	00 d0       	rcall	.+0      	; 0x56c <ReadFIFO+0x12>
     56c:	cd b7       	in	r28, 0x3d	; 61
     56e:	de b7       	in	r29, 0x3e	; 62
     570:	8c 01       	movw	r16, r24
    TWSR = 0x00; 
    TWBR = 12; // 400kHz @ 16MHz
}

void TWI_start(void) {
    TWCR = (1 << TWINT) | (1 << TWSTA) | (1 << TWEN);
     572:	84 ea       	ldi	r24, 0xA4	; 164
     574:	80 93 74 00 	sts	0x0074, r24
    while (!(TWCR & (1 << TWINT)));
     578:	80 91 74 00 	lds	r24, 0x0074
     57c:	87 ff       	sbrs	r24, 7
     57e:	fc cf       	rjmp	.-8      	; 0x578 <ReadFIFO+0x1e>
void TWI_stop(void) {
    TWCR = (1 << TWINT) | (1 << TWSTO) | (1 << TWEN);
}

void TWI_write(uint8_t data) {
    TWDR = data;
     580:	8e ea       	ldi	r24, 0xAE	; 174
     582:	80 93 73 00 	sts	0x0073, r24
    TWCR = (1 << TWINT) | (1 << TWEN);
     586:	84 e8       	ldi	r24, 0x84	; 132
     588:	80 93 74 00 	sts	0x0074, r24
    while (!(TWCR & (1 << TWINT)));
     58c:	80 91 74 00 	lds	r24, 0x0074
     590:	87 ff       	sbrs	r24, 7
     592:	fc cf       	rjmp	.-8      	; 0x58c <ReadFIFO+0x32>
void TWI_stop(void) {
    TWCR = (1 << TWINT) | (1 << TWSTO) | (1 << TWEN);
}

void TWI_write(uint8_t data) {
    TWDR = data;
     594:	87 e0       	ldi	r24, 0x07	; 7
     596:	80 93 73 00 	sts	0x0073, r24
    TWCR = (1 << TWINT) | (1 << TWEN);
     59a:	84 e8       	ldi	r24, 0x84	; 132
     59c:	80 93 74 00 	sts	0x0074, r24
    while (!(TWCR & (1 << TWINT)));
     5a0:	80 91 74 00 	lds	r24, 0x0074
     5a4:	87 ff       	sbrs	r24, 7
     5a6:	fc cf       	rjmp	.-8      	; 0x5a0 <ReadFIFO+0x46>
    TWSR = 0x00; 
    TWBR = 12; // 400kHz @ 16MHz
}

void TWI_start(void) {
    TWCR = (1 << TWINT) | (1 << TWSTA) | (1 << TWEN);
     5a8:	84 ea       	ldi	r24, 0xA4	; 164
     5aa:	80 93 74 00 	sts	0x0074, r24
    while (!(TWCR & (1 << TWINT)));
     5ae:	80 91 74 00 	lds	r24, 0x0074
     5b2:	87 ff       	sbrs	r24, 7
     5b4:	fc cf       	rjmp	.-8      	; 0x5ae <ReadFIFO+0x54>
void TWI_stop(void) {
    TWCR = (1 << TWINT) | (1 << TWSTO) | (1 << TWEN);
}

void TWI_write(uint8_t data) {
    TWDR = data;
     5b6:	8f ea       	ldi	r24, 0xAF	; 175
     5b8:	80 93 73 00 	sts	0x0073, r24
    TWCR = (1 << TWINT) | (1 << TWEN);
     5bc:	84 e8       	ldi	r24, 0x84	; 132
     5be:	80 93 74 00 	sts	0x0074, r24
    while (!(TWCR & (1 << TWINT)));
     5c2:	80 91 74 00 	lds	r24, 0x0074
     5c6:	87 ff       	sbrs	r24, 7
     5c8:	fc cf       	rjmp	.-8      	; 0x5c2 <ReadFIFO+0x68>
     5ca:	fe 01       	movw	r30, r28
     5cc:	31 96       	adiw	r30, 0x01	; 1
}

uint8_t TWI_read_ack(void) {
    TWCR = (1 << TWINT) | (1 << TWEN) | (1 << TWEA);
     5ce:	94 ec       	ldi	r25, 0xC4	; 196
void ReadFIFO(uint32_t *r, uint32_t *ir) {
    uint8_t t[6];
    uint8_t i;
    TWI_start(); TWI_write(MAX30102_ADDR_W); TWI_write(REG_FIFO_DATA);
    TWI_start(); TWI_write(MAX30102_ADDR_R);
    for(i=0; i<5; i++) t[i]=TWI_read_ack();
     5d0:	9e 01       	movw	r18, r28
     5d2:	2a 5f       	subi	r18, 0xFA	; 250
     5d4:	3f 4f       	sbci	r19, 0xFF	; 255
    TWCR = (1 << TWINT) | (1 << TWEN);
    while (!(TWCR & (1 << TWINT)));
}

uint8_t TWI_read_ack(void) {
    TWCR = (1 << TWINT) | (1 << TWEN) | (1 << TWEA);
     5d6:	90 93 74 00 	sts	0x0074, r25
    while (!(TWCR & (1 << TWINT)));
     5da:	80 91 74 00 	lds	r24, 0x0074
     5de:	87 ff       	sbrs	r24, 7
     5e0:	fc cf       	rjmp	.-8      	; 0x5da <ReadFIFO+0x80>
    return TWDR;
     5e2:	80 91 73 00 	lds	r24, 0x0073
void ReadFIFO(uint32_t *r, uint32_t *ir) {
    uint8_t t[6];
    uint8_t i;
    TWI_start(); TWI_write(MAX30102_ADDR_W); TWI_write(REG_FIFO_DATA);
    TWI_start(); TWI_write(MAX30102_ADDR_R);
    for(i=0; i<5; i++) t[i]=TWI_read_ack();
     5e6:	81 93       	st	Z+, r24
     5e8:	e2 17       	cp	r30, r18
     5ea:	f3 07       	cpc	r31, r19
     5ec:	a1 f7       	brne	.-24     	; 0x5d6 <ReadFIFO+0x7c>
    while (!(TWCR & (1 << TWINT)));
    return TWDR;
}

uint8_t TWI_read_nack(void) {
    TWCR = (1 << TWINT) | (1 << TWEN);
     5ee:	84 e8       	ldi	r24, 0x84	; 132
     5f0:	80 93 74 00 	sts	0x0074, r24
    while (!(TWCR & (1 << TWINT)));
     5f4:	80 91 74 00 	lds	r24, 0x0074
     5f8:	87 ff       	sbrs	r24, 7
     5fa:	fc cf       	rjmp	.-8      	; 0x5f4 <ReadFIFO+0x9a>
    return TWDR;
     5fc:	e0 90 73 00 	lds	r14, 0x0073
    TWCR = (1 << TWINT) | (1 << TWSTA) | (1 << TWEN);
    while (!(TWCR & (1 << TWINT)));
}

void TWI_stop(void) {
    TWCR = (1 << TWINT) | (1 << TWSTO) | (1 << TWEN);
     600:	84 e9       	ldi	r24, 0x94	; 148
     602:	80 93 74 00 	sts	0x0074, r24
    TWI_start(); TWI_write(MAX30102_ADDR_W); TWI_write(REG_FIFO_DATA);
    TWI_start(); TWI_write(MAX30102_ADDR_R);
    for(i=0; i<5; i++) t[i]=TWI_read_ack();
    t[5]=TWI_read_nack();
    TWI_stop();
    *r = ((uint32_t)t[0]<<16 | (uint32_t)t[1]<<8 | t[2]) & 0x3FFFF;
     606:	29 81       	ldd	r18, Y+1	; 0x01
     608:	30 e0       	ldi	r19, 0x00	; 0
     60a:	40 e0       	ldi	r20, 0x00	; 0
     60c:	50 e0       	ldi	r21, 0x00	; 0
     60e:	a9 01       	movw	r20, r18
     610:	33 27       	eor	r19, r19
     612:	22 27       	eor	r18, r18
     614:	8a 81       	ldd	r24, Y+2	; 0x02
     616:	90 e0       	ldi	r25, 0x00	; 0
     618:	a0 e0       	ldi	r26, 0x00	; 0
     61a:	b0 e0       	ldi	r27, 0x00	; 0
     61c:	ba 2f       	mov	r27, r26
     61e:	a9 2f       	mov	r26, r25
     620:	98 2f       	mov	r25, r24
     622:	88 27       	eor	r24, r24
     624:	28 2b       	or	r18, r24
     626:	39 2b       	or	r19, r25
     628:	4a 2b       	or	r20, r26
     62a:	5b 2b       	or	r21, r27
     62c:	8b 81       	ldd	r24, Y+3	; 0x03
     62e:	90 e0       	ldi	r25, 0x00	; 0
     630:	a0 e0       	ldi	r26, 0x00	; 0
     632:	b0 e0       	ldi	r27, 0x00	; 0
     634:	28 2b       	or	r18, r24
     636:	39 2b       	or	r19, r25
     638:	4a 2b       	or	r20, r26
     63a:	5b 2b       	or	r21, r27
     63c:	43 70       	andi	r20, 0x03	; 3
     63e:	50 70       	andi	r21, 0x00	; 0
     640:	f8 01       	movw	r30, r16
     642:	20 83       	st	Z, r18
     644:	31 83       	std	Z+1, r19	; 0x01
     646:	42 83       	std	Z+2, r20	; 0x02
     648:	53 83       	std	Z+3, r21	; 0x03
    *ir= ((uint32_t)t[3]<<16 | (uint32_t)t[4]<<8 | t[5]) & 0x3FFFF;
     64a:	2c 81       	ldd	r18, Y+4	; 0x04
     64c:	30 e0       	ldi	r19, 0x00	; 0
     64e:	40 e0       	ldi	r20, 0x00	; 0
     650:	50 e0       	ldi	r21, 0x00	; 0
     652:	a9 01       	movw	r20, r18
     654:	33 27       	eor	r19, r19
     656:	22 27       	eor	r18, r18
     658:	8d 81       	ldd	r24, Y+5	; 0x05
     65a:	90 e0       	ldi	r25, 0x00	; 0
     65c:	a0 e0       	ldi	r26, 0x00	; 0
     65e:	b0 e0       	ldi	r27, 0x00	; 0
     660:	ba 2f       	mov	r27, r26
     662:	a9 2f       	mov	r26, r25
     664:	98 2f       	mov	r25, r24
     666:	88 27       	eor	r24, r24
     668:	28 2b       	or	r18, r24
     66a:	39 2b       	or	r19, r25
     66c:	4a 2b       	or	r20, r26
     66e:	5b 2b       	or	r21, r27
     670:	ff 24       	eor	r15, r15
     672:	00 e0       	ldi	r16, 0x00	; 0
     674:	10 e0       	ldi	r17, 0x00	; 0
     676:	2e 29       	or	r18, r14
     678:	3f 29       	or	r19, r15
     67a:	40 2b       	or	r20, r16
     67c:	51 2b       	or	r21, r17
     67e:	43 70       	andi	r20, 0x03	; 3
     680:	50 70       	andi	r21, 0x00	; 0
     682:	fb 01       	movw	r30, r22
     684:	20 83       	st	Z, r18
     686:	31 83       	std	Z+1, r19	; 0x01
     688:	42 83       	std	Z+2, r20	; 0x02
     68a:	53 83       	std	Z+3, r21	; 0x03
}
     68c:	26 96       	adiw	r28, 0x06	; 6
     68e:	0f b6       	in	r0, 0x3f	; 63
     690:	f8 94       	cli
     692:	de bf       	out	0x3e, r29	; 62
     694:	0f be       	out	0x3f, r0	; 63
     696:	cd bf       	out	0x3d, r28	; 61
     698:	cf 91       	pop	r28
     69a:	df 91       	pop	r29
     69c:	1f 91       	pop	r17
     69e:	0f 91       	pop	r16
     6a0:	ff 90       	pop	r15
     6a2:	ef 90       	pop	r14
     6a4:	08 95       	ret

000006a6 <Reset_All_Filters>:
uint8_t finger_detected = 0;
float last_diff = 0;
uint8_t crossed = 0;
long crossed_time = 0;

void Reset_All_Filters() {
     6a6:	ef 92       	push	r14
     6a8:	ff 92       	push	r15
     6aa:	0f 93       	push	r16
     6ac:	1f 93       	push	r17
    filter->kA0 = 1.0 - kX;
    filter->kB1 = kX;
    filter->init_flag = 0;
}

void LPF_Reset(LPF_t *filter) { filter->init_flag = 0; }
     6ae:	10 92 b0 02 	sts	0x02B0, r1
    filter->kA1 = -filter->kA0;
    filter->kB1 = filter->kX;
    filter->init_flag = 0;
}

void HPF_Reset(HPF_t *filter) { filter->init_flag = 0; }
     6b2:	10 92 bd 02 	sts	0x02BD, r1
     6b6:	10 92 df 02 	sts	0x02DF, r1
void Diff_Init(Diff_t *diff, float fs) {
    diff->fs = fs;
    diff->init_flag = 0;
}

void Diff_Reset(Diff_t *diff) { diff->init_flag = 0; }
     6ba:	10 92 c6 02 	sts	0x02C6, r1
    float sum_val;
    int count;
} Stat_t;

void Stat_Reset(Stat_t *stat) {
    stat->min_val = 1000000.0;
     6be:	0f 2e       	mov	r0, r31
     6c0:	f0 e0       	ldi	r31, 0x00	; 0
     6c2:	ef 2e       	mov	r14, r31
     6c4:	f4 e2       	ldi	r31, 0x24	; 36
     6c6:	ff 2e       	mov	r15, r31
     6c8:	f4 e7       	ldi	r31, 0x74	; 116
     6ca:	0f 2f       	mov	r16, r31
     6cc:	f9 e4       	ldi	r31, 0x49	; 73
     6ce:	1f 2f       	mov	r17, r31
     6d0:	f0 2d       	mov	r31, r0
     6d2:	e0 92 ee 02 	sts	0x02EE, r14
     6d6:	f0 92 ef 02 	sts	0x02EF, r15
     6da:	00 93 f0 02 	sts	0x02F0, r16
     6de:	10 93 f1 02 	sts	0x02F1, r17
    stat->max_val = -1000000.0;
     6e2:	20 e0       	ldi	r18, 0x00	; 0
     6e4:	34 e2       	ldi	r19, 0x24	; 36
     6e6:	44 e7       	ldi	r20, 0x74	; 116
     6e8:	59 ec       	ldi	r21, 0xC9	; 201
     6ea:	20 93 f2 02 	sts	0x02F2, r18
     6ee:	30 93 f3 02 	sts	0x02F3, r19
     6f2:	40 93 f4 02 	sts	0x02F4, r20
     6f6:	50 93 f5 02 	sts	0x02F5, r21
    stat->sum_val = 0;
     6fa:	80 e0       	ldi	r24, 0x00	; 0
     6fc:	90 e0       	ldi	r25, 0x00	; 0
     6fe:	a0 e0       	ldi	r26, 0x00	; 0
     700:	b0 e0       	ldi	r27, 0x00	; 0
     702:	80 93 f6 02 	sts	0x02F6, r24
     706:	90 93 f7 02 	sts	0x02F7, r25
     70a:	a0 93 f8 02 	sts	0x02F8, r26
     70e:	b0 93 f9 02 	sts	0x02F9, r27
    stat->count = 0;
     712:	10 92 fb 02 	sts	0x02FB, r1
     716:	10 92 fa 02 	sts	0x02FA, r1
    float sum_val;
    int count;
} Stat_t;

void Stat_Reset(Stat_t *stat) {
    stat->min_val = 1000000.0;
     71a:	e0 92 e0 02 	sts	0x02E0, r14
     71e:	f0 92 e1 02 	sts	0x02E1, r15
     722:	00 93 e2 02 	sts	0x02E2, r16
     726:	10 93 e3 02 	sts	0x02E3, r17
    stat->max_val = -1000000.0;
     72a:	20 93 e4 02 	sts	0x02E4, r18
     72e:	30 93 e5 02 	sts	0x02E5, r19
     732:	40 93 e6 02 	sts	0x02E6, r20
     736:	50 93 e7 02 	sts	0x02E7, r21
    stat->sum_val = 0;
     73a:	80 93 e8 02 	sts	0x02E8, r24
     73e:	90 93 e9 02 	sts	0x02E9, r25
     742:	a0 93 ea 02 	sts	0x02EA, r26
     746:	b0 93 eb 02 	sts	0x02EB, r27
    stat->count = 0;
     74a:	10 92 ed 02 	sts	0x02ED, r1
     74e:	10 92 ec 02 	sts	0x02EC, r1
    LPF_Reset(&lpf_ir);
    HPF_Reset(&hpf_red);
    Diff_Reset(&diff_red);
    Stat_Reset(&stat_red);
    Stat_Reset(&stat_ir);
    finger_detected = 0;
     752:	10 92 9a 02 	sts	0x029A, r1
    millis_counter++;
}

unsigned long millis(void) {
    unsigned long m;
    uint8_t oldSREG = SREG;
     756:	2f b7       	in	r18, 0x3f	; 63
    cli(); // Disable interrupts
     758:	f8 94       	cli
    m = millis_counter;
     75a:	80 91 8e 02 	lds	r24, 0x028E
     75e:	90 91 8f 02 	lds	r25, 0x028F
     762:	a0 91 90 02 	lds	r26, 0x0290
     766:	b0 91 91 02 	lds	r27, 0x0291
    SREG = oldSREG; // Restore interrupts
     76a:	2f bf       	out	0x3f, r18	; 63
    HPF_Reset(&hpf_red);
    Diff_Reset(&diff_red);
    Stat_Reset(&stat_red);
    Stat_Reset(&stat_ir);
    finger_detected = 0;
    finger_timestamp = millis();
     76c:	80 93 96 02 	sts	0x0296, r24
     770:	90 93 97 02 	sts	0x0297, r25
     774:	a0 93 98 02 	sts	0x0298, r26
     778:	b0 93 99 02 	sts	0x0299, r27
}
     77c:	1f 91       	pop	r17
     77e:	0f 91       	pop	r16
     780:	ff 90       	pop	r15
     782:	ef 90       	pop	r14
     784:	08 95       	ret

00000786 <LPF_Init>:
    float kA0, kB1;
    float last_val;
    uint8_t init_flag;
} LPF_t;

void LPF_Init(LPF_t *filter, float cutoff, float fs) {
     786:	6f 92       	push	r6
     788:	7f 92       	push	r7
     78a:	8f 92       	push	r8
     78c:	9f 92       	push	r9
     78e:	af 92       	push	r10
     790:	bf 92       	push	r11
     792:	cf 92       	push	r12
     794:	df 92       	push	r13
     796:	ef 92       	push	r14
     798:	ff 92       	push	r15
     79a:	0f 93       	push	r16
     79c:	1f 93       	push	r17
     79e:	3c 01       	movw	r6, r24
     7a0:	6a 01       	movw	r12, r20
     7a2:	7b 01       	movw	r14, r22
     7a4:	48 01       	movw	r8, r16
     7a6:	59 01       	movw	r10, r18
    float samples = fs / (cutoff * 2 * PI);
    float kX = exp(-1.0/samples);
     7a8:	cb 01       	movw	r24, r22
     7aa:	ba 01       	movw	r22, r20
     7ac:	a7 01       	movw	r20, r14
     7ae:	96 01       	movw	r18, r12
     7b0:	0e 94 d7 08 	call	0x11ae	; 0x11ae <__addsf3>
     7b4:	2b ed       	ldi	r18, 0xDB	; 219
     7b6:	3f e0       	ldi	r19, 0x0F	; 15
     7b8:	49 e4       	ldi	r20, 0x49	; 73
     7ba:	50 e4       	ldi	r21, 0x40	; 64
     7bc:	0e 94 04 09 	call	0x1208	; 0x1208 <__mulsf3>
     7c0:	9b 01       	movw	r18, r22
     7c2:	ac 01       	movw	r20, r24
     7c4:	c5 01       	movw	r24, r10
     7c6:	b4 01       	movw	r22, r8
     7c8:	0e 94 fe 09 	call	0x13fc	; 0x13fc <__divsf3>
     7cc:	9b 01       	movw	r18, r22
     7ce:	ac 01       	movw	r20, r24
     7d0:	60 e0       	ldi	r22, 0x00	; 0
     7d2:	70 e0       	ldi	r23, 0x00	; 0
     7d4:	80 e8       	ldi	r24, 0x80	; 128
     7d6:	9f eb       	ldi	r25, 0xBF	; 191
     7d8:	0e 94 fe 09 	call	0x13fc	; 0x13fc <__divsf3>
     7dc:	0e 94 1a 0f 	call	0x1e34	; 0x1e34 <exp>
     7e0:	7b 01       	movw	r14, r22
     7e2:	8c 01       	movw	r16, r24
    filter->kA0 = 1.0 - kX;
     7e4:	60 e0       	ldi	r22, 0x00	; 0
     7e6:	70 e0       	ldi	r23, 0x00	; 0
     7e8:	80 e8       	ldi	r24, 0x80	; 128
     7ea:	9f e3       	ldi	r25, 0x3F	; 63
     7ec:	a8 01       	movw	r20, r16
     7ee:	97 01       	movw	r18, r14
     7f0:	0e 94 a6 08 	call	0x114c	; 0x114c <__subsf3>
     7f4:	f3 01       	movw	r30, r6
     7f6:	60 83       	st	Z, r22
     7f8:	71 83       	std	Z+1, r23	; 0x01
     7fa:	82 83       	std	Z+2, r24	; 0x02
     7fc:	93 83       	std	Z+3, r25	; 0x03
    filter->kB1 = kX;
     7fe:	e4 82       	std	Z+4, r14	; 0x04
     800:	f5 82       	std	Z+5, r15	; 0x05
     802:	06 83       	std	Z+6, r16	; 0x06
     804:	17 83       	std	Z+7, r17	; 0x07
    filter->init_flag = 0;
     806:	14 86       	std	Z+12, r1	; 0x0c
}
     808:	1f 91       	pop	r17
     80a:	0f 91       	pop	r16
     80c:	ff 90       	pop	r15
     80e:	ef 90       	pop	r14
     810:	df 90       	pop	r13
     812:	cf 90       	pop	r12
     814:	bf 90       	pop	r11
     816:	af 90       	pop	r10
     818:	9f 90       	pop	r9
     81a:	8f 90       	pop	r8
     81c:	7f 90       	pop	r7
     81e:	6f 90       	pop	r6
     820:	08 95       	ret

00000822 <HPF_Init>:
    float last_filter_val;
    float last_raw_val;
    uint8_t init_flag;
} HPF_t;

void HPF_Init(HPF_t *filter, float cutoff, float fs) {
     822:	6f 92       	push	r6
     824:	7f 92       	push	r7
     826:	8f 92       	push	r8
     828:	9f 92       	push	r9
     82a:	af 92       	push	r10
     82c:	bf 92       	push	r11
     82e:	cf 92       	push	r12
     830:	df 92       	push	r13
     832:	ef 92       	push	r14
     834:	ff 92       	push	r15
     836:	0f 93       	push	r16
     838:	1f 93       	push	r17
     83a:	3c 01       	movw	r6, r24
     83c:	6a 01       	movw	r12, r20
     83e:	7b 01       	movw	r14, r22
     840:	48 01       	movw	r8, r16
     842:	59 01       	movw	r10, r18
    float samples = fs / (cutoff * 2 * PI);
    filter->kX = exp(-1.0/samples);
     844:	cb 01       	movw	r24, r22
     846:	ba 01       	movw	r22, r20
     848:	a7 01       	movw	r20, r14
     84a:	96 01       	movw	r18, r12
     84c:	0e 94 d7 08 	call	0x11ae	; 0x11ae <__addsf3>
     850:	2b ed       	ldi	r18, 0xDB	; 219
     852:	3f e0       	ldi	r19, 0x0F	; 15
     854:	49 e4       	ldi	r20, 0x49	; 73
     856:	50 e4       	ldi	r21, 0x40	; 64
     858:	0e 94 04 09 	call	0x1208	; 0x1208 <__mulsf3>
     85c:	9b 01       	movw	r18, r22
     85e:	ac 01       	movw	r20, r24
     860:	c5 01       	movw	r24, r10
     862:	b4 01       	movw	r22, r8
     864:	0e 94 fe 09 	call	0x13fc	; 0x13fc <__divsf3>
     868:	9b 01       	movw	r18, r22
     86a:	ac 01       	movw	r20, r24
     86c:	60 e0       	ldi	r22, 0x00	; 0
     86e:	70 e0       	ldi	r23, 0x00	; 0
     870:	80 e8       	ldi	r24, 0x80	; 128
     872:	9f eb       	ldi	r25, 0xBF	; 191
     874:	0e 94 fe 09 	call	0x13fc	; 0x13fc <__divsf3>
     878:	0e 94 1a 0f 	call	0x1e34	; 0x1e34 <exp>
     87c:	7b 01       	movw	r14, r22
     87e:	8c 01       	movw	r16, r24
     880:	f3 01       	movw	r30, r6
     882:	60 83       	st	Z, r22
     884:	71 83       	std	Z+1, r23	; 0x01
     886:	82 83       	std	Z+2, r24	; 0x02
     888:	93 83       	std	Z+3, r25	; 0x03
    filter->kA0 = (1.0 + filter->kX) / 2.0;
     88a:	20 e0       	ldi	r18, 0x00	; 0
     88c:	30 e0       	ldi	r19, 0x00	; 0
     88e:	40 e8       	ldi	r20, 0x80	; 128
     890:	5f e3       	ldi	r21, 0x3F	; 63
     892:	0e 94 d7 08 	call	0x11ae	; 0x11ae <__addsf3>
     896:	20 e0       	ldi	r18, 0x00	; 0
     898:	30 e0       	ldi	r19, 0x00	; 0
     89a:	40 e0       	ldi	r20, 0x00	; 0
     89c:	5f e3       	ldi	r21, 0x3F	; 63
     89e:	0e 94 04 09 	call	0x1208	; 0x1208 <__mulsf3>
     8a2:	f3 01       	movw	r30, r6
     8a4:	64 83       	std	Z+4, r22	; 0x04
     8a6:	75 83       	std	Z+5, r23	; 0x05
     8a8:	86 83       	std	Z+6, r24	; 0x06
     8aa:	97 83       	std	Z+7, r25	; 0x07
    filter->kA1 = -filter->kA0;
     8ac:	90 58       	subi	r25, 0x80	; 128
     8ae:	60 87       	std	Z+8, r22	; 0x08
     8b0:	71 87       	std	Z+9, r23	; 0x09
     8b2:	82 87       	std	Z+10, r24	; 0x0a
     8b4:	93 87       	std	Z+11, r25	; 0x0b
    filter->kB1 = filter->kX;
     8b6:	e4 86       	std	Z+12, r14	; 0x0c
     8b8:	f5 86       	std	Z+13, r15	; 0x0d
     8ba:	06 87       	std	Z+14, r16	; 0x0e
     8bc:	17 87       	std	Z+15, r17	; 0x0f
    filter->init_flag = 0;
     8be:	10 8e       	std	Z+24, r1	; 0x18
}
     8c0:	1f 91       	pop	r17
     8c2:	0f 91       	pop	r16
     8c4:	ff 90       	pop	r15
     8c6:	ef 90       	pop	r14
     8c8:	df 90       	pop	r13
     8ca:	cf 90       	pop	r12
     8cc:	bf 90       	pop	r11
     8ce:	af 90       	pop	r10
     8d0:	9f 90       	pop	r9
     8d2:	8f 90       	pop	r8
     8d4:	7f 90       	pop	r7
     8d6:	6f 90       	pop	r6
     8d8:	08 95       	ret

000008da <main>:
}

// =================================================================
// [7] Main Function
// =================================================================
int main(void) {
     8da:	2f 92       	push	r2
     8dc:	3f 92       	push	r3
     8de:	4f 92       	push	r4
     8e0:	5f 92       	push	r5
     8e2:	6f 92       	push	r6
     8e4:	7f 92       	push	r7
     8e6:	8f 92       	push	r8
     8e8:	9f 92       	push	r9
     8ea:	af 92       	push	r10
     8ec:	bf 92       	push	r11
     8ee:	cf 92       	push	r12
     8f0:	df 92       	push	r13
     8f2:	ef 92       	push	r14
     8f4:	ff 92       	push	r15
     8f6:	0f 93       	push	r16
     8f8:	1f 93       	push	r17
     8fa:	df 93       	push	r29
     8fc:	cf 93       	push	r28
     8fe:	cd b7       	in	r28, 0x3d	; 61
     900:	de b7       	in	r29, 0x3e	; 62
     902:	62 97       	sbiw	r28, 0x12	; 18
     904:	0f b6       	in	r0, 0x3f	; 63
     906:	f8 94       	cli
     908:	de bf       	out	0x3e, r29	; 62
     90a:	0f be       	out	0x3f, r0	; 63
     90c:	cd bf       	out	0x3d, r28	; 61

// printf 스트림 연결을 위한 구조체
FILE uart_output = FDEV_SETUP_STREAM(UART0_putchar, NULL, _FDEV_SETUP_WRITE);

void UART0_init(void) {
    UBRR0H = 0;
     90e:	10 92 90 00 	sts	0x0090, r1
    UBRR0L = 103; // 9600bps @ 16MHz
     912:	87 e6       	ldi	r24, 0x67	; 103
     914:	89 b9       	out	0x09, r24	; 9
    UCSR0B = (1 << RXEN0) | (1 << TXEN0);
     916:	88 e1       	ldi	r24, 0x18	; 24
     918:	8a b9       	out	0x0a, r24	; 10
    UCSR0C = (1 << UCSZ01) | (1 << UCSZ00); // 8-bit, No parity
     91a:	86 e0       	ldi	r24, 0x06	; 6
     91c:	80 93 95 00 	sts	0x0095, r24
    int bpm;
    float r_red, r_ir, r, spo2;

    // 초기화
    UART0_init();
    stdout = &uart_output; // Printf 연결
     920:	86 e5       	ldi	r24, 0x56	; 86
     922:	91 e0       	ldi	r25, 0x01	; 1
     924:	90 93 ff 02 	sts	0x02FF, r25
     928:	80 93 fe 02 	sts	0x02FE, r24

// =================================================================
// [3] I2C (TWI) Functions
// =================================================================
void TWI_init(void) {
    TWSR = 0x00; 
     92c:	10 92 71 00 	sts	0x0071, r1
    TWBR = 12; // 400kHz @ 16MHz
     930:	8c e0       	ldi	r24, 0x0C	; 12
     932:	80 93 70 00 	sts	0x0070, r24
}

void Timer0_Init(void) {
    // CTC Mode, Prescaler 64
    // OCR0 = (16000000 / 64 / 1000) - 1 = 249
    TCCR0 = (1 << WGM01) | (1 << CS01) | (1 << CS00);
     936:	8b e0       	ldi	r24, 0x0B	; 11
     938:	83 bf       	out	0x33, r24	; 51
    TCNT0 = 0x00;
     93a:	12 be       	out	0x32, r1	; 50
    OCR0  = 249;
     93c:	89 ef       	ldi	r24, 0xF9	; 249
     93e:	81 bf       	out	0x31, r24	; 49
    TIMSK |= (1 << OCIE0); // Interrupt Enable
     940:	87 b7       	in	r24, 0x37	; 55
     942:	82 60       	ori	r24, 0x02	; 2
     944:	87 bf       	out	0x37, r24	; 55
    UART0_init();
    stdout = &uart_output; // Printf 연결

    TWI_init();
    Timer0_Init();
    sei(); // Global Interrupt Enable
     946:	78 94       	sei
     948:	80 e1       	ldi	r24, 0x10	; 16
     94a:	97 e2       	ldi	r25, 0x27	; 39
     94c:	20 e9       	ldi	r18, 0x90	; 144
     94e:	31 e0       	ldi	r19, 0x01	; 1
     950:	f9 01       	movw	r30, r18
     952:	31 97       	sbiw	r30, 0x01	; 1
     954:	f1 f7       	brne	.-4      	; 0x952 <main+0x78>
		{
			// wait 1/10 ms
			_delay_loop_2(((F_CPU) / 4e3) / 10);
			__ticks --;
     956:	01 97       	sbiw	r24, 0x01	; 1
		__ticks = 1;
	else if (__tmp > 65535)
	{
		//	__ticks = requested delay in 1/10 ms
		__ticks = (uint16_t) (__ms * 10.0);
		while(__ticks)
     958:	d9 f7       	brne	.-10     	; 0x950 <main+0x76>
    
    _delay_ms(1000);
    printf("Starting MAX30102 (AVR Studio)...\r\n");
     95a:	80 e0       	ldi	r24, 0x00	; 0
     95c:	91 e0       	ldi	r25, 0x01	; 1
     95e:	0e 94 e0 0e 	call	0x1dc0	; 0x1dc0 <puts>
    
    MAX30102_Init_400Hz();
     962:	0e 94 87 02 	call	0x50e	; 0x50e <MAX30102_Init_400Hz>
    
    // 필터 초기화
    LPF_Init(&lpf_red, kLowPassCutoff, kSamplingFreq);
     966:	84 ea       	ldi	r24, 0xA4	; 164
     968:	92 e0       	ldi	r25, 0x02	; 2
     96a:	40 e0       	ldi	r20, 0x00	; 0
     96c:	50 e0       	ldi	r21, 0x00	; 0
     96e:	60 ea       	ldi	r22, 0xA0	; 160
     970:	70 e4       	ldi	r23, 0x40	; 64
     972:	00 e0       	ldi	r16, 0x00	; 0
     974:	10 e0       	ldi	r17, 0x00	; 0
     976:	28 ec       	ldi	r18, 0xC8	; 200
     978:	32 e4       	ldi	r19, 0x42	; 66
     97a:	0e 94 c3 03 	call	0x786	; 0x786 <LPF_Init>
    LPF_Init(&lpf_ir, kLowPassCutoff, kSamplingFreq);
     97e:	81 eb       	ldi	r24, 0xB1	; 177
     980:	92 e0       	ldi	r25, 0x02	; 2
     982:	40 e0       	ldi	r20, 0x00	; 0
     984:	50 e0       	ldi	r21, 0x00	; 0
     986:	60 ea       	ldi	r22, 0xA0	; 160
     988:	70 e4       	ldi	r23, 0x40	; 64
     98a:	00 e0       	ldi	r16, 0x00	; 0
     98c:	10 e0       	ldi	r17, 0x00	; 0
     98e:	28 ec       	ldi	r18, 0xC8	; 200
     990:	32 e4       	ldi	r19, 0x42	; 66
     992:	0e 94 c3 03 	call	0x786	; 0x786 <LPF_Init>
    HPF_Init(&hpf_red, kHighPassCutoff, kSamplingFreq);
     996:	87 ec       	ldi	r24, 0xC7	; 199
     998:	92 e0       	ldi	r25, 0x02	; 2
     99a:	40 e0       	ldi	r20, 0x00	; 0
     99c:	50 e0       	ldi	r21, 0x00	; 0
     99e:	60 e0       	ldi	r22, 0x00	; 0
     9a0:	7f e3       	ldi	r23, 0x3F	; 63
     9a2:	00 e0       	ldi	r16, 0x00	; 0
     9a4:	10 e0       	ldi	r17, 0x00	; 0
     9a6:	28 ec       	ldi	r18, 0xC8	; 200
     9a8:	32 e4       	ldi	r19, 0x42	; 66
     9aa:	0e 94 11 04 	call	0x822	; 0x822 <HPF_Init>
    float last_val;
    uint8_t init_flag;
} Diff_t;

void Diff_Init(Diff_t *diff, float fs) {
    diff->fs = fs;
     9ae:	80 e0       	ldi	r24, 0x00	; 0
     9b0:	90 e0       	ldi	r25, 0x00	; 0
     9b2:	a8 ec       	ldi	r26, 0xC8	; 200
     9b4:	b2 e4       	ldi	r27, 0x42	; 66
     9b6:	80 93 be 02 	sts	0x02BE, r24
     9ba:	90 93 bf 02 	sts	0x02BF, r25
     9be:	a0 93 c0 02 	sts	0x02C0, r26
     9c2:	b0 93 c1 02 	sts	0x02C1, r27
    diff->init_flag = 0;
     9c6:	10 92 c6 02 	sts	0x02C6, r1
    // 필터 초기화
    LPF_Init(&lpf_red, kLowPassCutoff, kSamplingFreq);
    LPF_Init(&lpf_ir, kLowPassCutoff, kSamplingFreq);
    HPF_Init(&hpf_red, kHighPassCutoff, kSamplingFreq);
    Diff_Init(&diff_red, kSamplingFreq);
    Reset_All_Filters();
     9ca:	0e 94 53 03 	call	0x6a6	; 0x6a6 <Reset_All_Filters>

    while (1) {
        // 1. Read Sample
        ReadFIFO(&raw_red, &raw_ir);
     9ce:	ce 01       	movw	r24, r28
     9d0:	01 96       	adiw	r24, 0x01	; 1
     9d2:	be 01       	movw	r22, r28
     9d4:	6b 5f       	subi	r22, 0xFB	; 251
     9d6:	7f 4f       	sbci	r23, 0xFF	; 255
     9d8:	0e 94 ad 02 	call	0x55a	; 0x55a <ReadFIFO>
        
        f_red = (float)raw_red;
     9dc:	e9 80       	ldd	r14, Y+1	; 0x01
     9de:	fa 80       	ldd	r15, Y+2	; 0x02
     9e0:	0b 81       	ldd	r16, Y+3	; 0x03
     9e2:	1c 81       	ldd	r17, Y+4	; 0x04
        f_ir = (float)raw_ir;
     9e4:	6d 80       	ldd	r6, Y+5	; 0x05
     9e6:	7e 80       	ldd	r7, Y+6	; 0x06
     9e8:	8f 80       	ldd	r8, Y+7	; 0x07
     9ea:	98 84       	ldd	r9, Y+8	; 0x08

        // 2. Finger Detection
        if (raw_red > kFingerThreshold) {
     9ec:	21 e1       	ldi	r18, 0x11	; 17
     9ee:	e2 16       	cp	r14, r18
     9f0:	27 e2       	ldi	r18, 0x27	; 39
     9f2:	f2 06       	cpc	r15, r18
     9f4:	20 e0       	ldi	r18, 0x00	; 0
     9f6:	02 07       	cpc	r16, r18
     9f8:	20 e0       	ldi	r18, 0x00	; 0
     9fa:	12 07       	cpc	r17, r18
     9fc:	00 f1       	brcs	.+64     	; 0xa3e <main+0x164>
    millis_counter++;
}

unsigned long millis(void) {
    unsigned long m;
    uint8_t oldSREG = SREG;
     9fe:	8f b7       	in	r24, 0x3f	; 63
    cli(); // Disable interrupts
     a00:	f8 94       	cli
    m = millis_counter;
     a02:	20 91 8e 02 	lds	r18, 0x028E
     a06:	30 91 8f 02 	lds	r19, 0x028F
     a0a:	40 91 90 02 	lds	r20, 0x0290
     a0e:	50 91 91 02 	lds	r21, 0x0291
    SREG = oldSREG; // Restore interrupts
     a12:	8f bf       	out	0x3f, r24	; 63
        f_red = (float)raw_red;
        f_ir = (float)raw_ir;

        // 2. Finger Detection
        if (raw_red > kFingerThreshold) {
            if ((millis() - finger_timestamp) > kFingerCooldownMs) {
     a14:	80 91 96 02 	lds	r24, 0x0296
     a18:	90 91 97 02 	lds	r25, 0x0297
     a1c:	a0 91 98 02 	lds	r26, 0x0298
     a20:	b0 91 99 02 	lds	r27, 0x0299
     a24:	28 1b       	sub	r18, r24
     a26:	39 0b       	sbc	r19, r25
     a28:	4a 0b       	sbc	r20, r26
     a2a:	5b 0b       	sbc	r21, r27
     a2c:	25 5f       	subi	r18, 0xF5	; 245
     a2e:	31 40       	sbci	r19, 0x01	; 1
     a30:	40 40       	sbci	r20, 0x00	; 0
     a32:	50 40       	sbci	r21, 0x00	; 0
     a34:	70 f0       	brcs	.+28     	; 0xa52 <main+0x178>
                finger_detected = 1;
     a36:	91 e0       	ldi	r25, 0x01	; 1
     a38:	90 93 9a 02 	sts	0x029A, r25
     a3c:	0a c0       	rjmp	.+20     	; 0xa52 <main+0x178>
            }
        } else {
            if (finger_detected) {
     a3e:	80 91 9a 02 	lds	r24, 0x029A
     a42:	88 23       	and	r24, r24
     a44:	31 f0       	breq	.+12     	; 0xa52 <main+0x178>
                Reset_All_Filters();
     a46:	0e 94 53 03 	call	0x6a6	; 0x6a6 <Reset_All_Filters>
                printf("Finger Removed\r\n");
     a4a:	83 e2       	ldi	r24, 0x23	; 35
     a4c:	91 e0       	ldi	r25, 0x01	; 1
     a4e:	0e 94 e0 0e 	call	0x1dc0	; 0x1dc0 <puts>
            }
        }

        if (finger_detected) {
     a52:	80 91 9a 02 	lds	r24, 0x029A
     a56:	88 23       	and	r24, r24
     a58:	09 f4       	brne	.+2      	; 0xa5c <main+0x182>
     a5a:	27 c2       	rjmp	.+1102   	; 0xeaa <main+0x5d0>

    while (1) {
        // 1. Read Sample
        ReadFIFO(&raw_red, &raw_ir);
        
        f_red = (float)raw_red;
     a5c:	c8 01       	movw	r24, r16
     a5e:	b7 01       	movw	r22, r14
     a60:	0e 94 ec 0b 	call	0x17d8	; 0x17d8 <__floatunsisf>
     a64:	9b 01       	movw	r18, r22
     a66:	ac 01       	movw	r20, r24
            }
        }

        if (finger_detected) {
            // 3. Low Pass Filtering
            f_red = LPF_Process(&lpf_red, f_red);
     a68:	84 ea       	ldi	r24, 0xA4	; 164
     a6a:	92 e0       	ldi	r25, 0x02	; 2
     a6c:	da 01       	movw	r26, r20
     a6e:	a9 01       	movw	r20, r18
     a70:	bd 01       	movw	r22, r26
     a72:	0e 94 e5 01 	call	0x3ca	; 0x3ca <LPF_Process>
     a76:	5b 01       	movw	r10, r22
     a78:	6c 01       	movw	r12, r24
    while (1) {
        // 1. Read Sample
        ReadFIFO(&raw_red, &raw_ir);
        
        f_red = (float)raw_red;
        f_ir = (float)raw_ir;
     a7a:	c4 01       	movw	r24, r8
     a7c:	b3 01       	movw	r22, r6
     a7e:	0e 94 ec 0b 	call	0x17d8	; 0x17d8 <__floatunsisf>
     a82:	9b 01       	movw	r18, r22
     a84:	ac 01       	movw	r20, r24
        }

        if (finger_detected) {
            // 3. Low Pass Filtering
            f_red = LPF_Process(&lpf_red, f_red);
            f_ir  = LPF_Process(&lpf_ir, f_ir);
     a86:	81 eb       	ldi	r24, 0xB1	; 177
     a88:	92 e0       	ldi	r25, 0x02	; 2
     a8a:	da 01       	movw	r26, r20
     a8c:	a9 01       	movw	r20, r18
     a8e:	bd 01       	movw	r22, r26
     a90:	0e 94 e5 01 	call	0x3ca	; 0x3ca <LPF_Process>
     a94:	7b 01       	movw	r14, r22
     a96:	8c 01       	movw	r16, r24

            // 4. Statistics for SpO2
            Stat_Process(&stat_red, f_red);
     a98:	8e ee       	ldi	r24, 0xEE	; 238
     a9a:	92 e0       	ldi	r25, 0x02	; 2
     a9c:	b6 01       	movw	r22, r12
     a9e:	a5 01       	movw	r20, r10
     aa0:	0e 94 1b 01 	call	0x236	; 0x236 <Stat_Process>
            Stat_Process(&stat_ir, f_ir);
     aa4:	80 ee       	ldi	r24, 0xE0	; 224
     aa6:	92 e0       	ldi	r25, 0x02	; 2
     aa8:	b8 01       	movw	r22, r16
     aaa:	a7 01       	movw	r20, r14
     aac:	0e 94 1b 01 	call	0x236	; 0x236 <Stat_Process>

            // 5. Beat Detection Logic (using RED LED)
            f_val = HPF_Process(&hpf_red, f_red); 
     ab0:	87 ec       	ldi	r24, 0xC7	; 199
     ab2:	92 e0       	ldi	r25, 0x02	; 2
     ab4:	b6 01       	movw	r22, r12
     ab6:	a5 01       	movw	r20, r10
     ab8:	0e 94 82 01 	call	0x304	; 0x304 <HPF_Process>
     abc:	7b 01       	movw	r14, r22
     abe:	8c 01       	movw	r16, r24

void Diff_Reset(Diff_t *diff) { diff->init_flag = 0; }

float Diff_Process(Diff_t *diff, float val) {
    float output = 0;
    if (diff->init_flag == 1) {
     ac0:	80 91 c6 02 	lds	r24, 0x02C6
     ac4:	81 30       	cpi	r24, 0x01	; 1
     ac6:	d9 f4       	brne	.+54     	; 0xafe <main+0x224>
        output = (val - diff->last_val) * diff->fs;
     ac8:	c8 01       	movw	r24, r16
     aca:	b7 01       	movw	r22, r14
     acc:	20 91 c2 02 	lds	r18, 0x02C2
     ad0:	30 91 c3 02 	lds	r19, 0x02C3
     ad4:	40 91 c4 02 	lds	r20, 0x02C4
     ad8:	50 91 c5 02 	lds	r21, 0x02C5
     adc:	0e 94 a6 08 	call	0x114c	; 0x114c <__subsf3>
     ae0:	20 91 be 02 	lds	r18, 0x02BE
     ae4:	30 91 bf 02 	lds	r19, 0x02BF
     ae8:	40 91 c0 02 	lds	r20, 0x02C0
     aec:	50 91 c1 02 	lds	r21, 0x02C1
     af0:	0e 94 04 09 	call	0x1208	; 0x1208 <__mulsf3>
     af4:	6f 87       	std	Y+15, r22	; 0x0f
     af6:	78 8b       	std	Y+16, r23	; 0x10
     af8:	89 8b       	std	Y+17, r24	; 0x11
     afa:	9a 8b       	std	Y+18, r25	; 0x12
     afc:	0b c0       	rjmp	.+22     	; 0xb14 <main+0x23a>
    } else {
        diff->init_flag = 1;
     afe:	a1 e0       	ldi	r26, 0x01	; 1
     b00:	a0 93 c6 02 	sts	0x02C6, r26
     b04:	20 e0       	ldi	r18, 0x00	; 0
     b06:	30 e0       	ldi	r19, 0x00	; 0
     b08:	40 e0       	ldi	r20, 0x00	; 0
     b0a:	50 e0       	ldi	r21, 0x00	; 0
     b0c:	2f 87       	std	Y+15, r18	; 0x0f
     b0e:	38 8b       	std	Y+16, r19	; 0x10
     b10:	49 8b       	std	Y+17, r20	; 0x11
     b12:	5a 8b       	std	Y+18, r21	; 0x12
    }
    diff->last_val = val;
     b14:	e0 92 c2 02 	sts	0x02C2, r14
     b18:	f0 92 c3 02 	sts	0x02C3, r15
     b1c:	00 93 c4 02 	sts	0x02C4, r16
     b20:	10 93 c5 02 	sts	0x02C5, r17
            // 5. Beat Detection Logic (using RED LED)
            f_val = HPF_Process(&hpf_red, f_red); 
            f_diff = Diff_Process(&diff_red, f_val); 

            // Zero-Crossing Detection
            if (last_diff > 0 && f_diff < 0) {
     b24:	60 91 9b 02 	lds	r22, 0x029B
     b28:	70 91 9c 02 	lds	r23, 0x029C
     b2c:	80 91 9d 02 	lds	r24, 0x029D
     b30:	90 91 9e 02 	lds	r25, 0x029E
     b34:	20 e0       	ldi	r18, 0x00	; 0
     b36:	30 e0       	ldi	r19, 0x00	; 0
     b38:	40 e0       	ldi	r20, 0x00	; 0
     b3a:	50 e0       	ldi	r21, 0x00	; 0
     b3c:	0e 94 da 0a 	call	0x15b4	; 0x15b4 <__gtsf2>
     b40:	18 16       	cp	r1, r24
     b42:	14 f5       	brge	.+68     	; 0xb88 <main+0x2ae>
     b44:	6f 85       	ldd	r22, Y+15	; 0x0f
     b46:	78 89       	ldd	r23, Y+16	; 0x10
     b48:	89 89       	ldd	r24, Y+17	; 0x11
     b4a:	9a 89       	ldd	r25, Y+18	; 0x12
     b4c:	20 e0       	ldi	r18, 0x00	; 0
     b4e:	30 e0       	ldi	r19, 0x00	; 0
     b50:	40 e0       	ldi	r20, 0x00	; 0
     b52:	50 e0       	ldi	r21, 0x00	; 0
     b54:	0e 94 0a 0b 	call	0x1614	; 0x1614 <__ltsf2>
     b58:	88 23       	and	r24, r24
     b5a:	b4 f4       	brge	.+44     	; 0xb88 <main+0x2ae>
                crossed = 1;
     b5c:	31 e0       	ldi	r19, 0x01	; 1
     b5e:	30 93 9f 02 	sts	0x029F, r19
    millis_counter++;
}

unsigned long millis(void) {
    unsigned long m;
    uint8_t oldSREG = SREG;
     b62:	2f b7       	in	r18, 0x3f	; 63
    cli(); // Disable interrupts
     b64:	f8 94       	cli
    m = millis_counter;
     b66:	80 91 8e 02 	lds	r24, 0x028E
     b6a:	90 91 8f 02 	lds	r25, 0x028F
     b6e:	a0 91 90 02 	lds	r26, 0x0290
     b72:	b0 91 91 02 	lds	r27, 0x0291
    SREG = oldSREG; // Restore interrupts
     b76:	2f bf       	out	0x3f, r18	; 63
            f_diff = Diff_Process(&diff_red, f_val); 

            // Zero-Crossing Detection
            if (last_diff > 0 && f_diff < 0) {
                crossed = 1;
                crossed_time = millis();
     b78:	80 93 a0 02 	sts	0x02A0, r24
     b7c:	90 93 a1 02 	sts	0x02A1, r25
     b80:	a0 93 a2 02 	sts	0x02A2, r26
     b84:	b0 93 a3 02 	sts	0x02A3, r27
            }
            
            if (f_diff > 0) {
     b88:	6f 85       	ldd	r22, Y+15	; 0x0f
     b8a:	78 89       	ldd	r23, Y+16	; 0x10
     b8c:	89 89       	ldd	r24, Y+17	; 0x11
     b8e:	9a 89       	ldd	r25, Y+18	; 0x12
     b90:	20 e0       	ldi	r18, 0x00	; 0
     b92:	30 e0       	ldi	r19, 0x00	; 0
     b94:	40 e0       	ldi	r20, 0x00	; 0
     b96:	50 e0       	ldi	r21, 0x00	; 0
     b98:	0e 94 da 0a 	call	0x15b4	; 0x15b4 <__gtsf2>
     b9c:	18 16       	cp	r1, r24
     b9e:	14 f4       	brge	.+4      	; 0xba4 <main+0x2ca>
                crossed = 0;
     ba0:	10 92 9f 02 	sts	0x029F, r1
            }

            // Falling Edge Threshold Check
            if (crossed && f_diff < kEdgeThreshold) {
     ba4:	80 91 9f 02 	lds	r24, 0x029F
     ba8:	88 23       	and	r24, r24
     baa:	09 f4       	brne	.+2      	; 0xbae <main+0x2d4>
     bac:	72 c1       	rjmp	.+740    	; 0xe92 <main+0x5b8>
     bae:	6f 85       	ldd	r22, Y+15	; 0x0f
     bb0:	78 89       	ldd	r23, Y+16	; 0x10
     bb2:	89 89       	ldd	r24, Y+17	; 0x11
     bb4:	9a 89       	ldd	r25, Y+18	; 0x12
     bb6:	20 e0       	ldi	r18, 0x00	; 0
     bb8:	30 e0       	ldi	r19, 0x00	; 0
     bba:	4a ef       	ldi	r20, 0xFA	; 250
     bbc:	54 ec       	ldi	r21, 0xC4	; 196
     bbe:	0e 94 0a 0b 	call	0x1614	; 0x1614 <__ltsf2>
     bc2:	88 23       	and	r24, r24
     bc4:	0c f0       	brlt	.+2      	; 0xbc8 <main+0x2ee>
     bc6:	65 c1       	rjmp	.+714    	; 0xe92 <main+0x5b8>
                if (last_heartbeat != 0 && (crossed_time - last_heartbeat) > 300) {
     bc8:	80 91 92 02 	lds	r24, 0x0292
     bcc:	90 91 93 02 	lds	r25, 0x0293
     bd0:	a0 91 94 02 	lds	r26, 0x0294
     bd4:	b0 91 95 02 	lds	r27, 0x0295
     bd8:	00 97       	sbiw	r24, 0x00	; 0
     bda:	a1 05       	cpc	r26, r1
     bdc:	b1 05       	cpc	r27, r1
     bde:	09 f4       	brne	.+2      	; 0xbe2 <main+0x308>
     be0:	58 c1       	rjmp	.+688    	; 0xe92 <main+0x5b8>
     be2:	20 91 a0 02 	lds	r18, 0x02A0
     be6:	30 91 a1 02 	lds	r19, 0x02A1
     bea:	40 91 a2 02 	lds	r20, 0x02A2
     bee:	50 91 a3 02 	lds	r21, 0x02A3
     bf2:	28 1b       	sub	r18, r24
     bf4:	39 0b       	sbc	r19, r25
     bf6:	4a 0b       	sbc	r20, r26
     bf8:	5b 0b       	sbc	r21, r27
     bfa:	2d 32       	cpi	r18, 0x2D	; 45
     bfc:	81 e0       	ldi	r24, 0x01	; 1
     bfe:	38 07       	cpc	r19, r24
     c00:	80 e0       	ldi	r24, 0x00	; 0
     c02:	48 07       	cpc	r20, r24
     c04:	80 e0       	ldi	r24, 0x00	; 0
     c06:	58 07       	cpc	r21, r24
     c08:	0c f4       	brge	.+2      	; 0xc0c <main+0x332>
     c0a:	43 c1       	rjmp	.+646    	; 0xe92 <main+0x5b8>
                    
                    interval = crossed_time - last_heartbeat;
                    bpm = 60000 / interval;
     c0c:	60 e6       	ldi	r22, 0x60	; 96
     c0e:	7a ee       	ldi	r23, 0xEA	; 234
     c10:	80 e0       	ldi	r24, 0x00	; 0
     c12:	90 e0       	ldi	r25, 0x00	; 0
     c14:	0e 94 5a 0e 	call	0x1cb4	; 0x1cb4 <__divmodsi4>
     c18:	3e 87       	std	Y+14, r19	; 0x0e
     c1a:	2d 87       	std	Y+13, r18	; 0x0d

                    // SpO2 Calculation
                    r_red = (stat_red.max_val - stat_red.min_val) / Stat_GetAvg(&stat_red);
     c1c:	60 90 f2 02 	lds	r6, 0x02F2
     c20:	70 90 f3 02 	lds	r7, 0x02F3
     c24:	80 90 f4 02 	lds	r8, 0x02F4
     c28:	90 90 f5 02 	lds	r9, 0x02F5
     c2c:	a0 90 ee 02 	lds	r10, 0x02EE
     c30:	b0 90 ef 02 	lds	r11, 0x02EF
     c34:	c0 90 f0 02 	lds	r12, 0x02F0
     c38:	d0 90 f1 02 	lds	r13, 0x02F1
     c3c:	8e ee       	ldi	r24, 0xEE	; 238
     c3e:	92 e0       	ldi	r25, 0x02	; 2
     c40:	0e 94 58 01 	call	0x2b0	; 0x2b0 <Stat_GetAvg>
     c44:	1b 01       	movw	r2, r22
     c46:	2c 01       	movw	r4, r24
                    r_ir  = (stat_ir.max_val - stat_ir.min_val) / Stat_GetAvg(&stat_ir);
     c48:	80 ee       	ldi	r24, 0xE0	; 224
     c4a:	92 e0       	ldi	r25, 0x02	; 2
     c4c:	0e 94 58 01 	call	0x2b0	; 0x2b0 <Stat_GetAvg>
     c50:	7b 01       	movw	r14, r22
     c52:	8c 01       	movw	r16, r24
     c54:	60 91 e4 02 	lds	r22, 0x02E4
     c58:	70 91 e5 02 	lds	r23, 0x02E5
     c5c:	80 91 e6 02 	lds	r24, 0x02E6
     c60:	90 91 e7 02 	lds	r25, 0x02E7
     c64:	20 91 e0 02 	lds	r18, 0x02E0
     c68:	30 91 e1 02 	lds	r19, 0x02E1
     c6c:	40 91 e2 02 	lds	r20, 0x02E2
     c70:	50 91 e3 02 	lds	r21, 0x02E3
     c74:	0e 94 a6 08 	call	0x114c	; 0x114c <__subsf3>
     c78:	a8 01       	movw	r20, r16
     c7a:	97 01       	movw	r18, r14
     c7c:	0e 94 fe 09 	call	0x13fc	; 0x13fc <__divsf3>
     c80:	7b 01       	movw	r14, r22
     c82:	8c 01       	movw	r16, r24
                    
                    r = 0;
                    if (r_ir != 0) r = r_red / r_ir;
     c84:	20 e0       	ldi	r18, 0x00	; 0
     c86:	30 e0       	ldi	r19, 0x00	; 0
     c88:	40 e0       	ldi	r20, 0x00	; 0
     c8a:	50 e0       	ldi	r21, 0x00	; 0
     c8c:	0e 94 aa 0a 	call	0x1554	; 0x1554 <__nesf2>
     c90:	88 23       	and	r24, r24
     c92:	49 f4       	brne	.+18     	; 0xca6 <main+0x3cc>
     c94:	20 e0       	ldi	r18, 0x00	; 0
     c96:	30 e0       	ldi	r19, 0x00	; 0
     c98:	40 e0       	ldi	r20, 0x00	; 0
     c9a:	50 e0       	ldi	r21, 0x00	; 0
     c9c:	29 87       	std	Y+9, r18	; 0x09
     c9e:	3a 87       	std	Y+10, r19	; 0x0a
     ca0:	4b 87       	std	Y+11, r20	; 0x0b
     ca2:	5c 87       	std	Y+12, r21	; 0x0c
     ca4:	12 c0       	rjmp	.+36     	; 0xcca <main+0x3f0>
     ca6:	c4 01       	movw	r24, r8
     ca8:	b3 01       	movw	r22, r6
     caa:	a6 01       	movw	r20, r12
     cac:	95 01       	movw	r18, r10
     cae:	0e 94 a6 08 	call	0x114c	; 0x114c <__subsf3>
     cb2:	a2 01       	movw	r20, r4
     cb4:	91 01       	movw	r18, r2
     cb6:	0e 94 fe 09 	call	0x13fc	; 0x13fc <__divsf3>
     cba:	a8 01       	movw	r20, r16
     cbc:	97 01       	movw	r18, r14
     cbe:	0e 94 fe 09 	call	0x13fc	; 0x13fc <__divsf3>
     cc2:	69 87       	std	Y+9, r22	; 0x09
     cc4:	7a 87       	std	Y+10, r23	; 0x0a
     cc6:	8b 87       	std	Y+11, r24	; 0x0b
     cc8:	9c 87       	std	Y+12, r25	; 0x0c
                    
                    spo2 = kSpO2_A * r * r + kSpO2_B * r + kSpO2_C;

                    if (bpm > 40 && bpm < 220) {
     cca:	8d 85       	ldd	r24, Y+13	; 0x0d
     ccc:	9e 85       	ldd	r25, Y+14	; 0x0e
     cce:	89 97       	sbiw	r24, 0x29	; 41
     cd0:	83 3b       	cpi	r24, 0xB3	; 179
     cd2:	91 05       	cpc	r25, r1
     cd4:	08 f0       	brcs	.+2      	; 0xcd8 <main+0x3fe>
     cd6:	7f c0       	rjmp	.+254    	; 0xdd6 <main+0x4fc>
                        // AVR-GCC 기본 설정에서 %f가 안 될 경우를 대비해
                        // 정수부와 소수부를 나누어 출력하거나, 링커 설정 필요
                        // 여기서는 기본 동작을 위해 정수로 출력하거나 설정 필요 메시지를 띄움
						int r_int = (int)r;
     cd8:	69 85       	ldd	r22, Y+9	; 0x09
     cda:	7a 85       	ldd	r23, Y+10	; 0x0a
     cdc:	8b 85       	ldd	r24, Y+11	; 0x0b
     cde:	9c 85       	ldd	r25, Y+12	; 0x0c
     ce0:	0e 94 98 0b 	call	0x1730	; 0x1730 <__fixsfsi>
     ce4:	2b 01       	movw	r4, r22
     ce6:	3c 01       	movw	r6, r24
     ce8:	5b 01       	movw	r10, r22
						int r_dec = (int)((r - r_int) * 100); // 예: 0.85 -> 85

						// %d.%02d 로 출력 (소수부가 5면 05로 출력되게 함)
						printf("BPM:%d, SpO2:%d, R_Ratio:%d.%02d\r\n", bpm, (int)spo2, r_int, r_dec);
     cea:	4d b7       	in	r20, 0x3d	; 61
     cec:	5e b7       	in	r21, 0x3e	; 62
     cee:	4a 50       	subi	r20, 0x0A	; 10
     cf0:	50 40       	sbci	r21, 0x00	; 0
     cf2:	0f b6       	in	r0, 0x3f	; 63
     cf4:	f8 94       	cli
     cf6:	5e bf       	out	0x3e, r21	; 62
     cf8:	0f be       	out	0x3f, r0	; 63
     cfa:	4d bf       	out	0x3d, r20	; 61
     cfc:	8d b6       	in	r8, 0x3d	; 61
     cfe:	9e b6       	in	r9, 0x3e	; 62
     d00:	08 94       	sec
     d02:	81 1c       	adc	r8, r1
     d04:	91 1c       	adc	r9, r1
     d06:	e3 e3       	ldi	r30, 0x33	; 51
     d08:	f1 e0       	ldi	r31, 0x01	; 1
     d0a:	ad b7       	in	r26, 0x3d	; 61
     d0c:	be b7       	in	r27, 0x3e	; 62
     d0e:	12 96       	adiw	r26, 0x02	; 2
     d10:	fc 93       	st	X, r31
     d12:	ee 93       	st	-X, r30
     d14:	11 97       	sbiw	r26, 0x01	; 1
     d16:	ed 85       	ldd	r30, Y+13	; 0x0d
     d18:	fe 85       	ldd	r31, Y+14	; 0x0e
     d1a:	d4 01       	movw	r26, r8
     d1c:	13 96       	adiw	r26, 0x03	; 3
     d1e:	fc 93       	st	X, r31
     d20:	ee 93       	st	-X, r30
     d22:	12 97       	sbiw	r26, 0x02	; 2
     d24:	69 85       	ldd	r22, Y+9	; 0x09
     d26:	7a 85       	ldd	r23, Y+10	; 0x0a
     d28:	8b 85       	ldd	r24, Y+11	; 0x0b
     d2a:	9c 85       	ldd	r25, Y+12	; 0x0c
     d2c:	2f e8       	ldi	r18, 0x8F	; 143
     d2e:	34 e4       	ldi	r19, 0x44	; 68
     d30:	4c ec       	ldi	r20, 0xCC	; 204
     d32:	5f e3       	ldi	r21, 0x3F	; 63
     d34:	0e 94 04 09 	call	0x1208	; 0x1208 <__mulsf3>
     d38:	29 85       	ldd	r18, Y+9	; 0x09
     d3a:	3a 85       	ldd	r19, Y+10	; 0x0a
     d3c:	4b 85       	ldd	r20, Y+11	; 0x0b
     d3e:	5c 85       	ldd	r21, Y+12	; 0x0c
     d40:	0e 94 04 09 	call	0x1208	; 0x1208 <__mulsf3>
     d44:	7b 01       	movw	r14, r22
     d46:	8c 01       	movw	r16, r24
     d48:	69 85       	ldd	r22, Y+9	; 0x09
     d4a:	7a 85       	ldd	r23, Y+10	; 0x0a
     d4c:	8b 85       	ldd	r24, Y+11	; 0x0b
     d4e:	9c 85       	ldd	r25, Y+12	; 0x0c
     d50:	2e e7       	ldi	r18, 0x7E	; 126
     d52:	33 ea       	ldi	r19, 0xA3	; 163
     d54:	4a e0       	ldi	r20, 0x0A	; 10
     d56:	52 ec       	ldi	r21, 0xC2	; 194
     d58:	0e 94 04 09 	call	0x1208	; 0x1208 <__mulsf3>
     d5c:	9b 01       	movw	r18, r22
     d5e:	ac 01       	movw	r20, r24
     d60:	c8 01       	movw	r24, r16
     d62:	b7 01       	movw	r22, r14
     d64:	0e 94 d7 08 	call	0x11ae	; 0x11ae <__addsf3>
     d68:	27 e3       	ldi	r18, 0x37	; 55
     d6a:	31 e6       	ldi	r19, 0x61	; 97
     d6c:	41 ee       	ldi	r20, 0xE1	; 225
     d6e:	52 e4       	ldi	r21, 0x42	; 66
     d70:	0e 94 d7 08 	call	0x11ae	; 0x11ae <__addsf3>
     d74:	0e 94 98 0b 	call	0x1730	; 0x1730 <__fixsfsi>
     d78:	d4 01       	movw	r26, r8
     d7a:	15 96       	adiw	r26, 0x05	; 5
     d7c:	7c 93       	st	X, r23
     d7e:	6e 93       	st	-X, r22
     d80:	14 97       	sbiw	r26, 0x04	; 4
     d82:	17 96       	adiw	r26, 0x07	; 7
     d84:	5c 92       	st	X, r5
     d86:	4e 92       	st	-X, r4
     d88:	16 97       	sbiw	r26, 0x06	; 6
     d8a:	cc 24       	eor	r12, r12
     d8c:	b7 fc       	sbrc	r11, 7
     d8e:	c0 94       	com	r12
     d90:	dc 2c       	mov	r13, r12
     d92:	c6 01       	movw	r24, r12
     d94:	b5 01       	movw	r22, r10
     d96:	0e 94 3a 0b 	call	0x1674	; 0x1674 <__floatsisf>
     d9a:	9b 01       	movw	r18, r22
     d9c:	ac 01       	movw	r20, r24
     d9e:	69 85       	ldd	r22, Y+9	; 0x09
     da0:	7a 85       	ldd	r23, Y+10	; 0x0a
     da2:	8b 85       	ldd	r24, Y+11	; 0x0b
     da4:	9c 85       	ldd	r25, Y+12	; 0x0c
     da6:	0e 94 a6 08 	call	0x114c	; 0x114c <__subsf3>
     daa:	20 e0       	ldi	r18, 0x00	; 0
     dac:	30 e0       	ldi	r19, 0x00	; 0
     dae:	48 ec       	ldi	r20, 0xC8	; 200
     db0:	52 e4       	ldi	r21, 0x42	; 66
     db2:	0e 94 04 09 	call	0x1208	; 0x1208 <__mulsf3>
     db6:	0e 94 98 0b 	call	0x1730	; 0x1730 <__fixsfsi>
     dba:	f4 01       	movw	r30, r8
     dbc:	71 87       	std	Z+9, r23	; 0x09
     dbe:	60 87       	std	Z+8, r22	; 0x08
     dc0:	0e 94 ce 0e 	call	0x1d9c	; 0x1d9c <printf>
     dc4:	2d b7       	in	r18, 0x3d	; 61
     dc6:	3e b7       	in	r19, 0x3e	; 62
     dc8:	26 5f       	subi	r18, 0xF6	; 246
     dca:	3f 4f       	sbci	r19, 0xFF	; 255
     dcc:	0f b6       	in	r0, 0x3f	; 63
     dce:	f8 94       	cli
     dd0:	3e bf       	out	0x3e, r19	; 62
     dd2:	0f be       	out	0x3f, r0	; 63
     dd4:	2d bf       	out	0x3d, r18	; 61
    float sum_val;
    int count;
} Stat_t;

void Stat_Reset(Stat_t *stat) {
    stat->min_val = 1000000.0;
     dd6:	80 e0       	ldi	r24, 0x00	; 0
     dd8:	94 e2       	ldi	r25, 0x24	; 36
     dda:	a4 e7       	ldi	r26, 0x74	; 116
     ddc:	b9 e4       	ldi	r27, 0x49	; 73
     dde:	80 93 ee 02 	sts	0x02EE, r24
     de2:	90 93 ef 02 	sts	0x02EF, r25
     de6:	a0 93 f0 02 	sts	0x02F0, r26
     dea:	b0 93 f1 02 	sts	0x02F1, r27
    stat->max_val = -1000000.0;
     dee:	20 e0       	ldi	r18, 0x00	; 0
     df0:	34 e2       	ldi	r19, 0x24	; 36
     df2:	44 e7       	ldi	r20, 0x74	; 116
     df4:	59 ec       	ldi	r21, 0xC9	; 201
     df6:	20 93 f2 02 	sts	0x02F2, r18
     dfa:	30 93 f3 02 	sts	0x02F3, r19
     dfe:	40 93 f4 02 	sts	0x02F4, r20
     e02:	50 93 f5 02 	sts	0x02F5, r21
    stat->sum_val = 0;
     e06:	80 e0       	ldi	r24, 0x00	; 0
     e08:	90 e0       	ldi	r25, 0x00	; 0
     e0a:	a0 e0       	ldi	r26, 0x00	; 0
     e0c:	b0 e0       	ldi	r27, 0x00	; 0
     e0e:	80 93 f6 02 	sts	0x02F6, r24
     e12:	90 93 f7 02 	sts	0x02F7, r25
     e16:	a0 93 f8 02 	sts	0x02F8, r26
     e1a:	b0 93 f9 02 	sts	0x02F9, r27
    stat->count = 0;
     e1e:	10 92 fb 02 	sts	0x02FB, r1
     e22:	10 92 fa 02 	sts	0x02FA, r1
    float sum_val;
    int count;
} Stat_t;

void Stat_Reset(Stat_t *stat) {
    stat->min_val = 1000000.0;
     e26:	20 e0       	ldi	r18, 0x00	; 0
     e28:	34 e2       	ldi	r19, 0x24	; 36
     e2a:	44 e7       	ldi	r20, 0x74	; 116
     e2c:	59 e4       	ldi	r21, 0x49	; 73
     e2e:	20 93 e0 02 	sts	0x02E0, r18
     e32:	30 93 e1 02 	sts	0x02E1, r19
     e36:	40 93 e2 02 	sts	0x02E2, r20
     e3a:	50 93 e3 02 	sts	0x02E3, r21
    stat->max_val = -1000000.0;
     e3e:	20 e0       	ldi	r18, 0x00	; 0
     e40:	34 e2       	ldi	r19, 0x24	; 36
     e42:	44 e7       	ldi	r20, 0x74	; 116
     e44:	59 ec       	ldi	r21, 0xC9	; 201
     e46:	20 93 e4 02 	sts	0x02E4, r18
     e4a:	30 93 e5 02 	sts	0x02E5, r19
     e4e:	40 93 e6 02 	sts	0x02E6, r20
     e52:	50 93 e7 02 	sts	0x02E7, r21
    stat->sum_val = 0;
     e56:	80 93 e8 02 	sts	0x02E8, r24
     e5a:	90 93 e9 02 	sts	0x02E9, r25
     e5e:	a0 93 ea 02 	sts	0x02EA, r26
     e62:	b0 93 eb 02 	sts	0x02EB, r27
    stat->count = 0;
     e66:	10 92 ed 02 	sts	0x02ED, r1
     e6a:	10 92 ec 02 	sts	0x02EC, r1

                    // Reset Stats
                    Stat_Reset(&stat_red);
                    Stat_Reset(&stat_ir);
                    
                    last_heartbeat = crossed_time;
     e6e:	80 91 a0 02 	lds	r24, 0x02A0
     e72:	90 91 a1 02 	lds	r25, 0x02A1
     e76:	a0 91 a2 02 	lds	r26, 0x02A2
     e7a:	b0 91 a3 02 	lds	r27, 0x02A3
     e7e:	80 93 92 02 	sts	0x0292, r24
     e82:	90 93 93 02 	sts	0x0293, r25
     e86:	a0 93 94 02 	sts	0x0294, r26
     e8a:	b0 93 95 02 	sts	0x0295, r27
                    crossed = 0;
     e8e:	10 92 9f 02 	sts	0x029F, r1
                }
            }
            last_diff = f_diff;
     e92:	8f 85       	ldd	r24, Y+15	; 0x0f
     e94:	98 89       	ldd	r25, Y+16	; 0x10
     e96:	a9 89       	ldd	r26, Y+17	; 0x11
     e98:	ba 89       	ldd	r27, Y+18	; 0x12
     e9a:	80 93 9b 02 	sts	0x029B, r24
     e9e:	90 93 9c 02 	sts	0x029C, r25
     ea2:	a0 93 9d 02 	sts	0x029D, r26
     ea6:	b0 93 9e 02 	sts	0x029E, r27
     eaa:	80 e4       	ldi	r24, 0x40	; 64
     eac:	9c e9       	ldi	r25, 0x9C	; 156
     eae:	01 97       	sbiw	r24, 0x01	; 1
     eb0:	f1 f7       	brne	.-4      	; 0xeae <main+0x5d4>
     eb2:	8d cd       	rjmp	.-1254   	; 0x9ce <main+0xf4>

00000eb4 <_fpadd_parts>:
     eb4:	a0 e0       	ldi	r26, 0x00	; 0
     eb6:	b0 e0       	ldi	r27, 0x00	; 0
     eb8:	e0 e6       	ldi	r30, 0x60	; 96
     eba:	f7 e0       	ldi	r31, 0x07	; 7
     ebc:	0c 94 97 0e 	jmp	0x1d2e	; 0x1d2e <__prologue_saves__>
     ec0:	dc 01       	movw	r26, r24
     ec2:	2b 01       	movw	r4, r22
     ec4:	fa 01       	movw	r30, r20
     ec6:	9c 91       	ld	r25, X
     ec8:	92 30       	cpi	r25, 0x02	; 2
     eca:	08 f4       	brcc	.+2      	; 0xece <_fpadd_parts+0x1a>
     ecc:	39 c1       	rjmp	.+626    	; 0x1140 <__stack+0x41>
     ece:	eb 01       	movw	r28, r22
     ed0:	88 81       	ld	r24, Y
     ed2:	82 30       	cpi	r24, 0x02	; 2
     ed4:	08 f4       	brcc	.+2      	; 0xed8 <_fpadd_parts+0x24>
     ed6:	33 c1       	rjmp	.+614    	; 0x113e <__stack+0x3f>
     ed8:	94 30       	cpi	r25, 0x04	; 4
     eda:	69 f4       	brne	.+26     	; 0xef6 <_fpadd_parts+0x42>
     edc:	84 30       	cpi	r24, 0x04	; 4
     ede:	09 f0       	breq	.+2      	; 0xee2 <_fpadd_parts+0x2e>
     ee0:	2f c1       	rjmp	.+606    	; 0x1140 <__stack+0x41>
     ee2:	11 96       	adiw	r26, 0x01	; 1
     ee4:	9c 91       	ld	r25, X
     ee6:	11 97       	sbiw	r26, 0x01	; 1
     ee8:	89 81       	ldd	r24, Y+1	; 0x01
     eea:	98 17       	cp	r25, r24
     eec:	09 f4       	brne	.+2      	; 0xef0 <_fpadd_parts+0x3c>
     eee:	28 c1       	rjmp	.+592    	; 0x1140 <__stack+0x41>
     ef0:	a6 e8       	ldi	r26, 0x86	; 134
     ef2:	b1 e0       	ldi	r27, 0x01	; 1
     ef4:	25 c1       	rjmp	.+586    	; 0x1140 <__stack+0x41>
     ef6:	84 30       	cpi	r24, 0x04	; 4
     ef8:	09 f4       	brne	.+2      	; 0xefc <_fpadd_parts+0x48>
     efa:	21 c1       	rjmp	.+578    	; 0x113e <__stack+0x3f>
     efc:	82 30       	cpi	r24, 0x02	; 2
     efe:	a9 f4       	brne	.+42     	; 0xf2a <_fpadd_parts+0x76>
     f00:	92 30       	cpi	r25, 0x02	; 2
     f02:	09 f0       	breq	.+2      	; 0xf06 <_fpadd_parts+0x52>
     f04:	1d c1       	rjmp	.+570    	; 0x1140 <__stack+0x41>
     f06:	9a 01       	movw	r18, r20
     f08:	ad 01       	movw	r20, r26
     f0a:	88 e0       	ldi	r24, 0x08	; 8
     f0c:	ea 01       	movw	r28, r20
     f0e:	09 90       	ld	r0, Y+
     f10:	ae 01       	movw	r20, r28
     f12:	e9 01       	movw	r28, r18
     f14:	09 92       	st	Y+, r0
     f16:	9e 01       	movw	r18, r28
     f18:	81 50       	subi	r24, 0x01	; 1
     f1a:	c1 f7       	brne	.-16     	; 0xf0c <_fpadd_parts+0x58>
     f1c:	e2 01       	movw	r28, r4
     f1e:	89 81       	ldd	r24, Y+1	; 0x01
     f20:	11 96       	adiw	r26, 0x01	; 1
     f22:	9c 91       	ld	r25, X
     f24:	89 23       	and	r24, r25
     f26:	81 83       	std	Z+1, r24	; 0x01
     f28:	08 c1       	rjmp	.+528    	; 0x113a <__stack+0x3b>
     f2a:	92 30       	cpi	r25, 0x02	; 2
     f2c:	09 f4       	brne	.+2      	; 0xf30 <_fpadd_parts+0x7c>
     f2e:	07 c1       	rjmp	.+526    	; 0x113e <__stack+0x3f>
     f30:	12 96       	adiw	r26, 0x02	; 2
     f32:	2d 90       	ld	r2, X+
     f34:	3c 90       	ld	r3, X
     f36:	13 97       	sbiw	r26, 0x03	; 3
     f38:	eb 01       	movw	r28, r22
     f3a:	8a 81       	ldd	r24, Y+2	; 0x02
     f3c:	9b 81       	ldd	r25, Y+3	; 0x03
     f3e:	14 96       	adiw	r26, 0x04	; 4
     f40:	ad 90       	ld	r10, X+
     f42:	bd 90       	ld	r11, X+
     f44:	cd 90       	ld	r12, X+
     f46:	dc 90       	ld	r13, X
     f48:	17 97       	sbiw	r26, 0x07	; 7
     f4a:	ec 80       	ldd	r14, Y+4	; 0x04
     f4c:	fd 80       	ldd	r15, Y+5	; 0x05
     f4e:	0e 81       	ldd	r16, Y+6	; 0x06
     f50:	1f 81       	ldd	r17, Y+7	; 0x07
     f52:	91 01       	movw	r18, r2
     f54:	28 1b       	sub	r18, r24
     f56:	39 0b       	sbc	r19, r25
     f58:	b9 01       	movw	r22, r18
     f5a:	37 ff       	sbrs	r19, 7
     f5c:	04 c0       	rjmp	.+8      	; 0xf66 <_fpadd_parts+0xb2>
     f5e:	66 27       	eor	r22, r22
     f60:	77 27       	eor	r23, r23
     f62:	62 1b       	sub	r22, r18
     f64:	73 0b       	sbc	r23, r19
     f66:	60 32       	cpi	r22, 0x20	; 32
     f68:	71 05       	cpc	r23, r1
     f6a:	0c f0       	brlt	.+2      	; 0xf6e <_fpadd_parts+0xba>
     f6c:	61 c0       	rjmp	.+194    	; 0x1030 <_fpadd_parts+0x17c>
     f6e:	12 16       	cp	r1, r18
     f70:	13 06       	cpc	r1, r19
     f72:	6c f5       	brge	.+90     	; 0xfce <_fpadd_parts+0x11a>
     f74:	37 01       	movw	r6, r14
     f76:	48 01       	movw	r8, r16
     f78:	06 2e       	mov	r0, r22
     f7a:	04 c0       	rjmp	.+8      	; 0xf84 <_fpadd_parts+0xd0>
     f7c:	96 94       	lsr	r9
     f7e:	87 94       	ror	r8
     f80:	77 94       	ror	r7
     f82:	67 94       	ror	r6
     f84:	0a 94       	dec	r0
     f86:	d2 f7       	brpl	.-12     	; 0xf7c <_fpadd_parts+0xc8>
     f88:	21 e0       	ldi	r18, 0x01	; 1
     f8a:	30 e0       	ldi	r19, 0x00	; 0
     f8c:	40 e0       	ldi	r20, 0x00	; 0
     f8e:	50 e0       	ldi	r21, 0x00	; 0
     f90:	04 c0       	rjmp	.+8      	; 0xf9a <_fpadd_parts+0xe6>
     f92:	22 0f       	add	r18, r18
     f94:	33 1f       	adc	r19, r19
     f96:	44 1f       	adc	r20, r20
     f98:	55 1f       	adc	r21, r21
     f9a:	6a 95       	dec	r22
     f9c:	d2 f7       	brpl	.-12     	; 0xf92 <_fpadd_parts+0xde>
     f9e:	21 50       	subi	r18, 0x01	; 1
     fa0:	30 40       	sbci	r19, 0x00	; 0
     fa2:	40 40       	sbci	r20, 0x00	; 0
     fa4:	50 40       	sbci	r21, 0x00	; 0
     fa6:	2e 21       	and	r18, r14
     fa8:	3f 21       	and	r19, r15
     faa:	40 23       	and	r20, r16
     fac:	51 23       	and	r21, r17
     fae:	21 15       	cp	r18, r1
     fb0:	31 05       	cpc	r19, r1
     fb2:	41 05       	cpc	r20, r1
     fb4:	51 05       	cpc	r21, r1
     fb6:	21 f0       	breq	.+8      	; 0xfc0 <_fpadd_parts+0x10c>
     fb8:	21 e0       	ldi	r18, 0x01	; 1
     fba:	30 e0       	ldi	r19, 0x00	; 0
     fbc:	40 e0       	ldi	r20, 0x00	; 0
     fbe:	50 e0       	ldi	r21, 0x00	; 0
     fc0:	79 01       	movw	r14, r18
     fc2:	8a 01       	movw	r16, r20
     fc4:	e6 28       	or	r14, r6
     fc6:	f7 28       	or	r15, r7
     fc8:	08 29       	or	r16, r8
     fca:	19 29       	or	r17, r9
     fcc:	3c c0       	rjmp	.+120    	; 0x1046 <_fpadd_parts+0x192>
     fce:	23 2b       	or	r18, r19
     fd0:	d1 f1       	breq	.+116    	; 0x1046 <_fpadd_parts+0x192>
     fd2:	26 0e       	add	r2, r22
     fd4:	37 1e       	adc	r3, r23
     fd6:	35 01       	movw	r6, r10
     fd8:	46 01       	movw	r8, r12
     fda:	06 2e       	mov	r0, r22
     fdc:	04 c0       	rjmp	.+8      	; 0xfe6 <_fpadd_parts+0x132>
     fde:	96 94       	lsr	r9
     fe0:	87 94       	ror	r8
     fe2:	77 94       	ror	r7
     fe4:	67 94       	ror	r6
     fe6:	0a 94       	dec	r0
     fe8:	d2 f7       	brpl	.-12     	; 0xfde <_fpadd_parts+0x12a>
     fea:	21 e0       	ldi	r18, 0x01	; 1
     fec:	30 e0       	ldi	r19, 0x00	; 0
     fee:	40 e0       	ldi	r20, 0x00	; 0
     ff0:	50 e0       	ldi	r21, 0x00	; 0
     ff2:	04 c0       	rjmp	.+8      	; 0xffc <_fpadd_parts+0x148>
     ff4:	22 0f       	add	r18, r18
     ff6:	33 1f       	adc	r19, r19
     ff8:	44 1f       	adc	r20, r20
     ffa:	55 1f       	adc	r21, r21
     ffc:	6a 95       	dec	r22
     ffe:	d2 f7       	brpl	.-12     	; 0xff4 <_fpadd_parts+0x140>
    1000:	21 50       	subi	r18, 0x01	; 1
    1002:	30 40       	sbci	r19, 0x00	; 0
    1004:	40 40       	sbci	r20, 0x00	; 0
    1006:	50 40       	sbci	r21, 0x00	; 0
    1008:	2a 21       	and	r18, r10
    100a:	3b 21       	and	r19, r11
    100c:	4c 21       	and	r20, r12
    100e:	5d 21       	and	r21, r13
    1010:	21 15       	cp	r18, r1
    1012:	31 05       	cpc	r19, r1
    1014:	41 05       	cpc	r20, r1
    1016:	51 05       	cpc	r21, r1
    1018:	21 f0       	breq	.+8      	; 0x1022 <_fpadd_parts+0x16e>
    101a:	21 e0       	ldi	r18, 0x01	; 1
    101c:	30 e0       	ldi	r19, 0x00	; 0
    101e:	40 e0       	ldi	r20, 0x00	; 0
    1020:	50 e0       	ldi	r21, 0x00	; 0
    1022:	59 01       	movw	r10, r18
    1024:	6a 01       	movw	r12, r20
    1026:	a6 28       	or	r10, r6
    1028:	b7 28       	or	r11, r7
    102a:	c8 28       	or	r12, r8
    102c:	d9 28       	or	r13, r9
    102e:	0b c0       	rjmp	.+22     	; 0x1046 <_fpadd_parts+0x192>
    1030:	82 15       	cp	r24, r2
    1032:	93 05       	cpc	r25, r3
    1034:	2c f0       	brlt	.+10     	; 0x1040 <_fpadd_parts+0x18c>
    1036:	1c 01       	movw	r2, r24
    1038:	aa 24       	eor	r10, r10
    103a:	bb 24       	eor	r11, r11
    103c:	65 01       	movw	r12, r10
    103e:	03 c0       	rjmp	.+6      	; 0x1046 <_fpadd_parts+0x192>
    1040:	ee 24       	eor	r14, r14
    1042:	ff 24       	eor	r15, r15
    1044:	87 01       	movw	r16, r14
    1046:	11 96       	adiw	r26, 0x01	; 1
    1048:	9c 91       	ld	r25, X
    104a:	d2 01       	movw	r26, r4
    104c:	11 96       	adiw	r26, 0x01	; 1
    104e:	8c 91       	ld	r24, X
    1050:	98 17       	cp	r25, r24
    1052:	09 f4       	brne	.+2      	; 0x1056 <_fpadd_parts+0x1a2>
    1054:	45 c0       	rjmp	.+138    	; 0x10e0 <_fpadd_parts+0x22c>
    1056:	99 23       	and	r25, r25
    1058:	39 f0       	breq	.+14     	; 0x1068 <_fpadd_parts+0x1b4>
    105a:	a8 01       	movw	r20, r16
    105c:	97 01       	movw	r18, r14
    105e:	2a 19       	sub	r18, r10
    1060:	3b 09       	sbc	r19, r11
    1062:	4c 09       	sbc	r20, r12
    1064:	5d 09       	sbc	r21, r13
    1066:	06 c0       	rjmp	.+12     	; 0x1074 <_fpadd_parts+0x1c0>
    1068:	a6 01       	movw	r20, r12
    106a:	95 01       	movw	r18, r10
    106c:	2e 19       	sub	r18, r14
    106e:	3f 09       	sbc	r19, r15
    1070:	40 0b       	sbc	r20, r16
    1072:	51 0b       	sbc	r21, r17
    1074:	57 fd       	sbrc	r21, 7
    1076:	08 c0       	rjmp	.+16     	; 0x1088 <_fpadd_parts+0x1d4>
    1078:	11 82       	std	Z+1, r1	; 0x01
    107a:	33 82       	std	Z+3, r3	; 0x03
    107c:	22 82       	std	Z+2, r2	; 0x02
    107e:	24 83       	std	Z+4, r18	; 0x04
    1080:	35 83       	std	Z+5, r19	; 0x05
    1082:	46 83       	std	Z+6, r20	; 0x06
    1084:	57 83       	std	Z+7, r21	; 0x07
    1086:	1d c0       	rjmp	.+58     	; 0x10c2 <_fpadd_parts+0x20e>
    1088:	81 e0       	ldi	r24, 0x01	; 1
    108a:	81 83       	std	Z+1, r24	; 0x01
    108c:	33 82       	std	Z+3, r3	; 0x03
    108e:	22 82       	std	Z+2, r2	; 0x02
    1090:	88 27       	eor	r24, r24
    1092:	99 27       	eor	r25, r25
    1094:	dc 01       	movw	r26, r24
    1096:	82 1b       	sub	r24, r18
    1098:	93 0b       	sbc	r25, r19
    109a:	a4 0b       	sbc	r26, r20
    109c:	b5 0b       	sbc	r27, r21
    109e:	84 83       	std	Z+4, r24	; 0x04
    10a0:	95 83       	std	Z+5, r25	; 0x05
    10a2:	a6 83       	std	Z+6, r26	; 0x06
    10a4:	b7 83       	std	Z+7, r27	; 0x07
    10a6:	0d c0       	rjmp	.+26     	; 0x10c2 <_fpadd_parts+0x20e>
    10a8:	22 0f       	add	r18, r18
    10aa:	33 1f       	adc	r19, r19
    10ac:	44 1f       	adc	r20, r20
    10ae:	55 1f       	adc	r21, r21
    10b0:	24 83       	std	Z+4, r18	; 0x04
    10b2:	35 83       	std	Z+5, r19	; 0x05
    10b4:	46 83       	std	Z+6, r20	; 0x06
    10b6:	57 83       	std	Z+7, r21	; 0x07
    10b8:	82 81       	ldd	r24, Z+2	; 0x02
    10ba:	93 81       	ldd	r25, Z+3	; 0x03
    10bc:	01 97       	sbiw	r24, 0x01	; 1
    10be:	93 83       	std	Z+3, r25	; 0x03
    10c0:	82 83       	std	Z+2, r24	; 0x02
    10c2:	24 81       	ldd	r18, Z+4	; 0x04
    10c4:	35 81       	ldd	r19, Z+5	; 0x05
    10c6:	46 81       	ldd	r20, Z+6	; 0x06
    10c8:	57 81       	ldd	r21, Z+7	; 0x07
    10ca:	da 01       	movw	r26, r20
    10cc:	c9 01       	movw	r24, r18
    10ce:	01 97       	sbiw	r24, 0x01	; 1
    10d0:	a1 09       	sbc	r26, r1
    10d2:	b1 09       	sbc	r27, r1
    10d4:	8f 5f       	subi	r24, 0xFF	; 255
    10d6:	9f 4f       	sbci	r25, 0xFF	; 255
    10d8:	af 4f       	sbci	r26, 0xFF	; 255
    10da:	bf 43       	sbci	r27, 0x3F	; 63
    10dc:	28 f3       	brcs	.-54     	; 0x10a8 <_fpadd_parts+0x1f4>
    10de:	0b c0       	rjmp	.+22     	; 0x10f6 <_fpadd_parts+0x242>
    10e0:	91 83       	std	Z+1, r25	; 0x01
    10e2:	33 82       	std	Z+3, r3	; 0x03
    10e4:	22 82       	std	Z+2, r2	; 0x02
    10e6:	ea 0c       	add	r14, r10
    10e8:	fb 1c       	adc	r15, r11
    10ea:	0c 1d       	adc	r16, r12
    10ec:	1d 1d       	adc	r17, r13
    10ee:	e4 82       	std	Z+4, r14	; 0x04
    10f0:	f5 82       	std	Z+5, r15	; 0x05
    10f2:	06 83       	std	Z+6, r16	; 0x06
    10f4:	17 83       	std	Z+7, r17	; 0x07
    10f6:	83 e0       	ldi	r24, 0x03	; 3
    10f8:	80 83       	st	Z, r24
    10fa:	24 81       	ldd	r18, Z+4	; 0x04
    10fc:	35 81       	ldd	r19, Z+5	; 0x05
    10fe:	46 81       	ldd	r20, Z+6	; 0x06
    1100:	57 81       	ldd	r21, Z+7	; 0x07
    1102:	57 ff       	sbrs	r21, 7
    1104:	1a c0       	rjmp	.+52     	; 0x113a <__stack+0x3b>
    1106:	c9 01       	movw	r24, r18
    1108:	aa 27       	eor	r26, r26
    110a:	97 fd       	sbrc	r25, 7
    110c:	a0 95       	com	r26
    110e:	ba 2f       	mov	r27, r26
    1110:	81 70       	andi	r24, 0x01	; 1
    1112:	90 70       	andi	r25, 0x00	; 0
    1114:	a0 70       	andi	r26, 0x00	; 0
    1116:	b0 70       	andi	r27, 0x00	; 0
    1118:	56 95       	lsr	r21
    111a:	47 95       	ror	r20
    111c:	37 95       	ror	r19
    111e:	27 95       	ror	r18
    1120:	82 2b       	or	r24, r18
    1122:	93 2b       	or	r25, r19
    1124:	a4 2b       	or	r26, r20
    1126:	b5 2b       	or	r27, r21
    1128:	84 83       	std	Z+4, r24	; 0x04
    112a:	95 83       	std	Z+5, r25	; 0x05
    112c:	a6 83       	std	Z+6, r26	; 0x06
    112e:	b7 83       	std	Z+7, r27	; 0x07
    1130:	82 81       	ldd	r24, Z+2	; 0x02
    1132:	93 81       	ldd	r25, Z+3	; 0x03
    1134:	01 96       	adiw	r24, 0x01	; 1
    1136:	93 83       	std	Z+3, r25	; 0x03
    1138:	82 83       	std	Z+2, r24	; 0x02
    113a:	df 01       	movw	r26, r30
    113c:	01 c0       	rjmp	.+2      	; 0x1140 <__stack+0x41>
    113e:	d2 01       	movw	r26, r4
    1140:	cd 01       	movw	r24, r26
    1142:	cd b7       	in	r28, 0x3d	; 61
    1144:	de b7       	in	r29, 0x3e	; 62
    1146:	e2 e1       	ldi	r30, 0x12	; 18
    1148:	0c 94 b3 0e 	jmp	0x1d66	; 0x1d66 <__epilogue_restores__>

0000114c <__subsf3>:
    114c:	a0 e2       	ldi	r26, 0x20	; 32
    114e:	b0 e0       	ldi	r27, 0x00	; 0
    1150:	ec ea       	ldi	r30, 0xAC	; 172
    1152:	f8 e0       	ldi	r31, 0x08	; 8
    1154:	0c 94 a3 0e 	jmp	0x1d46	; 0x1d46 <__prologue_saves__+0x18>
    1158:	69 83       	std	Y+1, r22	; 0x01
    115a:	7a 83       	std	Y+2, r23	; 0x02
    115c:	8b 83       	std	Y+3, r24	; 0x03
    115e:	9c 83       	std	Y+4, r25	; 0x04
    1160:	2d 83       	std	Y+5, r18	; 0x05
    1162:	3e 83       	std	Y+6, r19	; 0x06
    1164:	4f 83       	std	Y+7, r20	; 0x07
    1166:	58 87       	std	Y+8, r21	; 0x08
    1168:	e9 e0       	ldi	r30, 0x09	; 9
    116a:	ee 2e       	mov	r14, r30
    116c:	f1 2c       	mov	r15, r1
    116e:	ec 0e       	add	r14, r28
    1170:	fd 1e       	adc	r15, r29
    1172:	ce 01       	movw	r24, r28
    1174:	01 96       	adiw	r24, 0x01	; 1
    1176:	b7 01       	movw	r22, r14
    1178:	0e 94 89 0d 	call	0x1b12	; 0x1b12 <__unpack_f>
    117c:	8e 01       	movw	r16, r28
    117e:	0f 5e       	subi	r16, 0xEF	; 239
    1180:	1f 4f       	sbci	r17, 0xFF	; 255
    1182:	ce 01       	movw	r24, r28
    1184:	05 96       	adiw	r24, 0x05	; 5
    1186:	b8 01       	movw	r22, r16
    1188:	0e 94 89 0d 	call	0x1b12	; 0x1b12 <__unpack_f>
    118c:	8a 89       	ldd	r24, Y+18	; 0x12
    118e:	91 e0       	ldi	r25, 0x01	; 1
    1190:	89 27       	eor	r24, r25
    1192:	8a 8b       	std	Y+18, r24	; 0x12
    1194:	c7 01       	movw	r24, r14
    1196:	b8 01       	movw	r22, r16
    1198:	ae 01       	movw	r20, r28
    119a:	47 5e       	subi	r20, 0xE7	; 231
    119c:	5f 4f       	sbci	r21, 0xFF	; 255
    119e:	0e 94 5a 07 	call	0xeb4	; 0xeb4 <_fpadd_parts>
    11a2:	0e 94 b4 0c 	call	0x1968	; 0x1968 <__pack_f>
    11a6:	a0 96       	adiw	r28, 0x20	; 32
    11a8:	e6 e0       	ldi	r30, 0x06	; 6
    11aa:	0c 94 bf 0e 	jmp	0x1d7e	; 0x1d7e <__epilogue_restores__+0x18>

000011ae <__addsf3>:
    11ae:	a0 e2       	ldi	r26, 0x20	; 32
    11b0:	b0 e0       	ldi	r27, 0x00	; 0
    11b2:	ed ed       	ldi	r30, 0xDD	; 221
    11b4:	f8 e0       	ldi	r31, 0x08	; 8
    11b6:	0c 94 a3 0e 	jmp	0x1d46	; 0x1d46 <__prologue_saves__+0x18>
    11ba:	69 83       	std	Y+1, r22	; 0x01
    11bc:	7a 83       	std	Y+2, r23	; 0x02
    11be:	8b 83       	std	Y+3, r24	; 0x03
    11c0:	9c 83       	std	Y+4, r25	; 0x04
    11c2:	2d 83       	std	Y+5, r18	; 0x05
    11c4:	3e 83       	std	Y+6, r19	; 0x06
    11c6:	4f 83       	std	Y+7, r20	; 0x07
    11c8:	58 87       	std	Y+8, r21	; 0x08
    11ca:	f9 e0       	ldi	r31, 0x09	; 9
    11cc:	ef 2e       	mov	r14, r31
    11ce:	f1 2c       	mov	r15, r1
    11d0:	ec 0e       	add	r14, r28
    11d2:	fd 1e       	adc	r15, r29
    11d4:	ce 01       	movw	r24, r28
    11d6:	01 96       	adiw	r24, 0x01	; 1
    11d8:	b7 01       	movw	r22, r14
    11da:	0e 94 89 0d 	call	0x1b12	; 0x1b12 <__unpack_f>
    11de:	8e 01       	movw	r16, r28
    11e0:	0f 5e       	subi	r16, 0xEF	; 239
    11e2:	1f 4f       	sbci	r17, 0xFF	; 255
    11e4:	ce 01       	movw	r24, r28
    11e6:	05 96       	adiw	r24, 0x05	; 5
    11e8:	b8 01       	movw	r22, r16
    11ea:	0e 94 89 0d 	call	0x1b12	; 0x1b12 <__unpack_f>
    11ee:	c7 01       	movw	r24, r14
    11f0:	b8 01       	movw	r22, r16
    11f2:	ae 01       	movw	r20, r28
    11f4:	47 5e       	subi	r20, 0xE7	; 231
    11f6:	5f 4f       	sbci	r21, 0xFF	; 255
    11f8:	0e 94 5a 07 	call	0xeb4	; 0xeb4 <_fpadd_parts>
    11fc:	0e 94 b4 0c 	call	0x1968	; 0x1968 <__pack_f>
    1200:	a0 96       	adiw	r28, 0x20	; 32
    1202:	e6 e0       	ldi	r30, 0x06	; 6
    1204:	0c 94 bf 0e 	jmp	0x1d7e	; 0x1d7e <__epilogue_restores__+0x18>

00001208 <__mulsf3>:
    1208:	a0 e2       	ldi	r26, 0x20	; 32
    120a:	b0 e0       	ldi	r27, 0x00	; 0
    120c:	ea e0       	ldi	r30, 0x0A	; 10
    120e:	f9 e0       	ldi	r31, 0x09	; 9
    1210:	0c 94 97 0e 	jmp	0x1d2e	; 0x1d2e <__prologue_saves__>
    1214:	69 83       	std	Y+1, r22	; 0x01
    1216:	7a 83       	std	Y+2, r23	; 0x02
    1218:	8b 83       	std	Y+3, r24	; 0x03
    121a:	9c 83       	std	Y+4, r25	; 0x04
    121c:	2d 83       	std	Y+5, r18	; 0x05
    121e:	3e 83       	std	Y+6, r19	; 0x06
    1220:	4f 83       	std	Y+7, r20	; 0x07
    1222:	58 87       	std	Y+8, r21	; 0x08
    1224:	ce 01       	movw	r24, r28
    1226:	01 96       	adiw	r24, 0x01	; 1
    1228:	be 01       	movw	r22, r28
    122a:	67 5f       	subi	r22, 0xF7	; 247
    122c:	7f 4f       	sbci	r23, 0xFF	; 255
    122e:	0e 94 89 0d 	call	0x1b12	; 0x1b12 <__unpack_f>
    1232:	ce 01       	movw	r24, r28
    1234:	05 96       	adiw	r24, 0x05	; 5
    1236:	be 01       	movw	r22, r28
    1238:	6f 5e       	subi	r22, 0xEF	; 239
    123a:	7f 4f       	sbci	r23, 0xFF	; 255
    123c:	0e 94 89 0d 	call	0x1b12	; 0x1b12 <__unpack_f>
    1240:	99 85       	ldd	r25, Y+9	; 0x09
    1242:	92 30       	cpi	r25, 0x02	; 2
    1244:	88 f0       	brcs	.+34     	; 0x1268 <__mulsf3+0x60>
    1246:	89 89       	ldd	r24, Y+17	; 0x11
    1248:	82 30       	cpi	r24, 0x02	; 2
    124a:	c8 f0       	brcs	.+50     	; 0x127e <__mulsf3+0x76>
    124c:	94 30       	cpi	r25, 0x04	; 4
    124e:	19 f4       	brne	.+6      	; 0x1256 <__mulsf3+0x4e>
    1250:	82 30       	cpi	r24, 0x02	; 2
    1252:	51 f4       	brne	.+20     	; 0x1268 <__mulsf3+0x60>
    1254:	04 c0       	rjmp	.+8      	; 0x125e <__mulsf3+0x56>
    1256:	84 30       	cpi	r24, 0x04	; 4
    1258:	29 f4       	brne	.+10     	; 0x1264 <__mulsf3+0x5c>
    125a:	92 30       	cpi	r25, 0x02	; 2
    125c:	81 f4       	brne	.+32     	; 0x127e <__mulsf3+0x76>
    125e:	86 e8       	ldi	r24, 0x86	; 134
    1260:	91 e0       	ldi	r25, 0x01	; 1
    1262:	c6 c0       	rjmp	.+396    	; 0x13f0 <__mulsf3+0x1e8>
    1264:	92 30       	cpi	r25, 0x02	; 2
    1266:	49 f4       	brne	.+18     	; 0x127a <__mulsf3+0x72>
    1268:	20 e0       	ldi	r18, 0x00	; 0
    126a:	9a 85       	ldd	r25, Y+10	; 0x0a
    126c:	8a 89       	ldd	r24, Y+18	; 0x12
    126e:	98 13       	cpse	r25, r24
    1270:	21 e0       	ldi	r18, 0x01	; 1
    1272:	2a 87       	std	Y+10, r18	; 0x0a
    1274:	ce 01       	movw	r24, r28
    1276:	09 96       	adiw	r24, 0x09	; 9
    1278:	bb c0       	rjmp	.+374    	; 0x13f0 <__mulsf3+0x1e8>
    127a:	82 30       	cpi	r24, 0x02	; 2
    127c:	49 f4       	brne	.+18     	; 0x1290 <__mulsf3+0x88>
    127e:	20 e0       	ldi	r18, 0x00	; 0
    1280:	9a 85       	ldd	r25, Y+10	; 0x0a
    1282:	8a 89       	ldd	r24, Y+18	; 0x12
    1284:	98 13       	cpse	r25, r24
    1286:	21 e0       	ldi	r18, 0x01	; 1
    1288:	2a 8b       	std	Y+18, r18	; 0x12
    128a:	ce 01       	movw	r24, r28
    128c:	41 96       	adiw	r24, 0x11	; 17
    128e:	b0 c0       	rjmp	.+352    	; 0x13f0 <__mulsf3+0x1e8>
    1290:	2d 84       	ldd	r2, Y+13	; 0x0d
    1292:	3e 84       	ldd	r3, Y+14	; 0x0e
    1294:	4f 84       	ldd	r4, Y+15	; 0x0f
    1296:	58 88       	ldd	r5, Y+16	; 0x10
    1298:	6d 88       	ldd	r6, Y+21	; 0x15
    129a:	7e 88       	ldd	r7, Y+22	; 0x16
    129c:	8f 88       	ldd	r8, Y+23	; 0x17
    129e:	98 8c       	ldd	r9, Y+24	; 0x18
    12a0:	ee 24       	eor	r14, r14
    12a2:	ff 24       	eor	r15, r15
    12a4:	87 01       	movw	r16, r14
    12a6:	aa 24       	eor	r10, r10
    12a8:	bb 24       	eor	r11, r11
    12aa:	65 01       	movw	r12, r10
    12ac:	40 e0       	ldi	r20, 0x00	; 0
    12ae:	50 e0       	ldi	r21, 0x00	; 0
    12b0:	60 e0       	ldi	r22, 0x00	; 0
    12b2:	70 e0       	ldi	r23, 0x00	; 0
    12b4:	e0 e0       	ldi	r30, 0x00	; 0
    12b6:	f0 e0       	ldi	r31, 0x00	; 0
    12b8:	c1 01       	movw	r24, r2
    12ba:	81 70       	andi	r24, 0x01	; 1
    12bc:	90 70       	andi	r25, 0x00	; 0
    12be:	89 2b       	or	r24, r25
    12c0:	e9 f0       	breq	.+58     	; 0x12fc <__mulsf3+0xf4>
    12c2:	e6 0c       	add	r14, r6
    12c4:	f7 1c       	adc	r15, r7
    12c6:	08 1d       	adc	r16, r8
    12c8:	19 1d       	adc	r17, r9
    12ca:	9a 01       	movw	r18, r20
    12cc:	ab 01       	movw	r20, r22
    12ce:	2a 0d       	add	r18, r10
    12d0:	3b 1d       	adc	r19, r11
    12d2:	4c 1d       	adc	r20, r12
    12d4:	5d 1d       	adc	r21, r13
    12d6:	80 e0       	ldi	r24, 0x00	; 0
    12d8:	90 e0       	ldi	r25, 0x00	; 0
    12da:	a0 e0       	ldi	r26, 0x00	; 0
    12dc:	b0 e0       	ldi	r27, 0x00	; 0
    12de:	e6 14       	cp	r14, r6
    12e0:	f7 04       	cpc	r15, r7
    12e2:	08 05       	cpc	r16, r8
    12e4:	19 05       	cpc	r17, r9
    12e6:	20 f4       	brcc	.+8      	; 0x12f0 <__mulsf3+0xe8>
    12e8:	81 e0       	ldi	r24, 0x01	; 1
    12ea:	90 e0       	ldi	r25, 0x00	; 0
    12ec:	a0 e0       	ldi	r26, 0x00	; 0
    12ee:	b0 e0       	ldi	r27, 0x00	; 0
    12f0:	ba 01       	movw	r22, r20
    12f2:	a9 01       	movw	r20, r18
    12f4:	48 0f       	add	r20, r24
    12f6:	59 1f       	adc	r21, r25
    12f8:	6a 1f       	adc	r22, r26
    12fa:	7b 1f       	adc	r23, r27
    12fc:	aa 0c       	add	r10, r10
    12fe:	bb 1c       	adc	r11, r11
    1300:	cc 1c       	adc	r12, r12
    1302:	dd 1c       	adc	r13, r13
    1304:	97 fe       	sbrs	r9, 7
    1306:	08 c0       	rjmp	.+16     	; 0x1318 <__mulsf3+0x110>
    1308:	81 e0       	ldi	r24, 0x01	; 1
    130a:	90 e0       	ldi	r25, 0x00	; 0
    130c:	a0 e0       	ldi	r26, 0x00	; 0
    130e:	b0 e0       	ldi	r27, 0x00	; 0
    1310:	a8 2a       	or	r10, r24
    1312:	b9 2a       	or	r11, r25
    1314:	ca 2a       	or	r12, r26
    1316:	db 2a       	or	r13, r27
    1318:	31 96       	adiw	r30, 0x01	; 1
    131a:	e0 32       	cpi	r30, 0x20	; 32
    131c:	f1 05       	cpc	r31, r1
    131e:	49 f0       	breq	.+18     	; 0x1332 <__mulsf3+0x12a>
    1320:	66 0c       	add	r6, r6
    1322:	77 1c       	adc	r7, r7
    1324:	88 1c       	adc	r8, r8
    1326:	99 1c       	adc	r9, r9
    1328:	56 94       	lsr	r5
    132a:	47 94       	ror	r4
    132c:	37 94       	ror	r3
    132e:	27 94       	ror	r2
    1330:	c3 cf       	rjmp	.-122    	; 0x12b8 <__mulsf3+0xb0>
    1332:	fa 85       	ldd	r31, Y+10	; 0x0a
    1334:	ea 89       	ldd	r30, Y+18	; 0x12
    1336:	2b 89       	ldd	r18, Y+19	; 0x13
    1338:	3c 89       	ldd	r19, Y+20	; 0x14
    133a:	8b 85       	ldd	r24, Y+11	; 0x0b
    133c:	9c 85       	ldd	r25, Y+12	; 0x0c
    133e:	28 0f       	add	r18, r24
    1340:	39 1f       	adc	r19, r25
    1342:	2e 5f       	subi	r18, 0xFE	; 254
    1344:	3f 4f       	sbci	r19, 0xFF	; 255
    1346:	17 c0       	rjmp	.+46     	; 0x1376 <__mulsf3+0x16e>
    1348:	ca 01       	movw	r24, r20
    134a:	81 70       	andi	r24, 0x01	; 1
    134c:	90 70       	andi	r25, 0x00	; 0
    134e:	89 2b       	or	r24, r25
    1350:	61 f0       	breq	.+24     	; 0x136a <__mulsf3+0x162>
    1352:	16 95       	lsr	r17
    1354:	07 95       	ror	r16
    1356:	f7 94       	ror	r15
    1358:	e7 94       	ror	r14
    135a:	80 e0       	ldi	r24, 0x00	; 0
    135c:	90 e0       	ldi	r25, 0x00	; 0
    135e:	a0 e0       	ldi	r26, 0x00	; 0
    1360:	b0 e8       	ldi	r27, 0x80	; 128
    1362:	e8 2a       	or	r14, r24
    1364:	f9 2a       	or	r15, r25
    1366:	0a 2b       	or	r16, r26
    1368:	1b 2b       	or	r17, r27
    136a:	76 95       	lsr	r23
    136c:	67 95       	ror	r22
    136e:	57 95       	ror	r21
    1370:	47 95       	ror	r20
    1372:	2f 5f       	subi	r18, 0xFF	; 255
    1374:	3f 4f       	sbci	r19, 0xFF	; 255
    1376:	77 fd       	sbrc	r23, 7
    1378:	e7 cf       	rjmp	.-50     	; 0x1348 <__mulsf3+0x140>
    137a:	0c c0       	rjmp	.+24     	; 0x1394 <__mulsf3+0x18c>
    137c:	44 0f       	add	r20, r20
    137e:	55 1f       	adc	r21, r21
    1380:	66 1f       	adc	r22, r22
    1382:	77 1f       	adc	r23, r23
    1384:	17 fd       	sbrc	r17, 7
    1386:	41 60       	ori	r20, 0x01	; 1
    1388:	ee 0c       	add	r14, r14
    138a:	ff 1c       	adc	r15, r15
    138c:	00 1f       	adc	r16, r16
    138e:	11 1f       	adc	r17, r17
    1390:	21 50       	subi	r18, 0x01	; 1
    1392:	30 40       	sbci	r19, 0x00	; 0
    1394:	40 30       	cpi	r20, 0x00	; 0
    1396:	90 e0       	ldi	r25, 0x00	; 0
    1398:	59 07       	cpc	r21, r25
    139a:	90 e0       	ldi	r25, 0x00	; 0
    139c:	69 07       	cpc	r22, r25
    139e:	90 e4       	ldi	r25, 0x40	; 64
    13a0:	79 07       	cpc	r23, r25
    13a2:	60 f3       	brcs	.-40     	; 0x137c <__mulsf3+0x174>
    13a4:	2b 8f       	std	Y+27, r18	; 0x1b
    13a6:	3c 8f       	std	Y+28, r19	; 0x1c
    13a8:	db 01       	movw	r26, r22
    13aa:	ca 01       	movw	r24, r20
    13ac:	8f 77       	andi	r24, 0x7F	; 127
    13ae:	90 70       	andi	r25, 0x00	; 0
    13b0:	a0 70       	andi	r26, 0x00	; 0
    13b2:	b0 70       	andi	r27, 0x00	; 0
    13b4:	80 34       	cpi	r24, 0x40	; 64
    13b6:	91 05       	cpc	r25, r1
    13b8:	a1 05       	cpc	r26, r1
    13ba:	b1 05       	cpc	r27, r1
    13bc:	61 f4       	brne	.+24     	; 0x13d6 <__mulsf3+0x1ce>
    13be:	47 fd       	sbrc	r20, 7
    13c0:	0a c0       	rjmp	.+20     	; 0x13d6 <__mulsf3+0x1ce>
    13c2:	e1 14       	cp	r14, r1
    13c4:	f1 04       	cpc	r15, r1
    13c6:	01 05       	cpc	r16, r1
    13c8:	11 05       	cpc	r17, r1
    13ca:	29 f0       	breq	.+10     	; 0x13d6 <__mulsf3+0x1ce>
    13cc:	40 5c       	subi	r20, 0xC0	; 192
    13ce:	5f 4f       	sbci	r21, 0xFF	; 255
    13d0:	6f 4f       	sbci	r22, 0xFF	; 255
    13d2:	7f 4f       	sbci	r23, 0xFF	; 255
    13d4:	40 78       	andi	r20, 0x80	; 128
    13d6:	1a 8e       	std	Y+26, r1	; 0x1a
    13d8:	fe 17       	cp	r31, r30
    13da:	11 f0       	breq	.+4      	; 0x13e0 <__mulsf3+0x1d8>
    13dc:	81 e0       	ldi	r24, 0x01	; 1
    13de:	8a 8f       	std	Y+26, r24	; 0x1a
    13e0:	4d 8f       	std	Y+29, r20	; 0x1d
    13e2:	5e 8f       	std	Y+30, r21	; 0x1e
    13e4:	6f 8f       	std	Y+31, r22	; 0x1f
    13e6:	78 a3       	std	Y+32, r23	; 0x20
    13e8:	83 e0       	ldi	r24, 0x03	; 3
    13ea:	89 8f       	std	Y+25, r24	; 0x19
    13ec:	ce 01       	movw	r24, r28
    13ee:	49 96       	adiw	r24, 0x19	; 25
    13f0:	0e 94 b4 0c 	call	0x1968	; 0x1968 <__pack_f>
    13f4:	a0 96       	adiw	r28, 0x20	; 32
    13f6:	e2 e1       	ldi	r30, 0x12	; 18
    13f8:	0c 94 b3 0e 	jmp	0x1d66	; 0x1d66 <__epilogue_restores__>

000013fc <__divsf3>:
    13fc:	a8 e1       	ldi	r26, 0x18	; 24
    13fe:	b0 e0       	ldi	r27, 0x00	; 0
    1400:	e4 e0       	ldi	r30, 0x04	; 4
    1402:	fa e0       	ldi	r31, 0x0A	; 10
    1404:	0c 94 9f 0e 	jmp	0x1d3e	; 0x1d3e <__prologue_saves__+0x10>
    1408:	69 83       	std	Y+1, r22	; 0x01
    140a:	7a 83       	std	Y+2, r23	; 0x02
    140c:	8b 83       	std	Y+3, r24	; 0x03
    140e:	9c 83       	std	Y+4, r25	; 0x04
    1410:	2d 83       	std	Y+5, r18	; 0x05
    1412:	3e 83       	std	Y+6, r19	; 0x06
    1414:	4f 83       	std	Y+7, r20	; 0x07
    1416:	58 87       	std	Y+8, r21	; 0x08
    1418:	b9 e0       	ldi	r27, 0x09	; 9
    141a:	eb 2e       	mov	r14, r27
    141c:	f1 2c       	mov	r15, r1
    141e:	ec 0e       	add	r14, r28
    1420:	fd 1e       	adc	r15, r29
    1422:	ce 01       	movw	r24, r28
    1424:	01 96       	adiw	r24, 0x01	; 1
    1426:	b7 01       	movw	r22, r14
    1428:	0e 94 89 0d 	call	0x1b12	; 0x1b12 <__unpack_f>
    142c:	8e 01       	movw	r16, r28
    142e:	0f 5e       	subi	r16, 0xEF	; 239
    1430:	1f 4f       	sbci	r17, 0xFF	; 255
    1432:	ce 01       	movw	r24, r28
    1434:	05 96       	adiw	r24, 0x05	; 5
    1436:	b8 01       	movw	r22, r16
    1438:	0e 94 89 0d 	call	0x1b12	; 0x1b12 <__unpack_f>
    143c:	29 85       	ldd	r18, Y+9	; 0x09
    143e:	22 30       	cpi	r18, 0x02	; 2
    1440:	08 f4       	brcc	.+2      	; 0x1444 <__divsf3+0x48>
    1442:	7e c0       	rjmp	.+252    	; 0x1540 <__divsf3+0x144>
    1444:	39 89       	ldd	r19, Y+17	; 0x11
    1446:	32 30       	cpi	r19, 0x02	; 2
    1448:	10 f4       	brcc	.+4      	; 0x144e <__divsf3+0x52>
    144a:	b8 01       	movw	r22, r16
    144c:	7c c0       	rjmp	.+248    	; 0x1546 <__divsf3+0x14a>
    144e:	8a 85       	ldd	r24, Y+10	; 0x0a
    1450:	9a 89       	ldd	r25, Y+18	; 0x12
    1452:	89 27       	eor	r24, r25
    1454:	8a 87       	std	Y+10, r24	; 0x0a
    1456:	24 30       	cpi	r18, 0x04	; 4
    1458:	11 f0       	breq	.+4      	; 0x145e <__divsf3+0x62>
    145a:	22 30       	cpi	r18, 0x02	; 2
    145c:	31 f4       	brne	.+12     	; 0x146a <__divsf3+0x6e>
    145e:	23 17       	cp	r18, r19
    1460:	09 f0       	breq	.+2      	; 0x1464 <__divsf3+0x68>
    1462:	6e c0       	rjmp	.+220    	; 0x1540 <__divsf3+0x144>
    1464:	66 e8       	ldi	r22, 0x86	; 134
    1466:	71 e0       	ldi	r23, 0x01	; 1
    1468:	6e c0       	rjmp	.+220    	; 0x1546 <__divsf3+0x14a>
    146a:	34 30       	cpi	r19, 0x04	; 4
    146c:	39 f4       	brne	.+14     	; 0x147c <__divsf3+0x80>
    146e:	1d 86       	std	Y+13, r1	; 0x0d
    1470:	1e 86       	std	Y+14, r1	; 0x0e
    1472:	1f 86       	std	Y+15, r1	; 0x0f
    1474:	18 8a       	std	Y+16, r1	; 0x10
    1476:	1c 86       	std	Y+12, r1	; 0x0c
    1478:	1b 86       	std	Y+11, r1	; 0x0b
    147a:	04 c0       	rjmp	.+8      	; 0x1484 <__divsf3+0x88>
    147c:	32 30       	cpi	r19, 0x02	; 2
    147e:	21 f4       	brne	.+8      	; 0x1488 <__divsf3+0x8c>
    1480:	84 e0       	ldi	r24, 0x04	; 4
    1482:	89 87       	std	Y+9, r24	; 0x09
    1484:	b7 01       	movw	r22, r14
    1486:	5f c0       	rjmp	.+190    	; 0x1546 <__divsf3+0x14a>
    1488:	2b 85       	ldd	r18, Y+11	; 0x0b
    148a:	3c 85       	ldd	r19, Y+12	; 0x0c
    148c:	8b 89       	ldd	r24, Y+19	; 0x13
    148e:	9c 89       	ldd	r25, Y+20	; 0x14
    1490:	28 1b       	sub	r18, r24
    1492:	39 0b       	sbc	r19, r25
    1494:	3c 87       	std	Y+12, r19	; 0x0c
    1496:	2b 87       	std	Y+11, r18	; 0x0b
    1498:	ed 84       	ldd	r14, Y+13	; 0x0d
    149a:	fe 84       	ldd	r15, Y+14	; 0x0e
    149c:	0f 85       	ldd	r16, Y+15	; 0x0f
    149e:	18 89       	ldd	r17, Y+16	; 0x10
    14a0:	ad 88       	ldd	r10, Y+21	; 0x15
    14a2:	be 88       	ldd	r11, Y+22	; 0x16
    14a4:	cf 88       	ldd	r12, Y+23	; 0x17
    14a6:	d8 8c       	ldd	r13, Y+24	; 0x18
    14a8:	ea 14       	cp	r14, r10
    14aa:	fb 04       	cpc	r15, r11
    14ac:	0c 05       	cpc	r16, r12
    14ae:	1d 05       	cpc	r17, r13
    14b0:	40 f4       	brcc	.+16     	; 0x14c2 <__divsf3+0xc6>
    14b2:	ee 0c       	add	r14, r14
    14b4:	ff 1c       	adc	r15, r15
    14b6:	00 1f       	adc	r16, r16
    14b8:	11 1f       	adc	r17, r17
    14ba:	21 50       	subi	r18, 0x01	; 1
    14bc:	30 40       	sbci	r19, 0x00	; 0
    14be:	3c 87       	std	Y+12, r19	; 0x0c
    14c0:	2b 87       	std	Y+11, r18	; 0x0b
    14c2:	20 e0       	ldi	r18, 0x00	; 0
    14c4:	30 e0       	ldi	r19, 0x00	; 0
    14c6:	40 e0       	ldi	r20, 0x00	; 0
    14c8:	50 e0       	ldi	r21, 0x00	; 0
    14ca:	80 e0       	ldi	r24, 0x00	; 0
    14cc:	90 e0       	ldi	r25, 0x00	; 0
    14ce:	a0 e0       	ldi	r26, 0x00	; 0
    14d0:	b0 e4       	ldi	r27, 0x40	; 64
    14d2:	60 e0       	ldi	r22, 0x00	; 0
    14d4:	70 e0       	ldi	r23, 0x00	; 0
    14d6:	ea 14       	cp	r14, r10
    14d8:	fb 04       	cpc	r15, r11
    14da:	0c 05       	cpc	r16, r12
    14dc:	1d 05       	cpc	r17, r13
    14de:	40 f0       	brcs	.+16     	; 0x14f0 <__divsf3+0xf4>
    14e0:	28 2b       	or	r18, r24
    14e2:	39 2b       	or	r19, r25
    14e4:	4a 2b       	or	r20, r26
    14e6:	5b 2b       	or	r21, r27
    14e8:	ea 18       	sub	r14, r10
    14ea:	fb 08       	sbc	r15, r11
    14ec:	0c 09       	sbc	r16, r12
    14ee:	1d 09       	sbc	r17, r13
    14f0:	b6 95       	lsr	r27
    14f2:	a7 95       	ror	r26
    14f4:	97 95       	ror	r25
    14f6:	87 95       	ror	r24
    14f8:	ee 0c       	add	r14, r14
    14fa:	ff 1c       	adc	r15, r15
    14fc:	00 1f       	adc	r16, r16
    14fe:	11 1f       	adc	r17, r17
    1500:	6f 5f       	subi	r22, 0xFF	; 255
    1502:	7f 4f       	sbci	r23, 0xFF	; 255
    1504:	6f 31       	cpi	r22, 0x1F	; 31
    1506:	71 05       	cpc	r23, r1
    1508:	31 f7       	brne	.-52     	; 0x14d6 <__divsf3+0xda>
    150a:	da 01       	movw	r26, r20
    150c:	c9 01       	movw	r24, r18
    150e:	8f 77       	andi	r24, 0x7F	; 127
    1510:	90 70       	andi	r25, 0x00	; 0
    1512:	a0 70       	andi	r26, 0x00	; 0
    1514:	b0 70       	andi	r27, 0x00	; 0
    1516:	80 34       	cpi	r24, 0x40	; 64
    1518:	91 05       	cpc	r25, r1
    151a:	a1 05       	cpc	r26, r1
    151c:	b1 05       	cpc	r27, r1
    151e:	61 f4       	brne	.+24     	; 0x1538 <__divsf3+0x13c>
    1520:	27 fd       	sbrc	r18, 7
    1522:	0a c0       	rjmp	.+20     	; 0x1538 <__divsf3+0x13c>
    1524:	e1 14       	cp	r14, r1
    1526:	f1 04       	cpc	r15, r1
    1528:	01 05       	cpc	r16, r1
    152a:	11 05       	cpc	r17, r1
    152c:	29 f0       	breq	.+10     	; 0x1538 <__divsf3+0x13c>
    152e:	20 5c       	subi	r18, 0xC0	; 192
    1530:	3f 4f       	sbci	r19, 0xFF	; 255
    1532:	4f 4f       	sbci	r20, 0xFF	; 255
    1534:	5f 4f       	sbci	r21, 0xFF	; 255
    1536:	20 78       	andi	r18, 0x80	; 128
    1538:	2d 87       	std	Y+13, r18	; 0x0d
    153a:	3e 87       	std	Y+14, r19	; 0x0e
    153c:	4f 87       	std	Y+15, r20	; 0x0f
    153e:	58 8b       	std	Y+16, r21	; 0x10
    1540:	be 01       	movw	r22, r28
    1542:	67 5f       	subi	r22, 0xF7	; 247
    1544:	7f 4f       	sbci	r23, 0xFF	; 255
    1546:	cb 01       	movw	r24, r22
    1548:	0e 94 b4 0c 	call	0x1968	; 0x1968 <__pack_f>
    154c:	68 96       	adiw	r28, 0x18	; 24
    154e:	ea e0       	ldi	r30, 0x0A	; 10
    1550:	0c 94 bb 0e 	jmp	0x1d76	; 0x1d76 <__epilogue_restores__+0x10>

00001554 <__nesf2>:
    1554:	a8 e1       	ldi	r26, 0x18	; 24
    1556:	b0 e0       	ldi	r27, 0x00	; 0
    1558:	e0 eb       	ldi	r30, 0xB0	; 176
    155a:	fa e0       	ldi	r31, 0x0A	; 10
    155c:	0c 94 a3 0e 	jmp	0x1d46	; 0x1d46 <__prologue_saves__+0x18>
    1560:	69 83       	std	Y+1, r22	; 0x01
    1562:	7a 83       	std	Y+2, r23	; 0x02
    1564:	8b 83       	std	Y+3, r24	; 0x03
    1566:	9c 83       	std	Y+4, r25	; 0x04
    1568:	2d 83       	std	Y+5, r18	; 0x05
    156a:	3e 83       	std	Y+6, r19	; 0x06
    156c:	4f 83       	std	Y+7, r20	; 0x07
    156e:	58 87       	std	Y+8, r21	; 0x08
    1570:	89 e0       	ldi	r24, 0x09	; 9
    1572:	e8 2e       	mov	r14, r24
    1574:	f1 2c       	mov	r15, r1
    1576:	ec 0e       	add	r14, r28
    1578:	fd 1e       	adc	r15, r29
    157a:	ce 01       	movw	r24, r28
    157c:	01 96       	adiw	r24, 0x01	; 1
    157e:	b7 01       	movw	r22, r14
    1580:	0e 94 89 0d 	call	0x1b12	; 0x1b12 <__unpack_f>
    1584:	8e 01       	movw	r16, r28
    1586:	0f 5e       	subi	r16, 0xEF	; 239
    1588:	1f 4f       	sbci	r17, 0xFF	; 255
    158a:	ce 01       	movw	r24, r28
    158c:	05 96       	adiw	r24, 0x05	; 5
    158e:	b8 01       	movw	r22, r16
    1590:	0e 94 89 0d 	call	0x1b12	; 0x1b12 <__unpack_f>
    1594:	89 85       	ldd	r24, Y+9	; 0x09
    1596:	82 30       	cpi	r24, 0x02	; 2
    1598:	40 f0       	brcs	.+16     	; 0x15aa <__nesf2+0x56>
    159a:	89 89       	ldd	r24, Y+17	; 0x11
    159c:	82 30       	cpi	r24, 0x02	; 2
    159e:	28 f0       	brcs	.+10     	; 0x15aa <__nesf2+0x56>
    15a0:	c7 01       	movw	r24, r14
    15a2:	b8 01       	movw	r22, r16
    15a4:	0e 94 01 0e 	call	0x1c02	; 0x1c02 <__fpcmp_parts_f>
    15a8:	01 c0       	rjmp	.+2      	; 0x15ac <__nesf2+0x58>
    15aa:	81 e0       	ldi	r24, 0x01	; 1
    15ac:	68 96       	adiw	r28, 0x18	; 24
    15ae:	e6 e0       	ldi	r30, 0x06	; 6
    15b0:	0c 94 bf 0e 	jmp	0x1d7e	; 0x1d7e <__epilogue_restores__+0x18>

000015b4 <__gtsf2>:
    15b4:	a8 e1       	ldi	r26, 0x18	; 24
    15b6:	b0 e0       	ldi	r27, 0x00	; 0
    15b8:	e0 ee       	ldi	r30, 0xE0	; 224
    15ba:	fa e0       	ldi	r31, 0x0A	; 10
    15bc:	0c 94 a3 0e 	jmp	0x1d46	; 0x1d46 <__prologue_saves__+0x18>
    15c0:	69 83       	std	Y+1, r22	; 0x01
    15c2:	7a 83       	std	Y+2, r23	; 0x02
    15c4:	8b 83       	std	Y+3, r24	; 0x03
    15c6:	9c 83       	std	Y+4, r25	; 0x04
    15c8:	2d 83       	std	Y+5, r18	; 0x05
    15ca:	3e 83       	std	Y+6, r19	; 0x06
    15cc:	4f 83       	std	Y+7, r20	; 0x07
    15ce:	58 87       	std	Y+8, r21	; 0x08
    15d0:	89 e0       	ldi	r24, 0x09	; 9
    15d2:	e8 2e       	mov	r14, r24
    15d4:	f1 2c       	mov	r15, r1
    15d6:	ec 0e       	add	r14, r28
    15d8:	fd 1e       	adc	r15, r29
    15da:	ce 01       	movw	r24, r28
    15dc:	01 96       	adiw	r24, 0x01	; 1
    15de:	b7 01       	movw	r22, r14
    15e0:	0e 94 89 0d 	call	0x1b12	; 0x1b12 <__unpack_f>
    15e4:	8e 01       	movw	r16, r28
    15e6:	0f 5e       	subi	r16, 0xEF	; 239
    15e8:	1f 4f       	sbci	r17, 0xFF	; 255
    15ea:	ce 01       	movw	r24, r28
    15ec:	05 96       	adiw	r24, 0x05	; 5
    15ee:	b8 01       	movw	r22, r16
    15f0:	0e 94 89 0d 	call	0x1b12	; 0x1b12 <__unpack_f>
    15f4:	89 85       	ldd	r24, Y+9	; 0x09
    15f6:	82 30       	cpi	r24, 0x02	; 2
    15f8:	40 f0       	brcs	.+16     	; 0x160a <__gtsf2+0x56>
    15fa:	89 89       	ldd	r24, Y+17	; 0x11
    15fc:	82 30       	cpi	r24, 0x02	; 2
    15fe:	28 f0       	brcs	.+10     	; 0x160a <__gtsf2+0x56>
    1600:	c7 01       	movw	r24, r14
    1602:	b8 01       	movw	r22, r16
    1604:	0e 94 01 0e 	call	0x1c02	; 0x1c02 <__fpcmp_parts_f>
    1608:	01 c0       	rjmp	.+2      	; 0x160c <__gtsf2+0x58>
    160a:	8f ef       	ldi	r24, 0xFF	; 255
    160c:	68 96       	adiw	r28, 0x18	; 24
    160e:	e6 e0       	ldi	r30, 0x06	; 6
    1610:	0c 94 bf 0e 	jmp	0x1d7e	; 0x1d7e <__epilogue_restores__+0x18>

00001614 <__ltsf2>:
    1614:	a8 e1       	ldi	r26, 0x18	; 24
    1616:	b0 e0       	ldi	r27, 0x00	; 0
    1618:	e0 e1       	ldi	r30, 0x10	; 16
    161a:	fb e0       	ldi	r31, 0x0B	; 11
    161c:	0c 94 a3 0e 	jmp	0x1d46	; 0x1d46 <__prologue_saves__+0x18>
    1620:	69 83       	std	Y+1, r22	; 0x01
    1622:	7a 83       	std	Y+2, r23	; 0x02
    1624:	8b 83       	std	Y+3, r24	; 0x03
    1626:	9c 83       	std	Y+4, r25	; 0x04
    1628:	2d 83       	std	Y+5, r18	; 0x05
    162a:	3e 83       	std	Y+6, r19	; 0x06
    162c:	4f 83       	std	Y+7, r20	; 0x07
    162e:	58 87       	std	Y+8, r21	; 0x08
    1630:	89 e0       	ldi	r24, 0x09	; 9
    1632:	e8 2e       	mov	r14, r24
    1634:	f1 2c       	mov	r15, r1
    1636:	ec 0e       	add	r14, r28
    1638:	fd 1e       	adc	r15, r29
    163a:	ce 01       	movw	r24, r28
    163c:	01 96       	adiw	r24, 0x01	; 1
    163e:	b7 01       	movw	r22, r14
    1640:	0e 94 89 0d 	call	0x1b12	; 0x1b12 <__unpack_f>
    1644:	8e 01       	movw	r16, r28
    1646:	0f 5e       	subi	r16, 0xEF	; 239
    1648:	1f 4f       	sbci	r17, 0xFF	; 255
    164a:	ce 01       	movw	r24, r28
    164c:	05 96       	adiw	r24, 0x05	; 5
    164e:	b8 01       	movw	r22, r16
    1650:	0e 94 89 0d 	call	0x1b12	; 0x1b12 <__unpack_f>
    1654:	89 85       	ldd	r24, Y+9	; 0x09
    1656:	82 30       	cpi	r24, 0x02	; 2
    1658:	40 f0       	brcs	.+16     	; 0x166a <__ltsf2+0x56>
    165a:	89 89       	ldd	r24, Y+17	; 0x11
    165c:	82 30       	cpi	r24, 0x02	; 2
    165e:	28 f0       	brcs	.+10     	; 0x166a <__ltsf2+0x56>
    1660:	c7 01       	movw	r24, r14
    1662:	b8 01       	movw	r22, r16
    1664:	0e 94 01 0e 	call	0x1c02	; 0x1c02 <__fpcmp_parts_f>
    1668:	01 c0       	rjmp	.+2      	; 0x166c <__ltsf2+0x58>
    166a:	81 e0       	ldi	r24, 0x01	; 1
    166c:	68 96       	adiw	r28, 0x18	; 24
    166e:	e6 e0       	ldi	r30, 0x06	; 6
    1670:	0c 94 bf 0e 	jmp	0x1d7e	; 0x1d7e <__epilogue_restores__+0x18>

00001674 <__floatsisf>:
    1674:	a8 e0       	ldi	r26, 0x08	; 8
    1676:	b0 e0       	ldi	r27, 0x00	; 0
    1678:	e0 e4       	ldi	r30, 0x40	; 64
    167a:	fb e0       	ldi	r31, 0x0B	; 11
    167c:	0c 94 a0 0e 	jmp	0x1d40	; 0x1d40 <__prologue_saves__+0x12>
    1680:	9b 01       	movw	r18, r22
    1682:	ac 01       	movw	r20, r24
    1684:	83 e0       	ldi	r24, 0x03	; 3
    1686:	89 83       	std	Y+1, r24	; 0x01
    1688:	da 01       	movw	r26, r20
    168a:	c9 01       	movw	r24, r18
    168c:	88 27       	eor	r24, r24
    168e:	b7 fd       	sbrc	r27, 7
    1690:	83 95       	inc	r24
    1692:	99 27       	eor	r25, r25
    1694:	aa 27       	eor	r26, r26
    1696:	bb 27       	eor	r27, r27
    1698:	b8 2e       	mov	r11, r24
    169a:	21 15       	cp	r18, r1
    169c:	31 05       	cpc	r19, r1
    169e:	41 05       	cpc	r20, r1
    16a0:	51 05       	cpc	r21, r1
    16a2:	19 f4       	brne	.+6      	; 0x16aa <__floatsisf+0x36>
    16a4:	82 e0       	ldi	r24, 0x02	; 2
    16a6:	89 83       	std	Y+1, r24	; 0x01
    16a8:	3a c0       	rjmp	.+116    	; 0x171e <__floatsisf+0xaa>
    16aa:	88 23       	and	r24, r24
    16ac:	a9 f0       	breq	.+42     	; 0x16d8 <__floatsisf+0x64>
    16ae:	20 30       	cpi	r18, 0x00	; 0
    16b0:	80 e0       	ldi	r24, 0x00	; 0
    16b2:	38 07       	cpc	r19, r24
    16b4:	80 e0       	ldi	r24, 0x00	; 0
    16b6:	48 07       	cpc	r20, r24
    16b8:	80 e8       	ldi	r24, 0x80	; 128
    16ba:	58 07       	cpc	r21, r24
    16bc:	29 f4       	brne	.+10     	; 0x16c8 <__floatsisf+0x54>
    16be:	60 e0       	ldi	r22, 0x00	; 0
    16c0:	70 e0       	ldi	r23, 0x00	; 0
    16c2:	80 e0       	ldi	r24, 0x00	; 0
    16c4:	9f ec       	ldi	r25, 0xCF	; 207
    16c6:	30 c0       	rjmp	.+96     	; 0x1728 <__floatsisf+0xb4>
    16c8:	ee 24       	eor	r14, r14
    16ca:	ff 24       	eor	r15, r15
    16cc:	87 01       	movw	r16, r14
    16ce:	e2 1a       	sub	r14, r18
    16d0:	f3 0a       	sbc	r15, r19
    16d2:	04 0b       	sbc	r16, r20
    16d4:	15 0b       	sbc	r17, r21
    16d6:	02 c0       	rjmp	.+4      	; 0x16dc <__floatsisf+0x68>
    16d8:	79 01       	movw	r14, r18
    16da:	8a 01       	movw	r16, r20
    16dc:	8e e1       	ldi	r24, 0x1E	; 30
    16de:	c8 2e       	mov	r12, r24
    16e0:	d1 2c       	mov	r13, r1
    16e2:	dc 82       	std	Y+4, r13	; 0x04
    16e4:	cb 82       	std	Y+3, r12	; 0x03
    16e6:	ed 82       	std	Y+5, r14	; 0x05
    16e8:	fe 82       	std	Y+6, r15	; 0x06
    16ea:	0f 83       	std	Y+7, r16	; 0x07
    16ec:	18 87       	std	Y+8, r17	; 0x08
    16ee:	c8 01       	movw	r24, r16
    16f0:	b7 01       	movw	r22, r14
    16f2:	0e 94 65 0c 	call	0x18ca	; 0x18ca <__clzsi2>
    16f6:	01 97       	sbiw	r24, 0x01	; 1
    16f8:	18 16       	cp	r1, r24
    16fa:	19 06       	cpc	r1, r25
    16fc:	84 f4       	brge	.+32     	; 0x171e <__floatsisf+0xaa>
    16fe:	08 2e       	mov	r0, r24
    1700:	04 c0       	rjmp	.+8      	; 0x170a <__floatsisf+0x96>
    1702:	ee 0c       	add	r14, r14
    1704:	ff 1c       	adc	r15, r15
    1706:	00 1f       	adc	r16, r16
    1708:	11 1f       	adc	r17, r17
    170a:	0a 94       	dec	r0
    170c:	d2 f7       	brpl	.-12     	; 0x1702 <__floatsisf+0x8e>
    170e:	ed 82       	std	Y+5, r14	; 0x05
    1710:	fe 82       	std	Y+6, r15	; 0x06
    1712:	0f 83       	std	Y+7, r16	; 0x07
    1714:	18 87       	std	Y+8, r17	; 0x08
    1716:	c8 1a       	sub	r12, r24
    1718:	d9 0a       	sbc	r13, r25
    171a:	dc 82       	std	Y+4, r13	; 0x04
    171c:	cb 82       	std	Y+3, r12	; 0x03
    171e:	ba 82       	std	Y+2, r11	; 0x02
    1720:	ce 01       	movw	r24, r28
    1722:	01 96       	adiw	r24, 0x01	; 1
    1724:	0e 94 b4 0c 	call	0x1968	; 0x1968 <__pack_f>
    1728:	28 96       	adiw	r28, 0x08	; 8
    172a:	e9 e0       	ldi	r30, 0x09	; 9
    172c:	0c 94 bc 0e 	jmp	0x1d78	; 0x1d78 <__epilogue_restores__+0x12>

00001730 <__fixsfsi>:
    1730:	ac e0       	ldi	r26, 0x0C	; 12
    1732:	b0 e0       	ldi	r27, 0x00	; 0
    1734:	ee e9       	ldi	r30, 0x9E	; 158
    1736:	fb e0       	ldi	r31, 0x0B	; 11
    1738:	0c 94 a7 0e 	jmp	0x1d4e	; 0x1d4e <__prologue_saves__+0x20>
    173c:	69 83       	std	Y+1, r22	; 0x01
    173e:	7a 83       	std	Y+2, r23	; 0x02
    1740:	8b 83       	std	Y+3, r24	; 0x03
    1742:	9c 83       	std	Y+4, r25	; 0x04
    1744:	ce 01       	movw	r24, r28
    1746:	01 96       	adiw	r24, 0x01	; 1
    1748:	be 01       	movw	r22, r28
    174a:	6b 5f       	subi	r22, 0xFB	; 251
    174c:	7f 4f       	sbci	r23, 0xFF	; 255
    174e:	0e 94 89 0d 	call	0x1b12	; 0x1b12 <__unpack_f>
    1752:	8d 81       	ldd	r24, Y+5	; 0x05
    1754:	82 30       	cpi	r24, 0x02	; 2
    1756:	61 f1       	breq	.+88     	; 0x17b0 <__fixsfsi+0x80>
    1758:	82 30       	cpi	r24, 0x02	; 2
    175a:	50 f1       	brcs	.+84     	; 0x17b0 <__fixsfsi+0x80>
    175c:	84 30       	cpi	r24, 0x04	; 4
    175e:	21 f4       	brne	.+8      	; 0x1768 <__fixsfsi+0x38>
    1760:	8e 81       	ldd	r24, Y+6	; 0x06
    1762:	88 23       	and	r24, r24
    1764:	51 f1       	breq	.+84     	; 0x17ba <__fixsfsi+0x8a>
    1766:	2e c0       	rjmp	.+92     	; 0x17c4 <__fixsfsi+0x94>
    1768:	2f 81       	ldd	r18, Y+7	; 0x07
    176a:	38 85       	ldd	r19, Y+8	; 0x08
    176c:	37 fd       	sbrc	r19, 7
    176e:	20 c0       	rjmp	.+64     	; 0x17b0 <__fixsfsi+0x80>
    1770:	6e 81       	ldd	r22, Y+6	; 0x06
    1772:	2f 31       	cpi	r18, 0x1F	; 31
    1774:	31 05       	cpc	r19, r1
    1776:	1c f0       	brlt	.+6      	; 0x177e <__fixsfsi+0x4e>
    1778:	66 23       	and	r22, r22
    177a:	f9 f0       	breq	.+62     	; 0x17ba <__fixsfsi+0x8a>
    177c:	23 c0       	rjmp	.+70     	; 0x17c4 <__fixsfsi+0x94>
    177e:	8e e1       	ldi	r24, 0x1E	; 30
    1780:	90 e0       	ldi	r25, 0x00	; 0
    1782:	82 1b       	sub	r24, r18
    1784:	93 0b       	sbc	r25, r19
    1786:	29 85       	ldd	r18, Y+9	; 0x09
    1788:	3a 85       	ldd	r19, Y+10	; 0x0a
    178a:	4b 85       	ldd	r20, Y+11	; 0x0b
    178c:	5c 85       	ldd	r21, Y+12	; 0x0c
    178e:	04 c0       	rjmp	.+8      	; 0x1798 <__fixsfsi+0x68>
    1790:	56 95       	lsr	r21
    1792:	47 95       	ror	r20
    1794:	37 95       	ror	r19
    1796:	27 95       	ror	r18
    1798:	8a 95       	dec	r24
    179a:	d2 f7       	brpl	.-12     	; 0x1790 <__fixsfsi+0x60>
    179c:	66 23       	and	r22, r22
    179e:	b1 f0       	breq	.+44     	; 0x17cc <__fixsfsi+0x9c>
    17a0:	50 95       	com	r21
    17a2:	40 95       	com	r20
    17a4:	30 95       	com	r19
    17a6:	21 95       	neg	r18
    17a8:	3f 4f       	sbci	r19, 0xFF	; 255
    17aa:	4f 4f       	sbci	r20, 0xFF	; 255
    17ac:	5f 4f       	sbci	r21, 0xFF	; 255
    17ae:	0e c0       	rjmp	.+28     	; 0x17cc <__fixsfsi+0x9c>
    17b0:	20 e0       	ldi	r18, 0x00	; 0
    17b2:	30 e0       	ldi	r19, 0x00	; 0
    17b4:	40 e0       	ldi	r20, 0x00	; 0
    17b6:	50 e0       	ldi	r21, 0x00	; 0
    17b8:	09 c0       	rjmp	.+18     	; 0x17cc <__fixsfsi+0x9c>
    17ba:	2f ef       	ldi	r18, 0xFF	; 255
    17bc:	3f ef       	ldi	r19, 0xFF	; 255
    17be:	4f ef       	ldi	r20, 0xFF	; 255
    17c0:	5f e7       	ldi	r21, 0x7F	; 127
    17c2:	04 c0       	rjmp	.+8      	; 0x17cc <__fixsfsi+0x9c>
    17c4:	20 e0       	ldi	r18, 0x00	; 0
    17c6:	30 e0       	ldi	r19, 0x00	; 0
    17c8:	40 e0       	ldi	r20, 0x00	; 0
    17ca:	50 e8       	ldi	r21, 0x80	; 128
    17cc:	b9 01       	movw	r22, r18
    17ce:	ca 01       	movw	r24, r20
    17d0:	2c 96       	adiw	r28, 0x0c	; 12
    17d2:	e2 e0       	ldi	r30, 0x02	; 2
    17d4:	0c 94 c3 0e 	jmp	0x1d86	; 0x1d86 <__epilogue_restores__+0x20>

000017d8 <__floatunsisf>:
    17d8:	a8 e0       	ldi	r26, 0x08	; 8
    17da:	b0 e0       	ldi	r27, 0x00	; 0
    17dc:	e2 ef       	ldi	r30, 0xF2	; 242
    17de:	fb e0       	ldi	r31, 0x0B	; 11
    17e0:	0c 94 9f 0e 	jmp	0x1d3e	; 0x1d3e <__prologue_saves__+0x10>
    17e4:	7b 01       	movw	r14, r22
    17e6:	8c 01       	movw	r16, r24
    17e8:	61 15       	cp	r22, r1
    17ea:	71 05       	cpc	r23, r1
    17ec:	81 05       	cpc	r24, r1
    17ee:	91 05       	cpc	r25, r1
    17f0:	19 f4       	brne	.+6      	; 0x17f8 <__floatunsisf+0x20>
    17f2:	82 e0       	ldi	r24, 0x02	; 2
    17f4:	89 83       	std	Y+1, r24	; 0x01
    17f6:	60 c0       	rjmp	.+192    	; 0x18b8 <__floatunsisf+0xe0>
    17f8:	83 e0       	ldi	r24, 0x03	; 3
    17fa:	89 83       	std	Y+1, r24	; 0x01
    17fc:	8e e1       	ldi	r24, 0x1E	; 30
    17fe:	c8 2e       	mov	r12, r24
    1800:	d1 2c       	mov	r13, r1
    1802:	dc 82       	std	Y+4, r13	; 0x04
    1804:	cb 82       	std	Y+3, r12	; 0x03
    1806:	ed 82       	std	Y+5, r14	; 0x05
    1808:	fe 82       	std	Y+6, r15	; 0x06
    180a:	0f 83       	std	Y+7, r16	; 0x07
    180c:	18 87       	std	Y+8, r17	; 0x08
    180e:	c8 01       	movw	r24, r16
    1810:	b7 01       	movw	r22, r14
    1812:	0e 94 65 0c 	call	0x18ca	; 0x18ca <__clzsi2>
    1816:	fc 01       	movw	r30, r24
    1818:	31 97       	sbiw	r30, 0x01	; 1
    181a:	f7 ff       	sbrs	r31, 7
    181c:	3b c0       	rjmp	.+118    	; 0x1894 <__floatunsisf+0xbc>
    181e:	22 27       	eor	r18, r18
    1820:	33 27       	eor	r19, r19
    1822:	2e 1b       	sub	r18, r30
    1824:	3f 0b       	sbc	r19, r31
    1826:	57 01       	movw	r10, r14
    1828:	68 01       	movw	r12, r16
    182a:	02 2e       	mov	r0, r18
    182c:	04 c0       	rjmp	.+8      	; 0x1836 <__floatunsisf+0x5e>
    182e:	d6 94       	lsr	r13
    1830:	c7 94       	ror	r12
    1832:	b7 94       	ror	r11
    1834:	a7 94       	ror	r10
    1836:	0a 94       	dec	r0
    1838:	d2 f7       	brpl	.-12     	; 0x182e <__floatunsisf+0x56>
    183a:	40 e0       	ldi	r20, 0x00	; 0
    183c:	50 e0       	ldi	r21, 0x00	; 0
    183e:	60 e0       	ldi	r22, 0x00	; 0
    1840:	70 e0       	ldi	r23, 0x00	; 0
    1842:	81 e0       	ldi	r24, 0x01	; 1
    1844:	90 e0       	ldi	r25, 0x00	; 0
    1846:	a0 e0       	ldi	r26, 0x00	; 0
    1848:	b0 e0       	ldi	r27, 0x00	; 0
    184a:	04 c0       	rjmp	.+8      	; 0x1854 <__floatunsisf+0x7c>
    184c:	88 0f       	add	r24, r24
    184e:	99 1f       	adc	r25, r25
    1850:	aa 1f       	adc	r26, r26
    1852:	bb 1f       	adc	r27, r27
    1854:	2a 95       	dec	r18
    1856:	d2 f7       	brpl	.-12     	; 0x184c <__floatunsisf+0x74>
    1858:	01 97       	sbiw	r24, 0x01	; 1
    185a:	a1 09       	sbc	r26, r1
    185c:	b1 09       	sbc	r27, r1
    185e:	8e 21       	and	r24, r14
    1860:	9f 21       	and	r25, r15
    1862:	a0 23       	and	r26, r16
    1864:	b1 23       	and	r27, r17
    1866:	00 97       	sbiw	r24, 0x00	; 0
    1868:	a1 05       	cpc	r26, r1
    186a:	b1 05       	cpc	r27, r1
    186c:	21 f0       	breq	.+8      	; 0x1876 <__floatunsisf+0x9e>
    186e:	41 e0       	ldi	r20, 0x01	; 1
    1870:	50 e0       	ldi	r21, 0x00	; 0
    1872:	60 e0       	ldi	r22, 0x00	; 0
    1874:	70 e0       	ldi	r23, 0x00	; 0
    1876:	4a 29       	or	r20, r10
    1878:	5b 29       	or	r21, r11
    187a:	6c 29       	or	r22, r12
    187c:	7d 29       	or	r23, r13
    187e:	4d 83       	std	Y+5, r20	; 0x05
    1880:	5e 83       	std	Y+6, r21	; 0x06
    1882:	6f 83       	std	Y+7, r22	; 0x07
    1884:	78 87       	std	Y+8, r23	; 0x08
    1886:	8e e1       	ldi	r24, 0x1E	; 30
    1888:	90 e0       	ldi	r25, 0x00	; 0
    188a:	8e 1b       	sub	r24, r30
    188c:	9f 0b       	sbc	r25, r31
    188e:	9c 83       	std	Y+4, r25	; 0x04
    1890:	8b 83       	std	Y+3, r24	; 0x03
    1892:	12 c0       	rjmp	.+36     	; 0x18b8 <__floatunsisf+0xe0>
    1894:	30 97       	sbiw	r30, 0x00	; 0
    1896:	81 f0       	breq	.+32     	; 0x18b8 <__floatunsisf+0xe0>
    1898:	0e 2e       	mov	r0, r30
    189a:	04 c0       	rjmp	.+8      	; 0x18a4 <__floatunsisf+0xcc>
    189c:	ee 0c       	add	r14, r14
    189e:	ff 1c       	adc	r15, r15
    18a0:	00 1f       	adc	r16, r16
    18a2:	11 1f       	adc	r17, r17
    18a4:	0a 94       	dec	r0
    18a6:	d2 f7       	brpl	.-12     	; 0x189c <__floatunsisf+0xc4>
    18a8:	ed 82       	std	Y+5, r14	; 0x05
    18aa:	fe 82       	std	Y+6, r15	; 0x06
    18ac:	0f 83       	std	Y+7, r16	; 0x07
    18ae:	18 87       	std	Y+8, r17	; 0x08
    18b0:	ce 1a       	sub	r12, r30
    18b2:	df 0a       	sbc	r13, r31
    18b4:	dc 82       	std	Y+4, r13	; 0x04
    18b6:	cb 82       	std	Y+3, r12	; 0x03
    18b8:	1a 82       	std	Y+2, r1	; 0x02
    18ba:	ce 01       	movw	r24, r28
    18bc:	01 96       	adiw	r24, 0x01	; 1
    18be:	0e 94 b4 0c 	call	0x1968	; 0x1968 <__pack_f>
    18c2:	28 96       	adiw	r28, 0x08	; 8
    18c4:	ea e0       	ldi	r30, 0x0A	; 10
    18c6:	0c 94 bb 0e 	jmp	0x1d76	; 0x1d76 <__epilogue_restores__+0x10>

000018ca <__clzsi2>:
    18ca:	ef 92       	push	r14
    18cc:	ff 92       	push	r15
    18ce:	0f 93       	push	r16
    18d0:	1f 93       	push	r17
    18d2:	7b 01       	movw	r14, r22
    18d4:	8c 01       	movw	r16, r24
    18d6:	80 e0       	ldi	r24, 0x00	; 0
    18d8:	e8 16       	cp	r14, r24
    18da:	80 e0       	ldi	r24, 0x00	; 0
    18dc:	f8 06       	cpc	r15, r24
    18de:	81 e0       	ldi	r24, 0x01	; 1
    18e0:	08 07       	cpc	r16, r24
    18e2:	80 e0       	ldi	r24, 0x00	; 0
    18e4:	18 07       	cpc	r17, r24
    18e6:	88 f4       	brcc	.+34     	; 0x190a <__clzsi2+0x40>
    18e8:	8f ef       	ldi	r24, 0xFF	; 255
    18ea:	e8 16       	cp	r14, r24
    18ec:	f1 04       	cpc	r15, r1
    18ee:	01 05       	cpc	r16, r1
    18f0:	11 05       	cpc	r17, r1
    18f2:	31 f0       	breq	.+12     	; 0x1900 <__clzsi2+0x36>
    18f4:	28 f0       	brcs	.+10     	; 0x1900 <__clzsi2+0x36>
    18f6:	88 e0       	ldi	r24, 0x08	; 8
    18f8:	90 e0       	ldi	r25, 0x00	; 0
    18fa:	a0 e0       	ldi	r26, 0x00	; 0
    18fc:	b0 e0       	ldi	r27, 0x00	; 0
    18fe:	17 c0       	rjmp	.+46     	; 0x192e <__clzsi2+0x64>
    1900:	80 e0       	ldi	r24, 0x00	; 0
    1902:	90 e0       	ldi	r25, 0x00	; 0
    1904:	a0 e0       	ldi	r26, 0x00	; 0
    1906:	b0 e0       	ldi	r27, 0x00	; 0
    1908:	12 c0       	rjmp	.+36     	; 0x192e <__clzsi2+0x64>
    190a:	80 e0       	ldi	r24, 0x00	; 0
    190c:	e8 16       	cp	r14, r24
    190e:	80 e0       	ldi	r24, 0x00	; 0
    1910:	f8 06       	cpc	r15, r24
    1912:	80 e0       	ldi	r24, 0x00	; 0
    1914:	08 07       	cpc	r16, r24
    1916:	81 e0       	ldi	r24, 0x01	; 1
    1918:	18 07       	cpc	r17, r24
    191a:	28 f0       	brcs	.+10     	; 0x1926 <__clzsi2+0x5c>
    191c:	88 e1       	ldi	r24, 0x18	; 24
    191e:	90 e0       	ldi	r25, 0x00	; 0
    1920:	a0 e0       	ldi	r26, 0x00	; 0
    1922:	b0 e0       	ldi	r27, 0x00	; 0
    1924:	04 c0       	rjmp	.+8      	; 0x192e <__clzsi2+0x64>
    1926:	80 e1       	ldi	r24, 0x10	; 16
    1928:	90 e0       	ldi	r25, 0x00	; 0
    192a:	a0 e0       	ldi	r26, 0x00	; 0
    192c:	b0 e0       	ldi	r27, 0x00	; 0
    192e:	20 e2       	ldi	r18, 0x20	; 32
    1930:	30 e0       	ldi	r19, 0x00	; 0
    1932:	40 e0       	ldi	r20, 0x00	; 0
    1934:	50 e0       	ldi	r21, 0x00	; 0
    1936:	28 1b       	sub	r18, r24
    1938:	39 0b       	sbc	r19, r25
    193a:	4a 0b       	sbc	r20, r26
    193c:	5b 0b       	sbc	r21, r27
    193e:	04 c0       	rjmp	.+8      	; 0x1948 <__clzsi2+0x7e>
    1940:	16 95       	lsr	r17
    1942:	07 95       	ror	r16
    1944:	f7 94       	ror	r15
    1946:	e7 94       	ror	r14
    1948:	8a 95       	dec	r24
    194a:	d2 f7       	brpl	.-12     	; 0x1940 <__clzsi2+0x76>
    194c:	f7 01       	movw	r30, r14
    194e:	e2 57       	subi	r30, 0x72	; 114
    1950:	fe 4f       	sbci	r31, 0xFE	; 254
    1952:	80 81       	ld	r24, Z
    1954:	28 1b       	sub	r18, r24
    1956:	31 09       	sbc	r19, r1
    1958:	41 09       	sbc	r20, r1
    195a:	51 09       	sbc	r21, r1
    195c:	c9 01       	movw	r24, r18
    195e:	1f 91       	pop	r17
    1960:	0f 91       	pop	r16
    1962:	ff 90       	pop	r15
    1964:	ef 90       	pop	r14
    1966:	08 95       	ret

00001968 <__pack_f>:
    1968:	df 92       	push	r13
    196a:	ef 92       	push	r14
    196c:	ff 92       	push	r15
    196e:	0f 93       	push	r16
    1970:	1f 93       	push	r17
    1972:	fc 01       	movw	r30, r24
    1974:	e4 80       	ldd	r14, Z+4	; 0x04
    1976:	f5 80       	ldd	r15, Z+5	; 0x05
    1978:	06 81       	ldd	r16, Z+6	; 0x06
    197a:	17 81       	ldd	r17, Z+7	; 0x07
    197c:	d1 80       	ldd	r13, Z+1	; 0x01
    197e:	80 81       	ld	r24, Z
    1980:	82 30       	cpi	r24, 0x02	; 2
    1982:	48 f4       	brcc	.+18     	; 0x1996 <__pack_f+0x2e>
    1984:	80 e0       	ldi	r24, 0x00	; 0
    1986:	90 e0       	ldi	r25, 0x00	; 0
    1988:	a0 e1       	ldi	r26, 0x10	; 16
    198a:	b0 e0       	ldi	r27, 0x00	; 0
    198c:	e8 2a       	or	r14, r24
    198e:	f9 2a       	or	r15, r25
    1990:	0a 2b       	or	r16, r26
    1992:	1b 2b       	or	r17, r27
    1994:	a5 c0       	rjmp	.+330    	; 0x1ae0 <__pack_f+0x178>
    1996:	84 30       	cpi	r24, 0x04	; 4
    1998:	09 f4       	brne	.+2      	; 0x199c <__pack_f+0x34>
    199a:	9f c0       	rjmp	.+318    	; 0x1ada <__pack_f+0x172>
    199c:	82 30       	cpi	r24, 0x02	; 2
    199e:	21 f4       	brne	.+8      	; 0x19a8 <__pack_f+0x40>
    19a0:	ee 24       	eor	r14, r14
    19a2:	ff 24       	eor	r15, r15
    19a4:	87 01       	movw	r16, r14
    19a6:	05 c0       	rjmp	.+10     	; 0x19b2 <__pack_f+0x4a>
    19a8:	e1 14       	cp	r14, r1
    19aa:	f1 04       	cpc	r15, r1
    19ac:	01 05       	cpc	r16, r1
    19ae:	11 05       	cpc	r17, r1
    19b0:	19 f4       	brne	.+6      	; 0x19b8 <__pack_f+0x50>
    19b2:	e0 e0       	ldi	r30, 0x00	; 0
    19b4:	f0 e0       	ldi	r31, 0x00	; 0
    19b6:	96 c0       	rjmp	.+300    	; 0x1ae4 <__pack_f+0x17c>
    19b8:	62 81       	ldd	r22, Z+2	; 0x02
    19ba:	73 81       	ldd	r23, Z+3	; 0x03
    19bc:	9f ef       	ldi	r25, 0xFF	; 255
    19be:	62 38       	cpi	r22, 0x82	; 130
    19c0:	79 07       	cpc	r23, r25
    19c2:	0c f0       	brlt	.+2      	; 0x19c6 <__pack_f+0x5e>
    19c4:	5b c0       	rjmp	.+182    	; 0x1a7c <__pack_f+0x114>
    19c6:	22 e8       	ldi	r18, 0x82	; 130
    19c8:	3f ef       	ldi	r19, 0xFF	; 255
    19ca:	26 1b       	sub	r18, r22
    19cc:	37 0b       	sbc	r19, r23
    19ce:	2a 31       	cpi	r18, 0x1A	; 26
    19d0:	31 05       	cpc	r19, r1
    19d2:	2c f0       	brlt	.+10     	; 0x19de <__pack_f+0x76>
    19d4:	20 e0       	ldi	r18, 0x00	; 0
    19d6:	30 e0       	ldi	r19, 0x00	; 0
    19d8:	40 e0       	ldi	r20, 0x00	; 0
    19da:	50 e0       	ldi	r21, 0x00	; 0
    19dc:	2a c0       	rjmp	.+84     	; 0x1a32 <__pack_f+0xca>
    19de:	b8 01       	movw	r22, r16
    19e0:	a7 01       	movw	r20, r14
    19e2:	02 2e       	mov	r0, r18
    19e4:	04 c0       	rjmp	.+8      	; 0x19ee <__pack_f+0x86>
    19e6:	76 95       	lsr	r23
    19e8:	67 95       	ror	r22
    19ea:	57 95       	ror	r21
    19ec:	47 95       	ror	r20
    19ee:	0a 94       	dec	r0
    19f0:	d2 f7       	brpl	.-12     	; 0x19e6 <__pack_f+0x7e>
    19f2:	81 e0       	ldi	r24, 0x01	; 1
    19f4:	90 e0       	ldi	r25, 0x00	; 0
    19f6:	a0 e0       	ldi	r26, 0x00	; 0
    19f8:	b0 e0       	ldi	r27, 0x00	; 0
    19fa:	04 c0       	rjmp	.+8      	; 0x1a04 <__pack_f+0x9c>
    19fc:	88 0f       	add	r24, r24
    19fe:	99 1f       	adc	r25, r25
    1a00:	aa 1f       	adc	r26, r26
    1a02:	bb 1f       	adc	r27, r27
    1a04:	2a 95       	dec	r18
    1a06:	d2 f7       	brpl	.-12     	; 0x19fc <__pack_f+0x94>
    1a08:	01 97       	sbiw	r24, 0x01	; 1
    1a0a:	a1 09       	sbc	r26, r1
    1a0c:	b1 09       	sbc	r27, r1
    1a0e:	8e 21       	and	r24, r14
    1a10:	9f 21       	and	r25, r15
    1a12:	a0 23       	and	r26, r16
    1a14:	b1 23       	and	r27, r17
    1a16:	00 97       	sbiw	r24, 0x00	; 0
    1a18:	a1 05       	cpc	r26, r1
    1a1a:	b1 05       	cpc	r27, r1
    1a1c:	21 f0       	breq	.+8      	; 0x1a26 <__pack_f+0xbe>
    1a1e:	81 e0       	ldi	r24, 0x01	; 1
    1a20:	90 e0       	ldi	r25, 0x00	; 0
    1a22:	a0 e0       	ldi	r26, 0x00	; 0
    1a24:	b0 e0       	ldi	r27, 0x00	; 0
    1a26:	9a 01       	movw	r18, r20
    1a28:	ab 01       	movw	r20, r22
    1a2a:	28 2b       	or	r18, r24
    1a2c:	39 2b       	or	r19, r25
    1a2e:	4a 2b       	or	r20, r26
    1a30:	5b 2b       	or	r21, r27
    1a32:	da 01       	movw	r26, r20
    1a34:	c9 01       	movw	r24, r18
    1a36:	8f 77       	andi	r24, 0x7F	; 127
    1a38:	90 70       	andi	r25, 0x00	; 0
    1a3a:	a0 70       	andi	r26, 0x00	; 0
    1a3c:	b0 70       	andi	r27, 0x00	; 0
    1a3e:	80 34       	cpi	r24, 0x40	; 64
    1a40:	91 05       	cpc	r25, r1
    1a42:	a1 05       	cpc	r26, r1
    1a44:	b1 05       	cpc	r27, r1
    1a46:	39 f4       	brne	.+14     	; 0x1a56 <__pack_f+0xee>
    1a48:	27 ff       	sbrs	r18, 7
    1a4a:	09 c0       	rjmp	.+18     	; 0x1a5e <__pack_f+0xf6>
    1a4c:	20 5c       	subi	r18, 0xC0	; 192
    1a4e:	3f 4f       	sbci	r19, 0xFF	; 255
    1a50:	4f 4f       	sbci	r20, 0xFF	; 255
    1a52:	5f 4f       	sbci	r21, 0xFF	; 255
    1a54:	04 c0       	rjmp	.+8      	; 0x1a5e <__pack_f+0xf6>
    1a56:	21 5c       	subi	r18, 0xC1	; 193
    1a58:	3f 4f       	sbci	r19, 0xFF	; 255
    1a5a:	4f 4f       	sbci	r20, 0xFF	; 255
    1a5c:	5f 4f       	sbci	r21, 0xFF	; 255
    1a5e:	e0 e0       	ldi	r30, 0x00	; 0
    1a60:	f0 e0       	ldi	r31, 0x00	; 0
    1a62:	20 30       	cpi	r18, 0x00	; 0
    1a64:	a0 e0       	ldi	r26, 0x00	; 0
    1a66:	3a 07       	cpc	r19, r26
    1a68:	a0 e0       	ldi	r26, 0x00	; 0
    1a6a:	4a 07       	cpc	r20, r26
    1a6c:	a0 e4       	ldi	r26, 0x40	; 64
    1a6e:	5a 07       	cpc	r21, r26
    1a70:	10 f0       	brcs	.+4      	; 0x1a76 <__pack_f+0x10e>
    1a72:	e1 e0       	ldi	r30, 0x01	; 1
    1a74:	f0 e0       	ldi	r31, 0x00	; 0
    1a76:	79 01       	movw	r14, r18
    1a78:	8a 01       	movw	r16, r20
    1a7a:	27 c0       	rjmp	.+78     	; 0x1aca <__pack_f+0x162>
    1a7c:	60 38       	cpi	r22, 0x80	; 128
    1a7e:	71 05       	cpc	r23, r1
    1a80:	64 f5       	brge	.+88     	; 0x1ada <__pack_f+0x172>
    1a82:	fb 01       	movw	r30, r22
    1a84:	e1 58       	subi	r30, 0x81	; 129
    1a86:	ff 4f       	sbci	r31, 0xFF	; 255
    1a88:	d8 01       	movw	r26, r16
    1a8a:	c7 01       	movw	r24, r14
    1a8c:	8f 77       	andi	r24, 0x7F	; 127
    1a8e:	90 70       	andi	r25, 0x00	; 0
    1a90:	a0 70       	andi	r26, 0x00	; 0
    1a92:	b0 70       	andi	r27, 0x00	; 0
    1a94:	80 34       	cpi	r24, 0x40	; 64
    1a96:	91 05       	cpc	r25, r1
    1a98:	a1 05       	cpc	r26, r1
    1a9a:	b1 05       	cpc	r27, r1
    1a9c:	39 f4       	brne	.+14     	; 0x1aac <__pack_f+0x144>
    1a9e:	e7 fe       	sbrs	r14, 7
    1aa0:	0d c0       	rjmp	.+26     	; 0x1abc <__pack_f+0x154>
    1aa2:	80 e4       	ldi	r24, 0x40	; 64
    1aa4:	90 e0       	ldi	r25, 0x00	; 0
    1aa6:	a0 e0       	ldi	r26, 0x00	; 0
    1aa8:	b0 e0       	ldi	r27, 0x00	; 0
    1aaa:	04 c0       	rjmp	.+8      	; 0x1ab4 <__pack_f+0x14c>
    1aac:	8f e3       	ldi	r24, 0x3F	; 63
    1aae:	90 e0       	ldi	r25, 0x00	; 0
    1ab0:	a0 e0       	ldi	r26, 0x00	; 0
    1ab2:	b0 e0       	ldi	r27, 0x00	; 0
    1ab4:	e8 0e       	add	r14, r24
    1ab6:	f9 1e       	adc	r15, r25
    1ab8:	0a 1f       	adc	r16, r26
    1aba:	1b 1f       	adc	r17, r27
    1abc:	17 ff       	sbrs	r17, 7
    1abe:	05 c0       	rjmp	.+10     	; 0x1aca <__pack_f+0x162>
    1ac0:	16 95       	lsr	r17
    1ac2:	07 95       	ror	r16
    1ac4:	f7 94       	ror	r15
    1ac6:	e7 94       	ror	r14
    1ac8:	31 96       	adiw	r30, 0x01	; 1
    1aca:	87 e0       	ldi	r24, 0x07	; 7
    1acc:	16 95       	lsr	r17
    1ace:	07 95       	ror	r16
    1ad0:	f7 94       	ror	r15
    1ad2:	e7 94       	ror	r14
    1ad4:	8a 95       	dec	r24
    1ad6:	d1 f7       	brne	.-12     	; 0x1acc <__pack_f+0x164>
    1ad8:	05 c0       	rjmp	.+10     	; 0x1ae4 <__pack_f+0x17c>
    1ada:	ee 24       	eor	r14, r14
    1adc:	ff 24       	eor	r15, r15
    1ade:	87 01       	movw	r16, r14
    1ae0:	ef ef       	ldi	r30, 0xFF	; 255
    1ae2:	f0 e0       	ldi	r31, 0x00	; 0
    1ae4:	6e 2f       	mov	r22, r30
    1ae6:	67 95       	ror	r22
    1ae8:	66 27       	eor	r22, r22
    1aea:	67 95       	ror	r22
    1aec:	90 2f       	mov	r25, r16
    1aee:	9f 77       	andi	r25, 0x7F	; 127
    1af0:	d7 94       	ror	r13
    1af2:	dd 24       	eor	r13, r13
    1af4:	d7 94       	ror	r13
    1af6:	8e 2f       	mov	r24, r30
    1af8:	86 95       	lsr	r24
    1afa:	49 2f       	mov	r20, r25
    1afc:	46 2b       	or	r20, r22
    1afe:	58 2f       	mov	r21, r24
    1b00:	5d 29       	or	r21, r13
    1b02:	b7 01       	movw	r22, r14
    1b04:	ca 01       	movw	r24, r20
    1b06:	1f 91       	pop	r17
    1b08:	0f 91       	pop	r16
    1b0a:	ff 90       	pop	r15
    1b0c:	ef 90       	pop	r14
    1b0e:	df 90       	pop	r13
    1b10:	08 95       	ret

00001b12 <__unpack_f>:
    1b12:	fc 01       	movw	r30, r24
    1b14:	db 01       	movw	r26, r22
    1b16:	40 81       	ld	r20, Z
    1b18:	51 81       	ldd	r21, Z+1	; 0x01
    1b1a:	22 81       	ldd	r18, Z+2	; 0x02
    1b1c:	62 2f       	mov	r22, r18
    1b1e:	6f 77       	andi	r22, 0x7F	; 127
    1b20:	70 e0       	ldi	r23, 0x00	; 0
    1b22:	22 1f       	adc	r18, r18
    1b24:	22 27       	eor	r18, r18
    1b26:	22 1f       	adc	r18, r18
    1b28:	93 81       	ldd	r25, Z+3	; 0x03
    1b2a:	89 2f       	mov	r24, r25
    1b2c:	88 0f       	add	r24, r24
    1b2e:	82 2b       	or	r24, r18
    1b30:	28 2f       	mov	r18, r24
    1b32:	30 e0       	ldi	r19, 0x00	; 0
    1b34:	99 1f       	adc	r25, r25
    1b36:	99 27       	eor	r25, r25
    1b38:	99 1f       	adc	r25, r25
    1b3a:	11 96       	adiw	r26, 0x01	; 1
    1b3c:	9c 93       	st	X, r25
    1b3e:	11 97       	sbiw	r26, 0x01	; 1
    1b40:	21 15       	cp	r18, r1
    1b42:	31 05       	cpc	r19, r1
    1b44:	a9 f5       	brne	.+106    	; 0x1bb0 <__unpack_f+0x9e>
    1b46:	41 15       	cp	r20, r1
    1b48:	51 05       	cpc	r21, r1
    1b4a:	61 05       	cpc	r22, r1
    1b4c:	71 05       	cpc	r23, r1
    1b4e:	11 f4       	brne	.+4      	; 0x1b54 <__unpack_f+0x42>
    1b50:	82 e0       	ldi	r24, 0x02	; 2
    1b52:	37 c0       	rjmp	.+110    	; 0x1bc2 <__unpack_f+0xb0>
    1b54:	82 e8       	ldi	r24, 0x82	; 130
    1b56:	9f ef       	ldi	r25, 0xFF	; 255
    1b58:	13 96       	adiw	r26, 0x03	; 3
    1b5a:	9c 93       	st	X, r25
    1b5c:	8e 93       	st	-X, r24
    1b5e:	12 97       	sbiw	r26, 0x02	; 2
    1b60:	9a 01       	movw	r18, r20
    1b62:	ab 01       	movw	r20, r22
    1b64:	67 e0       	ldi	r22, 0x07	; 7
    1b66:	22 0f       	add	r18, r18
    1b68:	33 1f       	adc	r19, r19
    1b6a:	44 1f       	adc	r20, r20
    1b6c:	55 1f       	adc	r21, r21
    1b6e:	6a 95       	dec	r22
    1b70:	d1 f7       	brne	.-12     	; 0x1b66 <__unpack_f+0x54>
    1b72:	83 e0       	ldi	r24, 0x03	; 3
    1b74:	8c 93       	st	X, r24
    1b76:	0d c0       	rjmp	.+26     	; 0x1b92 <__unpack_f+0x80>
    1b78:	22 0f       	add	r18, r18
    1b7a:	33 1f       	adc	r19, r19
    1b7c:	44 1f       	adc	r20, r20
    1b7e:	55 1f       	adc	r21, r21
    1b80:	12 96       	adiw	r26, 0x02	; 2
    1b82:	8d 91       	ld	r24, X+
    1b84:	9c 91       	ld	r25, X
    1b86:	13 97       	sbiw	r26, 0x03	; 3
    1b88:	01 97       	sbiw	r24, 0x01	; 1
    1b8a:	13 96       	adiw	r26, 0x03	; 3
    1b8c:	9c 93       	st	X, r25
    1b8e:	8e 93       	st	-X, r24
    1b90:	12 97       	sbiw	r26, 0x02	; 2
    1b92:	20 30       	cpi	r18, 0x00	; 0
    1b94:	80 e0       	ldi	r24, 0x00	; 0
    1b96:	38 07       	cpc	r19, r24
    1b98:	80 e0       	ldi	r24, 0x00	; 0
    1b9a:	48 07       	cpc	r20, r24
    1b9c:	80 e4       	ldi	r24, 0x40	; 64
    1b9e:	58 07       	cpc	r21, r24
    1ba0:	58 f3       	brcs	.-42     	; 0x1b78 <__unpack_f+0x66>
    1ba2:	14 96       	adiw	r26, 0x04	; 4
    1ba4:	2d 93       	st	X+, r18
    1ba6:	3d 93       	st	X+, r19
    1ba8:	4d 93       	st	X+, r20
    1baa:	5c 93       	st	X, r21
    1bac:	17 97       	sbiw	r26, 0x07	; 7
    1bae:	08 95       	ret
    1bb0:	2f 3f       	cpi	r18, 0xFF	; 255
    1bb2:	31 05       	cpc	r19, r1
    1bb4:	79 f4       	brne	.+30     	; 0x1bd4 <__unpack_f+0xc2>
    1bb6:	41 15       	cp	r20, r1
    1bb8:	51 05       	cpc	r21, r1
    1bba:	61 05       	cpc	r22, r1
    1bbc:	71 05       	cpc	r23, r1
    1bbe:	19 f4       	brne	.+6      	; 0x1bc6 <__unpack_f+0xb4>
    1bc0:	84 e0       	ldi	r24, 0x04	; 4
    1bc2:	8c 93       	st	X, r24
    1bc4:	08 95       	ret
    1bc6:	64 ff       	sbrs	r22, 4
    1bc8:	03 c0       	rjmp	.+6      	; 0x1bd0 <__unpack_f+0xbe>
    1bca:	81 e0       	ldi	r24, 0x01	; 1
    1bcc:	8c 93       	st	X, r24
    1bce:	12 c0       	rjmp	.+36     	; 0x1bf4 <__unpack_f+0xe2>
    1bd0:	1c 92       	st	X, r1
    1bd2:	10 c0       	rjmp	.+32     	; 0x1bf4 <__unpack_f+0xe2>
    1bd4:	2f 57       	subi	r18, 0x7F	; 127
    1bd6:	30 40       	sbci	r19, 0x00	; 0
    1bd8:	13 96       	adiw	r26, 0x03	; 3
    1bda:	3c 93       	st	X, r19
    1bdc:	2e 93       	st	-X, r18
    1bde:	12 97       	sbiw	r26, 0x02	; 2
    1be0:	83 e0       	ldi	r24, 0x03	; 3
    1be2:	8c 93       	st	X, r24
    1be4:	87 e0       	ldi	r24, 0x07	; 7
    1be6:	44 0f       	add	r20, r20
    1be8:	55 1f       	adc	r21, r21
    1bea:	66 1f       	adc	r22, r22
    1bec:	77 1f       	adc	r23, r23
    1bee:	8a 95       	dec	r24
    1bf0:	d1 f7       	brne	.-12     	; 0x1be6 <__unpack_f+0xd4>
    1bf2:	70 64       	ori	r23, 0x40	; 64
    1bf4:	14 96       	adiw	r26, 0x04	; 4
    1bf6:	4d 93       	st	X+, r20
    1bf8:	5d 93       	st	X+, r21
    1bfa:	6d 93       	st	X+, r22
    1bfc:	7c 93       	st	X, r23
    1bfe:	17 97       	sbiw	r26, 0x07	; 7
    1c00:	08 95       	ret

00001c02 <__fpcmp_parts_f>:
    1c02:	1f 93       	push	r17
    1c04:	dc 01       	movw	r26, r24
    1c06:	fb 01       	movw	r30, r22
    1c08:	9c 91       	ld	r25, X
    1c0a:	92 30       	cpi	r25, 0x02	; 2
    1c0c:	08 f4       	brcc	.+2      	; 0x1c10 <__fpcmp_parts_f+0xe>
    1c0e:	47 c0       	rjmp	.+142    	; 0x1c9e <__fpcmp_parts_f+0x9c>
    1c10:	80 81       	ld	r24, Z
    1c12:	82 30       	cpi	r24, 0x02	; 2
    1c14:	08 f4       	brcc	.+2      	; 0x1c18 <__fpcmp_parts_f+0x16>
    1c16:	43 c0       	rjmp	.+134    	; 0x1c9e <__fpcmp_parts_f+0x9c>
    1c18:	94 30       	cpi	r25, 0x04	; 4
    1c1a:	51 f4       	brne	.+20     	; 0x1c30 <__fpcmp_parts_f+0x2e>
    1c1c:	11 96       	adiw	r26, 0x01	; 1
    1c1e:	1c 91       	ld	r17, X
    1c20:	84 30       	cpi	r24, 0x04	; 4
    1c22:	99 f5       	brne	.+102    	; 0x1c8a <__fpcmp_parts_f+0x88>
    1c24:	81 81       	ldd	r24, Z+1	; 0x01
    1c26:	68 2f       	mov	r22, r24
    1c28:	70 e0       	ldi	r23, 0x00	; 0
    1c2a:	61 1b       	sub	r22, r17
    1c2c:	71 09       	sbc	r23, r1
    1c2e:	3f c0       	rjmp	.+126    	; 0x1cae <__fpcmp_parts_f+0xac>
    1c30:	84 30       	cpi	r24, 0x04	; 4
    1c32:	21 f0       	breq	.+8      	; 0x1c3c <__fpcmp_parts_f+0x3a>
    1c34:	92 30       	cpi	r25, 0x02	; 2
    1c36:	31 f4       	brne	.+12     	; 0x1c44 <__fpcmp_parts_f+0x42>
    1c38:	82 30       	cpi	r24, 0x02	; 2
    1c3a:	b9 f1       	breq	.+110    	; 0x1caa <__fpcmp_parts_f+0xa8>
    1c3c:	81 81       	ldd	r24, Z+1	; 0x01
    1c3e:	88 23       	and	r24, r24
    1c40:	89 f1       	breq	.+98     	; 0x1ca4 <__fpcmp_parts_f+0xa2>
    1c42:	2d c0       	rjmp	.+90     	; 0x1c9e <__fpcmp_parts_f+0x9c>
    1c44:	11 96       	adiw	r26, 0x01	; 1
    1c46:	1c 91       	ld	r17, X
    1c48:	11 97       	sbiw	r26, 0x01	; 1
    1c4a:	82 30       	cpi	r24, 0x02	; 2
    1c4c:	f1 f0       	breq	.+60     	; 0x1c8a <__fpcmp_parts_f+0x88>
    1c4e:	81 81       	ldd	r24, Z+1	; 0x01
    1c50:	18 17       	cp	r17, r24
    1c52:	d9 f4       	brne	.+54     	; 0x1c8a <__fpcmp_parts_f+0x88>
    1c54:	12 96       	adiw	r26, 0x02	; 2
    1c56:	2d 91       	ld	r18, X+
    1c58:	3c 91       	ld	r19, X
    1c5a:	13 97       	sbiw	r26, 0x03	; 3
    1c5c:	82 81       	ldd	r24, Z+2	; 0x02
    1c5e:	93 81       	ldd	r25, Z+3	; 0x03
    1c60:	82 17       	cp	r24, r18
    1c62:	93 07       	cpc	r25, r19
    1c64:	94 f0       	brlt	.+36     	; 0x1c8a <__fpcmp_parts_f+0x88>
    1c66:	28 17       	cp	r18, r24
    1c68:	39 07       	cpc	r19, r25
    1c6a:	bc f0       	brlt	.+46     	; 0x1c9a <__fpcmp_parts_f+0x98>
    1c6c:	14 96       	adiw	r26, 0x04	; 4
    1c6e:	8d 91       	ld	r24, X+
    1c70:	9d 91       	ld	r25, X+
    1c72:	0d 90       	ld	r0, X+
    1c74:	bc 91       	ld	r27, X
    1c76:	a0 2d       	mov	r26, r0
    1c78:	24 81       	ldd	r18, Z+4	; 0x04
    1c7a:	35 81       	ldd	r19, Z+5	; 0x05
    1c7c:	46 81       	ldd	r20, Z+6	; 0x06
    1c7e:	57 81       	ldd	r21, Z+7	; 0x07
    1c80:	28 17       	cp	r18, r24
    1c82:	39 07       	cpc	r19, r25
    1c84:	4a 07       	cpc	r20, r26
    1c86:	5b 07       	cpc	r21, r27
    1c88:	18 f4       	brcc	.+6      	; 0x1c90 <__fpcmp_parts_f+0x8e>
    1c8a:	11 23       	and	r17, r17
    1c8c:	41 f0       	breq	.+16     	; 0x1c9e <__fpcmp_parts_f+0x9c>
    1c8e:	0a c0       	rjmp	.+20     	; 0x1ca4 <__fpcmp_parts_f+0xa2>
    1c90:	82 17       	cp	r24, r18
    1c92:	93 07       	cpc	r25, r19
    1c94:	a4 07       	cpc	r26, r20
    1c96:	b5 07       	cpc	r27, r21
    1c98:	40 f4       	brcc	.+16     	; 0x1caa <__fpcmp_parts_f+0xa8>
    1c9a:	11 23       	and	r17, r17
    1c9c:	19 f0       	breq	.+6      	; 0x1ca4 <__fpcmp_parts_f+0xa2>
    1c9e:	61 e0       	ldi	r22, 0x01	; 1
    1ca0:	70 e0       	ldi	r23, 0x00	; 0
    1ca2:	05 c0       	rjmp	.+10     	; 0x1cae <__fpcmp_parts_f+0xac>
    1ca4:	6f ef       	ldi	r22, 0xFF	; 255
    1ca6:	7f ef       	ldi	r23, 0xFF	; 255
    1ca8:	02 c0       	rjmp	.+4      	; 0x1cae <__fpcmp_parts_f+0xac>
    1caa:	60 e0       	ldi	r22, 0x00	; 0
    1cac:	70 e0       	ldi	r23, 0x00	; 0
    1cae:	cb 01       	movw	r24, r22
    1cb0:	1f 91       	pop	r17
    1cb2:	08 95       	ret

00001cb4 <__divmodsi4>:
    1cb4:	97 fb       	bst	r25, 7
    1cb6:	09 2e       	mov	r0, r25
    1cb8:	05 26       	eor	r0, r21
    1cba:	0e d0       	rcall	.+28     	; 0x1cd8 <__divmodsi4_neg1>
    1cbc:	57 fd       	sbrc	r21, 7
    1cbe:	04 d0       	rcall	.+8      	; 0x1cc8 <__divmodsi4_neg2>
    1cc0:	14 d0       	rcall	.+40     	; 0x1cea <__udivmodsi4>
    1cc2:	0a d0       	rcall	.+20     	; 0x1cd8 <__divmodsi4_neg1>
    1cc4:	00 1c       	adc	r0, r0
    1cc6:	38 f4       	brcc	.+14     	; 0x1cd6 <__divmodsi4_exit>

00001cc8 <__divmodsi4_neg2>:
    1cc8:	50 95       	com	r21
    1cca:	40 95       	com	r20
    1ccc:	30 95       	com	r19
    1cce:	21 95       	neg	r18
    1cd0:	3f 4f       	sbci	r19, 0xFF	; 255
    1cd2:	4f 4f       	sbci	r20, 0xFF	; 255
    1cd4:	5f 4f       	sbci	r21, 0xFF	; 255

00001cd6 <__divmodsi4_exit>:
    1cd6:	08 95       	ret

00001cd8 <__divmodsi4_neg1>:
    1cd8:	f6 f7       	brtc	.-4      	; 0x1cd6 <__divmodsi4_exit>
    1cda:	90 95       	com	r25
    1cdc:	80 95       	com	r24
    1cde:	70 95       	com	r23
    1ce0:	61 95       	neg	r22
    1ce2:	7f 4f       	sbci	r23, 0xFF	; 255
    1ce4:	8f 4f       	sbci	r24, 0xFF	; 255
    1ce6:	9f 4f       	sbci	r25, 0xFF	; 255
    1ce8:	08 95       	ret

00001cea <__udivmodsi4>:
    1cea:	a1 e2       	ldi	r26, 0x21	; 33
    1cec:	1a 2e       	mov	r1, r26
    1cee:	aa 1b       	sub	r26, r26
    1cf0:	bb 1b       	sub	r27, r27
    1cf2:	fd 01       	movw	r30, r26
    1cf4:	0d c0       	rjmp	.+26     	; 0x1d10 <__udivmodsi4_ep>

00001cf6 <__udivmodsi4_loop>:
    1cf6:	aa 1f       	adc	r26, r26
    1cf8:	bb 1f       	adc	r27, r27
    1cfa:	ee 1f       	adc	r30, r30
    1cfc:	ff 1f       	adc	r31, r31
    1cfe:	a2 17       	cp	r26, r18
    1d00:	b3 07       	cpc	r27, r19
    1d02:	e4 07       	cpc	r30, r20
    1d04:	f5 07       	cpc	r31, r21
    1d06:	20 f0       	brcs	.+8      	; 0x1d10 <__udivmodsi4_ep>
    1d08:	a2 1b       	sub	r26, r18
    1d0a:	b3 0b       	sbc	r27, r19
    1d0c:	e4 0b       	sbc	r30, r20
    1d0e:	f5 0b       	sbc	r31, r21

00001d10 <__udivmodsi4_ep>:
    1d10:	66 1f       	adc	r22, r22
    1d12:	77 1f       	adc	r23, r23
    1d14:	88 1f       	adc	r24, r24
    1d16:	99 1f       	adc	r25, r25
    1d18:	1a 94       	dec	r1
    1d1a:	69 f7       	brne	.-38     	; 0x1cf6 <__udivmodsi4_loop>
    1d1c:	60 95       	com	r22
    1d1e:	70 95       	com	r23
    1d20:	80 95       	com	r24
    1d22:	90 95       	com	r25
    1d24:	9b 01       	movw	r18, r22
    1d26:	ac 01       	movw	r20, r24
    1d28:	bd 01       	movw	r22, r26
    1d2a:	cf 01       	movw	r24, r30
    1d2c:	08 95       	ret

00001d2e <__prologue_saves__>:
    1d2e:	2f 92       	push	r2
    1d30:	3f 92       	push	r3
    1d32:	4f 92       	push	r4
    1d34:	5f 92       	push	r5
    1d36:	6f 92       	push	r6
    1d38:	7f 92       	push	r7
    1d3a:	8f 92       	push	r8
    1d3c:	9f 92       	push	r9
    1d3e:	af 92       	push	r10
    1d40:	bf 92       	push	r11
    1d42:	cf 92       	push	r12
    1d44:	df 92       	push	r13
    1d46:	ef 92       	push	r14
    1d48:	ff 92       	push	r15
    1d4a:	0f 93       	push	r16
    1d4c:	1f 93       	push	r17
    1d4e:	cf 93       	push	r28
    1d50:	df 93       	push	r29
    1d52:	cd b7       	in	r28, 0x3d	; 61
    1d54:	de b7       	in	r29, 0x3e	; 62
    1d56:	ca 1b       	sub	r28, r26
    1d58:	db 0b       	sbc	r29, r27
    1d5a:	0f b6       	in	r0, 0x3f	; 63
    1d5c:	f8 94       	cli
    1d5e:	de bf       	out	0x3e, r29	; 62
    1d60:	0f be       	out	0x3f, r0	; 63
    1d62:	cd bf       	out	0x3d, r28	; 61
    1d64:	09 94       	ijmp

00001d66 <__epilogue_restores__>:
    1d66:	2a 88       	ldd	r2, Y+18	; 0x12
    1d68:	39 88       	ldd	r3, Y+17	; 0x11
    1d6a:	48 88       	ldd	r4, Y+16	; 0x10
    1d6c:	5f 84       	ldd	r5, Y+15	; 0x0f
    1d6e:	6e 84       	ldd	r6, Y+14	; 0x0e
    1d70:	7d 84       	ldd	r7, Y+13	; 0x0d
    1d72:	8c 84       	ldd	r8, Y+12	; 0x0c
    1d74:	9b 84       	ldd	r9, Y+11	; 0x0b
    1d76:	aa 84       	ldd	r10, Y+10	; 0x0a
    1d78:	b9 84       	ldd	r11, Y+9	; 0x09
    1d7a:	c8 84       	ldd	r12, Y+8	; 0x08
    1d7c:	df 80       	ldd	r13, Y+7	; 0x07
    1d7e:	ee 80       	ldd	r14, Y+6	; 0x06
    1d80:	fd 80       	ldd	r15, Y+5	; 0x05
    1d82:	0c 81       	ldd	r16, Y+4	; 0x04
    1d84:	1b 81       	ldd	r17, Y+3	; 0x03
    1d86:	aa 81       	ldd	r26, Y+2	; 0x02
    1d88:	b9 81       	ldd	r27, Y+1	; 0x01
    1d8a:	ce 0f       	add	r28, r30
    1d8c:	d1 1d       	adc	r29, r1
    1d8e:	0f b6       	in	r0, 0x3f	; 63
    1d90:	f8 94       	cli
    1d92:	de bf       	out	0x3e, r29	; 62
    1d94:	0f be       	out	0x3f, r0	; 63
    1d96:	cd bf       	out	0x3d, r28	; 61
    1d98:	ed 01       	movw	r28, r26
    1d9a:	08 95       	ret

00001d9c <printf>:
    1d9c:	df 93       	push	r29
    1d9e:	cf 93       	push	r28
    1da0:	cd b7       	in	r28, 0x3d	; 61
    1da2:	de b7       	in	r29, 0x3e	; 62
    1da4:	fe 01       	movw	r30, r28
    1da6:	35 96       	adiw	r30, 0x05	; 5
    1da8:	61 91       	ld	r22, Z+
    1daa:	71 91       	ld	r23, Z+
    1dac:	80 91 fe 02 	lds	r24, 0x02FE
    1db0:	90 91 ff 02 	lds	r25, 0x02FF
    1db4:	af 01       	movw	r20, r30
    1db6:	0e 94 6e 10 	call	0x20dc	; 0x20dc <vfprintf>
    1dba:	cf 91       	pop	r28
    1dbc:	df 91       	pop	r29
    1dbe:	08 95       	ret

00001dc0 <puts>:
    1dc0:	0f 93       	push	r16
    1dc2:	1f 93       	push	r17
    1dc4:	cf 93       	push	r28
    1dc6:	df 93       	push	r29
    1dc8:	8c 01       	movw	r16, r24
    1dca:	e0 91 fe 02 	lds	r30, 0x02FE
    1dce:	f0 91 ff 02 	lds	r31, 0x02FF
    1dd2:	83 81       	ldd	r24, Z+3	; 0x03
    1dd4:	81 ff       	sbrs	r24, 1
    1dd6:	21 c0       	rjmp	.+66     	; 0x1e1a <puts+0x5a>
    1dd8:	c0 e0       	ldi	r28, 0x00	; 0
    1dda:	d0 e0       	ldi	r29, 0x00	; 0
    1ddc:	0d c0       	rjmp	.+26     	; 0x1df8 <puts+0x38>
    1dde:	e0 91 fe 02 	lds	r30, 0x02FE
    1de2:	f0 91 ff 02 	lds	r31, 0x02FF
    1de6:	20 85       	ldd	r18, Z+8	; 0x08
    1de8:	31 85       	ldd	r19, Z+9	; 0x09
    1dea:	bf 01       	movw	r22, r30
    1dec:	f9 01       	movw	r30, r18
    1dee:	09 95       	icall
    1df0:	89 2b       	or	r24, r25
    1df2:	11 f0       	breq	.+4      	; 0x1df8 <puts+0x38>
    1df4:	cf ef       	ldi	r28, 0xFF	; 255
    1df6:	df ef       	ldi	r29, 0xFF	; 255
    1df8:	f8 01       	movw	r30, r16
    1dfa:	81 91       	ld	r24, Z+
    1dfc:	8f 01       	movw	r16, r30
    1dfe:	88 23       	and	r24, r24
    1e00:	71 f7       	brne	.-36     	; 0x1dde <puts+0x1e>
    1e02:	e0 91 fe 02 	lds	r30, 0x02FE
    1e06:	f0 91 ff 02 	lds	r31, 0x02FF
    1e0a:	20 85       	ldd	r18, Z+8	; 0x08
    1e0c:	31 85       	ldd	r19, Z+9	; 0x09
    1e0e:	8a e0       	ldi	r24, 0x0A	; 10
    1e10:	bf 01       	movw	r22, r30
    1e12:	f9 01       	movw	r30, r18
    1e14:	09 95       	icall
    1e16:	89 2b       	or	r24, r25
    1e18:	11 f0       	breq	.+4      	; 0x1e1e <puts+0x5e>
    1e1a:	cf ef       	ldi	r28, 0xFF	; 255
    1e1c:	df ef       	ldi	r29, 0xFF	; 255
    1e1e:	ce 01       	movw	r24, r28
    1e20:	df 91       	pop	r29
    1e22:	cf 91       	pop	r28
    1e24:	1f 91       	pop	r17
    1e26:	0f 91       	pop	r16
    1e28:	08 95       	ret
    1e2a:	19 f4       	brne	.+6      	; 0x1e32 <puts+0x72>
    1e2c:	0e f0       	brts	.+2      	; 0x1e30 <puts+0x70>
    1e2e:	2e c0       	rjmp	.+92     	; 0x1e8c <__fp_inf>
    1e30:	7d c0       	rjmp	.+250    	; 0x1f2c <__fp_zero>
    1e32:	32 c0       	rjmp	.+100    	; 0x1e98 <__fp_nan>

00001e34 <exp>:
    1e34:	61 d0       	rcall	.+194    	; 0x1ef8 <__fp_splitA>
    1e36:	c8 f3       	brcs	.-14     	; 0x1e2a <puts+0x6a>
    1e38:	96 38       	cpi	r25, 0x86	; 134
    1e3a:	c0 f7       	brcc	.-16     	; 0x1e2c <puts+0x6c>
    1e3c:	07 f8       	bld	r0, 7
    1e3e:	0f 92       	push	r0
    1e40:	e8 94       	clt
    1e42:	2b e3       	ldi	r18, 0x3B	; 59
    1e44:	3a ea       	ldi	r19, 0xAA	; 170
    1e46:	48 eb       	ldi	r20, 0xB8	; 184
    1e48:	5f e7       	ldi	r21, 0x7F	; 127
    1e4a:	f3 d0       	rcall	.+486    	; 0x2032 <__mulsf3_pse>
    1e4c:	0f 92       	push	r0
    1e4e:	0f 92       	push	r0
    1e50:	0f 92       	push	r0
    1e52:	4d b7       	in	r20, 0x3d	; 61
    1e54:	5e b7       	in	r21, 0x3e	; 62
    1e56:	0f 92       	push	r0
    1e58:	ad d0       	rcall	.+346    	; 0x1fb4 <modf>
    1e5a:	ec e8       	ldi	r30, 0x8C	; 140
    1e5c:	f0 e0       	ldi	r31, 0x00	; 0
    1e5e:	1f d0       	rcall	.+62     	; 0x1e9e <__fp_powser>
    1e60:	4f 91       	pop	r20
    1e62:	5f 91       	pop	r21
    1e64:	ef 91       	pop	r30
    1e66:	ff 91       	pop	r31
    1e68:	e5 95       	asr	r30
    1e6a:	ee 1f       	adc	r30, r30
    1e6c:	ff 1f       	adc	r31, r31
    1e6e:	49 f0       	breq	.+18     	; 0x1e82 <exp+0x4e>
    1e70:	fe 57       	subi	r31, 0x7E	; 126
    1e72:	e0 68       	ori	r30, 0x80	; 128
    1e74:	44 27       	eor	r20, r20
    1e76:	ee 0f       	add	r30, r30
    1e78:	44 1f       	adc	r20, r20
    1e7a:	fa 95       	dec	r31
    1e7c:	e1 f7       	brne	.-8      	; 0x1e76 <exp+0x42>
    1e7e:	41 95       	neg	r20
    1e80:	55 0b       	sbc	r21, r21
    1e82:	64 d0       	rcall	.+200    	; 0x1f4c <ldexp>
    1e84:	0f 90       	pop	r0
    1e86:	07 fe       	sbrs	r0, 7
    1e88:	58 c0       	rjmp	.+176    	; 0x1f3a <inverse>
    1e8a:	08 95       	ret

00001e8c <__fp_inf>:
    1e8c:	97 f9       	bld	r25, 7
    1e8e:	9f 67       	ori	r25, 0x7F	; 127
    1e90:	80 e8       	ldi	r24, 0x80	; 128
    1e92:	70 e0       	ldi	r23, 0x00	; 0
    1e94:	60 e0       	ldi	r22, 0x00	; 0
    1e96:	08 95       	ret

00001e98 <__fp_nan>:
    1e98:	9f ef       	ldi	r25, 0xFF	; 255
    1e9a:	80 ec       	ldi	r24, 0xC0	; 192
    1e9c:	08 95       	ret

00001e9e <__fp_powser>:
    1e9e:	df 93       	push	r29
    1ea0:	cf 93       	push	r28
    1ea2:	1f 93       	push	r17
    1ea4:	0f 93       	push	r16
    1ea6:	ff 92       	push	r15
    1ea8:	ef 92       	push	r14
    1eaa:	df 92       	push	r13
    1eac:	7b 01       	movw	r14, r22
    1eae:	8c 01       	movw	r16, r24
    1eb0:	68 94       	set
    1eb2:	05 c0       	rjmp	.+10     	; 0x1ebe <__fp_powser+0x20>
    1eb4:	da 2e       	mov	r13, r26
    1eb6:	ef 01       	movw	r28, r30
    1eb8:	ba d0       	rcall	.+372    	; 0x202e <__mulsf3x>
    1eba:	fe 01       	movw	r30, r28
    1ebc:	e8 94       	clt
    1ebe:	a5 91       	lpm	r26, Z+
    1ec0:	25 91       	lpm	r18, Z+
    1ec2:	35 91       	lpm	r19, Z+
    1ec4:	45 91       	lpm	r20, Z+
    1ec6:	55 91       	lpm	r21, Z+
    1ec8:	ae f3       	brts	.-22     	; 0x1eb4 <__fp_powser+0x16>
    1eca:	ef 01       	movw	r28, r30
    1ecc:	ba d3       	rcall	.+1908   	; 0x2642 <__addsf3x>
    1ece:	fe 01       	movw	r30, r28
    1ed0:	97 01       	movw	r18, r14
    1ed2:	a8 01       	movw	r20, r16
    1ed4:	da 94       	dec	r13
    1ed6:	79 f7       	brne	.-34     	; 0x1eb6 <__fp_powser+0x18>
    1ed8:	df 90       	pop	r13
    1eda:	ef 90       	pop	r14
    1edc:	ff 90       	pop	r15
    1ede:	0f 91       	pop	r16
    1ee0:	1f 91       	pop	r17
    1ee2:	cf 91       	pop	r28
    1ee4:	df 91       	pop	r29
    1ee6:	08 95       	ret

00001ee8 <__fp_split3>:
    1ee8:	57 fd       	sbrc	r21, 7
    1eea:	90 58       	subi	r25, 0x80	; 128
    1eec:	44 0f       	add	r20, r20
    1eee:	55 1f       	adc	r21, r21
    1ef0:	59 f0       	breq	.+22     	; 0x1f08 <__fp_splitA+0x10>
    1ef2:	5f 3f       	cpi	r21, 0xFF	; 255
    1ef4:	71 f0       	breq	.+28     	; 0x1f12 <__fp_splitA+0x1a>
    1ef6:	47 95       	ror	r20

00001ef8 <__fp_splitA>:
    1ef8:	88 0f       	add	r24, r24
    1efa:	97 fb       	bst	r25, 7
    1efc:	99 1f       	adc	r25, r25
    1efe:	61 f0       	breq	.+24     	; 0x1f18 <__fp_splitA+0x20>
    1f00:	9f 3f       	cpi	r25, 0xFF	; 255
    1f02:	79 f0       	breq	.+30     	; 0x1f22 <__fp_splitA+0x2a>
    1f04:	87 95       	ror	r24
    1f06:	08 95       	ret
    1f08:	12 16       	cp	r1, r18
    1f0a:	13 06       	cpc	r1, r19
    1f0c:	14 06       	cpc	r1, r20
    1f0e:	55 1f       	adc	r21, r21
    1f10:	f2 cf       	rjmp	.-28     	; 0x1ef6 <__fp_split3+0xe>
    1f12:	46 95       	lsr	r20
    1f14:	f1 df       	rcall	.-30     	; 0x1ef8 <__fp_splitA>
    1f16:	08 c0       	rjmp	.+16     	; 0x1f28 <__fp_splitA+0x30>
    1f18:	16 16       	cp	r1, r22
    1f1a:	17 06       	cpc	r1, r23
    1f1c:	18 06       	cpc	r1, r24
    1f1e:	99 1f       	adc	r25, r25
    1f20:	f1 cf       	rjmp	.-30     	; 0x1f04 <__fp_splitA+0xc>
    1f22:	86 95       	lsr	r24
    1f24:	71 05       	cpc	r23, r1
    1f26:	61 05       	cpc	r22, r1
    1f28:	08 94       	sec
    1f2a:	08 95       	ret

00001f2c <__fp_zero>:
    1f2c:	e8 94       	clt

00001f2e <__fp_szero>:
    1f2e:	bb 27       	eor	r27, r27
    1f30:	66 27       	eor	r22, r22
    1f32:	77 27       	eor	r23, r23
    1f34:	cb 01       	movw	r24, r22
    1f36:	97 f9       	bld	r25, 7
    1f38:	08 95       	ret

00001f3a <inverse>:
    1f3a:	9b 01       	movw	r18, r22
    1f3c:	ac 01       	movw	r20, r24
    1f3e:	60 e0       	ldi	r22, 0x00	; 0
    1f40:	70 e0       	ldi	r23, 0x00	; 0
    1f42:	80 e8       	ldi	r24, 0x80	; 128
    1f44:	9f e3       	ldi	r25, 0x3F	; 63
    1f46:	5a ca       	rjmp	.-2892   	; 0x13fc <__divsf3>
    1f48:	a1 cf       	rjmp	.-190    	; 0x1e8c <__fp_inf>
    1f4a:	ce c3       	rjmp	.+1948   	; 0x26e8 <__fp_mpack>

00001f4c <ldexp>:
    1f4c:	d5 df       	rcall	.-86     	; 0x1ef8 <__fp_splitA>
    1f4e:	e8 f3       	brcs	.-6      	; 0x1f4a <inverse+0x10>
    1f50:	99 23       	and	r25, r25
    1f52:	d9 f3       	breq	.-10     	; 0x1f4a <inverse+0x10>
    1f54:	94 0f       	add	r25, r20
    1f56:	51 1d       	adc	r21, r1
    1f58:	bb f3       	brvs	.-18     	; 0x1f48 <inverse+0xe>
    1f5a:	91 50       	subi	r25, 0x01	; 1
    1f5c:	50 40       	sbci	r21, 0x00	; 0
    1f5e:	94 f0       	brlt	.+36     	; 0x1f84 <ldexp+0x38>
    1f60:	59 f0       	breq	.+22     	; 0x1f78 <ldexp+0x2c>
    1f62:	88 23       	and	r24, r24
    1f64:	32 f0       	brmi	.+12     	; 0x1f72 <ldexp+0x26>
    1f66:	66 0f       	add	r22, r22
    1f68:	77 1f       	adc	r23, r23
    1f6a:	88 1f       	adc	r24, r24
    1f6c:	91 50       	subi	r25, 0x01	; 1
    1f6e:	50 40       	sbci	r21, 0x00	; 0
    1f70:	c1 f7       	brne	.-16     	; 0x1f62 <ldexp+0x16>
    1f72:	9e 3f       	cpi	r25, 0xFE	; 254
    1f74:	51 05       	cpc	r21, r1
    1f76:	44 f7       	brge	.-48     	; 0x1f48 <inverse+0xe>
    1f78:	88 0f       	add	r24, r24
    1f7a:	91 1d       	adc	r25, r1
    1f7c:	96 95       	lsr	r25
    1f7e:	87 95       	ror	r24
    1f80:	97 f9       	bld	r25, 7
    1f82:	08 95       	ret
    1f84:	5f 3f       	cpi	r21, 0xFF	; 255
    1f86:	ac f0       	brlt	.+42     	; 0x1fb2 <ldexp+0x66>
    1f88:	98 3e       	cpi	r25, 0xE8	; 232
    1f8a:	9c f0       	brlt	.+38     	; 0x1fb2 <ldexp+0x66>
    1f8c:	bb 27       	eor	r27, r27
    1f8e:	86 95       	lsr	r24
    1f90:	77 95       	ror	r23
    1f92:	67 95       	ror	r22
    1f94:	b7 95       	ror	r27
    1f96:	08 f4       	brcc	.+2      	; 0x1f9a <ldexp+0x4e>
    1f98:	b1 60       	ori	r27, 0x01	; 1
    1f9a:	93 95       	inc	r25
    1f9c:	c1 f7       	brne	.-16     	; 0x1f8e <ldexp+0x42>
    1f9e:	bb 0f       	add	r27, r27
    1fa0:	58 f7       	brcc	.-42     	; 0x1f78 <ldexp+0x2c>
    1fa2:	11 f4       	brne	.+4      	; 0x1fa8 <ldexp+0x5c>
    1fa4:	60 ff       	sbrs	r22, 0
    1fa6:	e8 cf       	rjmp	.-48     	; 0x1f78 <ldexp+0x2c>
    1fa8:	6f 5f       	subi	r22, 0xFF	; 255
    1faa:	7f 4f       	sbci	r23, 0xFF	; 255
    1fac:	8f 4f       	sbci	r24, 0xFF	; 255
    1fae:	9f 4f       	sbci	r25, 0xFF	; 255
    1fb0:	e3 cf       	rjmp	.-58     	; 0x1f78 <ldexp+0x2c>
    1fb2:	bd cf       	rjmp	.-134    	; 0x1f2e <__fp_szero>

00001fb4 <modf>:
    1fb4:	fa 01       	movw	r30, r20
    1fb6:	dc 01       	movw	r26, r24
    1fb8:	aa 0f       	add	r26, r26
    1fba:	bb 1f       	adc	r27, r27
    1fbc:	9b 01       	movw	r18, r22
    1fbe:	ac 01       	movw	r20, r24
    1fc0:	bf 57       	subi	r27, 0x7F	; 127
    1fc2:	28 f4       	brcc	.+10     	; 0x1fce <modf+0x1a>
    1fc4:	22 27       	eor	r18, r18
    1fc6:	33 27       	eor	r19, r19
    1fc8:	44 27       	eor	r20, r20
    1fca:	50 78       	andi	r21, 0x80	; 128
    1fcc:	1f c0       	rjmp	.+62     	; 0x200c <modf+0x58>
    1fce:	b7 51       	subi	r27, 0x17	; 23
    1fd0:	88 f4       	brcc	.+34     	; 0x1ff4 <modf+0x40>
    1fd2:	ab 2f       	mov	r26, r27
    1fd4:	00 24       	eor	r0, r0
    1fd6:	46 95       	lsr	r20
    1fd8:	37 95       	ror	r19
    1fda:	27 95       	ror	r18
    1fdc:	01 1c       	adc	r0, r1
    1fde:	a3 95       	inc	r26
    1fe0:	d2 f3       	brmi	.-12     	; 0x1fd6 <modf+0x22>
    1fe2:	00 20       	and	r0, r0
    1fe4:	69 f0       	breq	.+26     	; 0x2000 <modf+0x4c>
    1fe6:	22 0f       	add	r18, r18
    1fe8:	33 1f       	adc	r19, r19
    1fea:	44 1f       	adc	r20, r20
    1fec:	b3 95       	inc	r27
    1fee:	da f3       	brmi	.-10     	; 0x1fe6 <modf+0x32>
    1ff0:	0d d0       	rcall	.+26     	; 0x200c <modf+0x58>
    1ff2:	ac c8       	rjmp	.-3752   	; 0x114c <__subsf3>
    1ff4:	61 30       	cpi	r22, 0x01	; 1
    1ff6:	71 05       	cpc	r23, r1
    1ff8:	a0 e8       	ldi	r26, 0x80	; 128
    1ffa:	8a 07       	cpc	r24, r26
    1ffc:	b9 46       	sbci	r27, 0x69	; 105
    1ffe:	30 f4       	brcc	.+12     	; 0x200c <modf+0x58>
    2000:	9b 01       	movw	r18, r22
    2002:	ac 01       	movw	r20, r24
    2004:	66 27       	eor	r22, r22
    2006:	77 27       	eor	r23, r23
    2008:	88 27       	eor	r24, r24
    200a:	90 78       	andi	r25, 0x80	; 128
    200c:	30 96       	adiw	r30, 0x00	; 0
    200e:	21 f0       	breq	.+8      	; 0x2018 <modf+0x64>
    2010:	20 83       	st	Z, r18
    2012:	31 83       	std	Z+1, r19	; 0x01
    2014:	42 83       	std	Z+2, r20	; 0x02
    2016:	53 83       	std	Z+3, r21	; 0x03
    2018:	08 95       	ret
    201a:	74 d3       	rcall	.+1768   	; 0x2704 <__fp_pscA>
    201c:	28 f0       	brcs	.+10     	; 0x2028 <modf+0x74>
    201e:	79 d3       	rcall	.+1778   	; 0x2712 <__fp_pscB>
    2020:	18 f0       	brcs	.+6      	; 0x2028 <modf+0x74>
    2022:	95 23       	and	r25, r21
    2024:	09 f0       	breq	.+2      	; 0x2028 <modf+0x74>
    2026:	32 cf       	rjmp	.-412    	; 0x1e8c <__fp_inf>
    2028:	37 cf       	rjmp	.-402    	; 0x1e98 <__fp_nan>
    202a:	11 24       	eor	r1, r1
    202c:	80 cf       	rjmp	.-256    	; 0x1f2e <__fp_szero>

0000202e <__mulsf3x>:
    202e:	5c df       	rcall	.-328    	; 0x1ee8 <__fp_split3>
    2030:	a0 f3       	brcs	.-24     	; 0x201a <modf+0x66>

00002032 <__mulsf3_pse>:
    2032:	95 9f       	mul	r25, r21
    2034:	d1 f3       	breq	.-12     	; 0x202a <modf+0x76>
    2036:	95 0f       	add	r25, r21
    2038:	50 e0       	ldi	r21, 0x00	; 0
    203a:	55 1f       	adc	r21, r21
    203c:	62 9f       	mul	r22, r18
    203e:	f0 01       	movw	r30, r0
    2040:	72 9f       	mul	r23, r18
    2042:	bb 27       	eor	r27, r27
    2044:	f0 0d       	add	r31, r0
    2046:	b1 1d       	adc	r27, r1
    2048:	63 9f       	mul	r22, r19
    204a:	aa 27       	eor	r26, r26
    204c:	f0 0d       	add	r31, r0
    204e:	b1 1d       	adc	r27, r1
    2050:	aa 1f       	adc	r26, r26
    2052:	64 9f       	mul	r22, r20
    2054:	66 27       	eor	r22, r22
    2056:	b0 0d       	add	r27, r0
    2058:	a1 1d       	adc	r26, r1
    205a:	66 1f       	adc	r22, r22
    205c:	82 9f       	mul	r24, r18
    205e:	22 27       	eor	r18, r18
    2060:	b0 0d       	add	r27, r0
    2062:	a1 1d       	adc	r26, r1
    2064:	62 1f       	adc	r22, r18
    2066:	73 9f       	mul	r23, r19
    2068:	b0 0d       	add	r27, r0
    206a:	a1 1d       	adc	r26, r1
    206c:	62 1f       	adc	r22, r18
    206e:	83 9f       	mul	r24, r19
    2070:	a0 0d       	add	r26, r0
    2072:	61 1d       	adc	r22, r1
    2074:	22 1f       	adc	r18, r18
    2076:	74 9f       	mul	r23, r20
    2078:	33 27       	eor	r19, r19
    207a:	a0 0d       	add	r26, r0
    207c:	61 1d       	adc	r22, r1
    207e:	23 1f       	adc	r18, r19
    2080:	84 9f       	mul	r24, r20
    2082:	60 0d       	add	r22, r0
    2084:	21 1d       	adc	r18, r1
    2086:	82 2f       	mov	r24, r18
    2088:	76 2f       	mov	r23, r22
    208a:	6a 2f       	mov	r22, r26
    208c:	11 24       	eor	r1, r1
    208e:	9f 57       	subi	r25, 0x7F	; 127
    2090:	50 40       	sbci	r21, 0x00	; 0
    2092:	8a f0       	brmi	.+34     	; 0x20b6 <__mulsf3_pse+0x84>
    2094:	e1 f0       	breq	.+56     	; 0x20ce <__mulsf3_pse+0x9c>
    2096:	88 23       	and	r24, r24
    2098:	4a f0       	brmi	.+18     	; 0x20ac <__mulsf3_pse+0x7a>
    209a:	ee 0f       	add	r30, r30
    209c:	ff 1f       	adc	r31, r31
    209e:	bb 1f       	adc	r27, r27
    20a0:	66 1f       	adc	r22, r22
    20a2:	77 1f       	adc	r23, r23
    20a4:	88 1f       	adc	r24, r24
    20a6:	91 50       	subi	r25, 0x01	; 1
    20a8:	50 40       	sbci	r21, 0x00	; 0
    20aa:	a9 f7       	brne	.-22     	; 0x2096 <__mulsf3_pse+0x64>
    20ac:	9e 3f       	cpi	r25, 0xFE	; 254
    20ae:	51 05       	cpc	r21, r1
    20b0:	70 f0       	brcs	.+28     	; 0x20ce <__mulsf3_pse+0x9c>
    20b2:	ec ce       	rjmp	.-552    	; 0x1e8c <__fp_inf>
    20b4:	3c cf       	rjmp	.-392    	; 0x1f2e <__fp_szero>
    20b6:	5f 3f       	cpi	r21, 0xFF	; 255
    20b8:	ec f3       	brlt	.-6      	; 0x20b4 <__mulsf3_pse+0x82>
    20ba:	98 3e       	cpi	r25, 0xE8	; 232
    20bc:	dc f3       	brlt	.-10     	; 0x20b4 <__mulsf3_pse+0x82>
    20be:	86 95       	lsr	r24
    20c0:	77 95       	ror	r23
    20c2:	67 95       	ror	r22
    20c4:	b7 95       	ror	r27
    20c6:	f7 95       	ror	r31
    20c8:	e7 95       	ror	r30
    20ca:	9f 5f       	subi	r25, 0xFF	; 255
    20cc:	c1 f7       	brne	.-16     	; 0x20be <__mulsf3_pse+0x8c>
    20ce:	fe 2b       	or	r31, r30
    20d0:	88 0f       	add	r24, r24
    20d2:	91 1d       	adc	r25, r1
    20d4:	96 95       	lsr	r25
    20d6:	87 95       	ror	r24
    20d8:	97 f9       	bld	r25, 7
    20da:	08 95       	ret

000020dc <vfprintf>:
    20dc:	2f 92       	push	r2
    20de:	3f 92       	push	r3
    20e0:	4f 92       	push	r4
    20e2:	5f 92       	push	r5
    20e4:	6f 92       	push	r6
    20e6:	7f 92       	push	r7
    20e8:	8f 92       	push	r8
    20ea:	9f 92       	push	r9
    20ec:	af 92       	push	r10
    20ee:	bf 92       	push	r11
    20f0:	cf 92       	push	r12
    20f2:	df 92       	push	r13
    20f4:	ef 92       	push	r14
    20f6:	ff 92       	push	r15
    20f8:	0f 93       	push	r16
    20fa:	1f 93       	push	r17
    20fc:	df 93       	push	r29
    20fe:	cf 93       	push	r28
    2100:	cd b7       	in	r28, 0x3d	; 61
    2102:	de b7       	in	r29, 0x3e	; 62
    2104:	2b 97       	sbiw	r28, 0x0b	; 11
    2106:	0f b6       	in	r0, 0x3f	; 63
    2108:	f8 94       	cli
    210a:	de bf       	out	0x3e, r29	; 62
    210c:	0f be       	out	0x3f, r0	; 63
    210e:	cd bf       	out	0x3d, r28	; 61
    2110:	3c 01       	movw	r6, r24
    2112:	2b 01       	movw	r4, r22
    2114:	5a 01       	movw	r10, r20
    2116:	fc 01       	movw	r30, r24
    2118:	17 82       	std	Z+7, r1	; 0x07
    211a:	16 82       	std	Z+6, r1	; 0x06
    211c:	83 81       	ldd	r24, Z+3	; 0x03
    211e:	81 fd       	sbrc	r24, 1
    2120:	03 c0       	rjmp	.+6      	; 0x2128 <vfprintf+0x4c>
    2122:	6f ef       	ldi	r22, 0xFF	; 255
    2124:	7f ef       	ldi	r23, 0xFF	; 255
    2126:	c6 c1       	rjmp	.+908    	; 0x24b4 <vfprintf+0x3d8>
    2128:	9a e0       	ldi	r25, 0x0A	; 10
    212a:	89 2e       	mov	r8, r25
    212c:	1e 01       	movw	r2, r28
    212e:	08 94       	sec
    2130:	21 1c       	adc	r2, r1
    2132:	31 1c       	adc	r3, r1
    2134:	f3 01       	movw	r30, r6
    2136:	23 81       	ldd	r18, Z+3	; 0x03
    2138:	f2 01       	movw	r30, r4
    213a:	23 fd       	sbrc	r18, 3
    213c:	85 91       	lpm	r24, Z+
    213e:	23 ff       	sbrs	r18, 3
    2140:	81 91       	ld	r24, Z+
    2142:	2f 01       	movw	r4, r30
    2144:	88 23       	and	r24, r24
    2146:	09 f4       	brne	.+2      	; 0x214a <vfprintf+0x6e>
    2148:	b2 c1       	rjmp	.+868    	; 0x24ae <vfprintf+0x3d2>
    214a:	85 32       	cpi	r24, 0x25	; 37
    214c:	39 f4       	brne	.+14     	; 0x215c <vfprintf+0x80>
    214e:	23 fd       	sbrc	r18, 3
    2150:	85 91       	lpm	r24, Z+
    2152:	23 ff       	sbrs	r18, 3
    2154:	81 91       	ld	r24, Z+
    2156:	2f 01       	movw	r4, r30
    2158:	85 32       	cpi	r24, 0x25	; 37
    215a:	29 f4       	brne	.+10     	; 0x2166 <vfprintf+0x8a>
    215c:	90 e0       	ldi	r25, 0x00	; 0
    215e:	b3 01       	movw	r22, r6
    2160:	0e 94 8a 12 	call	0x2514	; 0x2514 <fputc>
    2164:	e7 cf       	rjmp	.-50     	; 0x2134 <vfprintf+0x58>
    2166:	98 2f       	mov	r25, r24
    2168:	ff 24       	eor	r15, r15
    216a:	ee 24       	eor	r14, r14
    216c:	99 24       	eor	r9, r9
    216e:	ff e1       	ldi	r31, 0x1F	; 31
    2170:	ff 15       	cp	r31, r15
    2172:	d0 f0       	brcs	.+52     	; 0x21a8 <vfprintf+0xcc>
    2174:	9b 32       	cpi	r25, 0x2B	; 43
    2176:	69 f0       	breq	.+26     	; 0x2192 <vfprintf+0xb6>
    2178:	9c 32       	cpi	r25, 0x2C	; 44
    217a:	28 f4       	brcc	.+10     	; 0x2186 <vfprintf+0xaa>
    217c:	90 32       	cpi	r25, 0x20	; 32
    217e:	59 f0       	breq	.+22     	; 0x2196 <vfprintf+0xba>
    2180:	93 32       	cpi	r25, 0x23	; 35
    2182:	91 f4       	brne	.+36     	; 0x21a8 <vfprintf+0xcc>
    2184:	0e c0       	rjmp	.+28     	; 0x21a2 <vfprintf+0xc6>
    2186:	9d 32       	cpi	r25, 0x2D	; 45
    2188:	49 f0       	breq	.+18     	; 0x219c <vfprintf+0xc0>
    218a:	90 33       	cpi	r25, 0x30	; 48
    218c:	69 f4       	brne	.+26     	; 0x21a8 <vfprintf+0xcc>
    218e:	41 e0       	ldi	r20, 0x01	; 1
    2190:	24 c0       	rjmp	.+72     	; 0x21da <vfprintf+0xfe>
    2192:	52 e0       	ldi	r21, 0x02	; 2
    2194:	f5 2a       	or	r15, r21
    2196:	84 e0       	ldi	r24, 0x04	; 4
    2198:	f8 2a       	or	r15, r24
    219a:	28 c0       	rjmp	.+80     	; 0x21ec <vfprintf+0x110>
    219c:	98 e0       	ldi	r25, 0x08	; 8
    219e:	f9 2a       	or	r15, r25
    21a0:	25 c0       	rjmp	.+74     	; 0x21ec <vfprintf+0x110>
    21a2:	e0 e1       	ldi	r30, 0x10	; 16
    21a4:	fe 2a       	or	r15, r30
    21a6:	22 c0       	rjmp	.+68     	; 0x21ec <vfprintf+0x110>
    21a8:	f7 fc       	sbrc	r15, 7
    21aa:	29 c0       	rjmp	.+82     	; 0x21fe <vfprintf+0x122>
    21ac:	89 2f       	mov	r24, r25
    21ae:	80 53       	subi	r24, 0x30	; 48
    21b0:	8a 30       	cpi	r24, 0x0A	; 10
    21b2:	70 f4       	brcc	.+28     	; 0x21d0 <vfprintf+0xf4>
    21b4:	f6 fe       	sbrs	r15, 6
    21b6:	05 c0       	rjmp	.+10     	; 0x21c2 <vfprintf+0xe6>
    21b8:	98 9c       	mul	r9, r8
    21ba:	90 2c       	mov	r9, r0
    21bc:	11 24       	eor	r1, r1
    21be:	98 0e       	add	r9, r24
    21c0:	15 c0       	rjmp	.+42     	; 0x21ec <vfprintf+0x110>
    21c2:	e8 9c       	mul	r14, r8
    21c4:	e0 2c       	mov	r14, r0
    21c6:	11 24       	eor	r1, r1
    21c8:	e8 0e       	add	r14, r24
    21ca:	f0 e2       	ldi	r31, 0x20	; 32
    21cc:	ff 2a       	or	r15, r31
    21ce:	0e c0       	rjmp	.+28     	; 0x21ec <vfprintf+0x110>
    21d0:	9e 32       	cpi	r25, 0x2E	; 46
    21d2:	29 f4       	brne	.+10     	; 0x21de <vfprintf+0x102>
    21d4:	f6 fc       	sbrc	r15, 6
    21d6:	6b c1       	rjmp	.+726    	; 0x24ae <vfprintf+0x3d2>
    21d8:	40 e4       	ldi	r20, 0x40	; 64
    21da:	f4 2a       	or	r15, r20
    21dc:	07 c0       	rjmp	.+14     	; 0x21ec <vfprintf+0x110>
    21de:	9c 36       	cpi	r25, 0x6C	; 108
    21e0:	19 f4       	brne	.+6      	; 0x21e8 <vfprintf+0x10c>
    21e2:	50 e8       	ldi	r21, 0x80	; 128
    21e4:	f5 2a       	or	r15, r21
    21e6:	02 c0       	rjmp	.+4      	; 0x21ec <vfprintf+0x110>
    21e8:	98 36       	cpi	r25, 0x68	; 104
    21ea:	49 f4       	brne	.+18     	; 0x21fe <vfprintf+0x122>
    21ec:	f2 01       	movw	r30, r4
    21ee:	23 fd       	sbrc	r18, 3
    21f0:	95 91       	lpm	r25, Z+
    21f2:	23 ff       	sbrs	r18, 3
    21f4:	91 91       	ld	r25, Z+
    21f6:	2f 01       	movw	r4, r30
    21f8:	99 23       	and	r25, r25
    21fa:	09 f0       	breq	.+2      	; 0x21fe <vfprintf+0x122>
    21fc:	b8 cf       	rjmp	.-144    	; 0x216e <vfprintf+0x92>
    21fe:	89 2f       	mov	r24, r25
    2200:	85 54       	subi	r24, 0x45	; 69
    2202:	83 30       	cpi	r24, 0x03	; 3
    2204:	18 f0       	brcs	.+6      	; 0x220c <vfprintf+0x130>
    2206:	80 52       	subi	r24, 0x20	; 32
    2208:	83 30       	cpi	r24, 0x03	; 3
    220a:	38 f4       	brcc	.+14     	; 0x221a <vfprintf+0x13e>
    220c:	44 e0       	ldi	r20, 0x04	; 4
    220e:	50 e0       	ldi	r21, 0x00	; 0
    2210:	a4 0e       	add	r10, r20
    2212:	b5 1e       	adc	r11, r21
    2214:	5f e3       	ldi	r21, 0x3F	; 63
    2216:	59 83       	std	Y+1, r21	; 0x01
    2218:	0f c0       	rjmp	.+30     	; 0x2238 <vfprintf+0x15c>
    221a:	93 36       	cpi	r25, 0x63	; 99
    221c:	31 f0       	breq	.+12     	; 0x222a <vfprintf+0x14e>
    221e:	93 37       	cpi	r25, 0x73	; 115
    2220:	79 f0       	breq	.+30     	; 0x2240 <vfprintf+0x164>
    2222:	93 35       	cpi	r25, 0x53	; 83
    2224:	09 f0       	breq	.+2      	; 0x2228 <vfprintf+0x14c>
    2226:	56 c0       	rjmp	.+172    	; 0x22d4 <vfprintf+0x1f8>
    2228:	20 c0       	rjmp	.+64     	; 0x226a <vfprintf+0x18e>
    222a:	f5 01       	movw	r30, r10
    222c:	80 81       	ld	r24, Z
    222e:	89 83       	std	Y+1, r24	; 0x01
    2230:	42 e0       	ldi	r20, 0x02	; 2
    2232:	50 e0       	ldi	r21, 0x00	; 0
    2234:	a4 0e       	add	r10, r20
    2236:	b5 1e       	adc	r11, r21
    2238:	61 01       	movw	r12, r2
    223a:	01 e0       	ldi	r16, 0x01	; 1
    223c:	10 e0       	ldi	r17, 0x00	; 0
    223e:	12 c0       	rjmp	.+36     	; 0x2264 <vfprintf+0x188>
    2240:	f5 01       	movw	r30, r10
    2242:	c0 80       	ld	r12, Z
    2244:	d1 80       	ldd	r13, Z+1	; 0x01
    2246:	f6 fc       	sbrc	r15, 6
    2248:	03 c0       	rjmp	.+6      	; 0x2250 <vfprintf+0x174>
    224a:	6f ef       	ldi	r22, 0xFF	; 255
    224c:	7f ef       	ldi	r23, 0xFF	; 255
    224e:	02 c0       	rjmp	.+4      	; 0x2254 <vfprintf+0x178>
    2250:	69 2d       	mov	r22, r9
    2252:	70 e0       	ldi	r23, 0x00	; 0
    2254:	42 e0       	ldi	r20, 0x02	; 2
    2256:	50 e0       	ldi	r21, 0x00	; 0
    2258:	a4 0e       	add	r10, r20
    225a:	b5 1e       	adc	r11, r21
    225c:	c6 01       	movw	r24, r12
    225e:	0e 94 7f 12 	call	0x24fe	; 0x24fe <strnlen>
    2262:	8c 01       	movw	r16, r24
    2264:	5f e7       	ldi	r21, 0x7F	; 127
    2266:	f5 22       	and	r15, r21
    2268:	14 c0       	rjmp	.+40     	; 0x2292 <vfprintf+0x1b6>
    226a:	f5 01       	movw	r30, r10
    226c:	c0 80       	ld	r12, Z
    226e:	d1 80       	ldd	r13, Z+1	; 0x01
    2270:	f6 fc       	sbrc	r15, 6
    2272:	03 c0       	rjmp	.+6      	; 0x227a <vfprintf+0x19e>
    2274:	6f ef       	ldi	r22, 0xFF	; 255
    2276:	7f ef       	ldi	r23, 0xFF	; 255
    2278:	02 c0       	rjmp	.+4      	; 0x227e <vfprintf+0x1a2>
    227a:	69 2d       	mov	r22, r9
    227c:	70 e0       	ldi	r23, 0x00	; 0
    227e:	42 e0       	ldi	r20, 0x02	; 2
    2280:	50 e0       	ldi	r21, 0x00	; 0
    2282:	a4 0e       	add	r10, r20
    2284:	b5 1e       	adc	r11, r21
    2286:	c6 01       	movw	r24, r12
    2288:	0e 94 74 12 	call	0x24e8	; 0x24e8 <strnlen_P>
    228c:	8c 01       	movw	r16, r24
    228e:	50 e8       	ldi	r21, 0x80	; 128
    2290:	f5 2a       	or	r15, r21
    2292:	f3 fe       	sbrs	r15, 3
    2294:	07 c0       	rjmp	.+14     	; 0x22a4 <vfprintf+0x1c8>
    2296:	1a c0       	rjmp	.+52     	; 0x22cc <vfprintf+0x1f0>
    2298:	80 e2       	ldi	r24, 0x20	; 32
    229a:	90 e0       	ldi	r25, 0x00	; 0
    229c:	b3 01       	movw	r22, r6
    229e:	0e 94 8a 12 	call	0x2514	; 0x2514 <fputc>
    22a2:	ea 94       	dec	r14
    22a4:	8e 2d       	mov	r24, r14
    22a6:	90 e0       	ldi	r25, 0x00	; 0
    22a8:	08 17       	cp	r16, r24
    22aa:	19 07       	cpc	r17, r25
    22ac:	a8 f3       	brcs	.-22     	; 0x2298 <vfprintf+0x1bc>
    22ae:	0e c0       	rjmp	.+28     	; 0x22cc <vfprintf+0x1f0>
    22b0:	f6 01       	movw	r30, r12
    22b2:	f7 fc       	sbrc	r15, 7
    22b4:	85 91       	lpm	r24, Z+
    22b6:	f7 fe       	sbrs	r15, 7
    22b8:	81 91       	ld	r24, Z+
    22ba:	6f 01       	movw	r12, r30
    22bc:	90 e0       	ldi	r25, 0x00	; 0
    22be:	b3 01       	movw	r22, r6
    22c0:	0e 94 8a 12 	call	0x2514	; 0x2514 <fputc>
    22c4:	e1 10       	cpse	r14, r1
    22c6:	ea 94       	dec	r14
    22c8:	01 50       	subi	r16, 0x01	; 1
    22ca:	10 40       	sbci	r17, 0x00	; 0
    22cc:	01 15       	cp	r16, r1
    22ce:	11 05       	cpc	r17, r1
    22d0:	79 f7       	brne	.-34     	; 0x22b0 <vfprintf+0x1d4>
    22d2:	ea c0       	rjmp	.+468    	; 0x24a8 <vfprintf+0x3cc>
    22d4:	94 36       	cpi	r25, 0x64	; 100
    22d6:	11 f0       	breq	.+4      	; 0x22dc <vfprintf+0x200>
    22d8:	99 36       	cpi	r25, 0x69	; 105
    22da:	69 f5       	brne	.+90     	; 0x2336 <vfprintf+0x25a>
    22dc:	f7 fe       	sbrs	r15, 7
    22de:	08 c0       	rjmp	.+16     	; 0x22f0 <vfprintf+0x214>
    22e0:	f5 01       	movw	r30, r10
    22e2:	20 81       	ld	r18, Z
    22e4:	31 81       	ldd	r19, Z+1	; 0x01
    22e6:	42 81       	ldd	r20, Z+2	; 0x02
    22e8:	53 81       	ldd	r21, Z+3	; 0x03
    22ea:	84 e0       	ldi	r24, 0x04	; 4
    22ec:	90 e0       	ldi	r25, 0x00	; 0
    22ee:	0a c0       	rjmp	.+20     	; 0x2304 <vfprintf+0x228>
    22f0:	f5 01       	movw	r30, r10
    22f2:	80 81       	ld	r24, Z
    22f4:	91 81       	ldd	r25, Z+1	; 0x01
    22f6:	9c 01       	movw	r18, r24
    22f8:	44 27       	eor	r20, r20
    22fa:	37 fd       	sbrc	r19, 7
    22fc:	40 95       	com	r20
    22fe:	54 2f       	mov	r21, r20
    2300:	82 e0       	ldi	r24, 0x02	; 2
    2302:	90 e0       	ldi	r25, 0x00	; 0
    2304:	a8 0e       	add	r10, r24
    2306:	b9 1e       	adc	r11, r25
    2308:	9f e6       	ldi	r25, 0x6F	; 111
    230a:	f9 22       	and	r15, r25
    230c:	57 ff       	sbrs	r21, 7
    230e:	09 c0       	rjmp	.+18     	; 0x2322 <vfprintf+0x246>
    2310:	50 95       	com	r21
    2312:	40 95       	com	r20
    2314:	30 95       	com	r19
    2316:	21 95       	neg	r18
    2318:	3f 4f       	sbci	r19, 0xFF	; 255
    231a:	4f 4f       	sbci	r20, 0xFF	; 255
    231c:	5f 4f       	sbci	r21, 0xFF	; 255
    231e:	e0 e8       	ldi	r30, 0x80	; 128
    2320:	fe 2a       	or	r15, r30
    2322:	ca 01       	movw	r24, r20
    2324:	b9 01       	movw	r22, r18
    2326:	a1 01       	movw	r20, r2
    2328:	2a e0       	ldi	r18, 0x0A	; 10
    232a:	30 e0       	ldi	r19, 0x00	; 0
    232c:	0e 94 b6 12 	call	0x256c	; 0x256c <__ultoa_invert>
    2330:	d8 2e       	mov	r13, r24
    2332:	d2 18       	sub	r13, r2
    2334:	40 c0       	rjmp	.+128    	; 0x23b6 <vfprintf+0x2da>
    2336:	95 37       	cpi	r25, 0x75	; 117
    2338:	29 f4       	brne	.+10     	; 0x2344 <vfprintf+0x268>
    233a:	1f 2d       	mov	r17, r15
    233c:	1f 7e       	andi	r17, 0xEF	; 239
    233e:	2a e0       	ldi	r18, 0x0A	; 10
    2340:	30 e0       	ldi	r19, 0x00	; 0
    2342:	1d c0       	rjmp	.+58     	; 0x237e <vfprintf+0x2a2>
    2344:	1f 2d       	mov	r17, r15
    2346:	19 7f       	andi	r17, 0xF9	; 249
    2348:	9f 36       	cpi	r25, 0x6F	; 111
    234a:	61 f0       	breq	.+24     	; 0x2364 <vfprintf+0x288>
    234c:	90 37       	cpi	r25, 0x70	; 112
    234e:	20 f4       	brcc	.+8      	; 0x2358 <vfprintf+0x27c>
    2350:	98 35       	cpi	r25, 0x58	; 88
    2352:	09 f0       	breq	.+2      	; 0x2356 <vfprintf+0x27a>
    2354:	ac c0       	rjmp	.+344    	; 0x24ae <vfprintf+0x3d2>
    2356:	0f c0       	rjmp	.+30     	; 0x2376 <vfprintf+0x29a>
    2358:	90 37       	cpi	r25, 0x70	; 112
    235a:	39 f0       	breq	.+14     	; 0x236a <vfprintf+0x28e>
    235c:	98 37       	cpi	r25, 0x78	; 120
    235e:	09 f0       	breq	.+2      	; 0x2362 <vfprintf+0x286>
    2360:	a6 c0       	rjmp	.+332    	; 0x24ae <vfprintf+0x3d2>
    2362:	04 c0       	rjmp	.+8      	; 0x236c <vfprintf+0x290>
    2364:	28 e0       	ldi	r18, 0x08	; 8
    2366:	30 e0       	ldi	r19, 0x00	; 0
    2368:	0a c0       	rjmp	.+20     	; 0x237e <vfprintf+0x2a2>
    236a:	10 61       	ori	r17, 0x10	; 16
    236c:	14 fd       	sbrc	r17, 4
    236e:	14 60       	ori	r17, 0x04	; 4
    2370:	20 e1       	ldi	r18, 0x10	; 16
    2372:	30 e0       	ldi	r19, 0x00	; 0
    2374:	04 c0       	rjmp	.+8      	; 0x237e <vfprintf+0x2a2>
    2376:	14 fd       	sbrc	r17, 4
    2378:	16 60       	ori	r17, 0x06	; 6
    237a:	20 e1       	ldi	r18, 0x10	; 16
    237c:	32 e0       	ldi	r19, 0x02	; 2
    237e:	17 ff       	sbrs	r17, 7
    2380:	08 c0       	rjmp	.+16     	; 0x2392 <vfprintf+0x2b6>
    2382:	f5 01       	movw	r30, r10
    2384:	60 81       	ld	r22, Z
    2386:	71 81       	ldd	r23, Z+1	; 0x01
    2388:	82 81       	ldd	r24, Z+2	; 0x02
    238a:	93 81       	ldd	r25, Z+3	; 0x03
    238c:	44 e0       	ldi	r20, 0x04	; 4
    238e:	50 e0       	ldi	r21, 0x00	; 0
    2390:	08 c0       	rjmp	.+16     	; 0x23a2 <vfprintf+0x2c6>
    2392:	f5 01       	movw	r30, r10
    2394:	80 81       	ld	r24, Z
    2396:	91 81       	ldd	r25, Z+1	; 0x01
    2398:	bc 01       	movw	r22, r24
    239a:	80 e0       	ldi	r24, 0x00	; 0
    239c:	90 e0       	ldi	r25, 0x00	; 0
    239e:	42 e0       	ldi	r20, 0x02	; 2
    23a0:	50 e0       	ldi	r21, 0x00	; 0
    23a2:	a4 0e       	add	r10, r20
    23a4:	b5 1e       	adc	r11, r21
    23a6:	a1 01       	movw	r20, r2
    23a8:	0e 94 b6 12 	call	0x256c	; 0x256c <__ultoa_invert>
    23ac:	d8 2e       	mov	r13, r24
    23ae:	d2 18       	sub	r13, r2
    23b0:	8f e7       	ldi	r24, 0x7F	; 127
    23b2:	f8 2e       	mov	r15, r24
    23b4:	f1 22       	and	r15, r17
    23b6:	f6 fe       	sbrs	r15, 6
    23b8:	0b c0       	rjmp	.+22     	; 0x23d0 <vfprintf+0x2f4>
    23ba:	5e ef       	ldi	r21, 0xFE	; 254
    23bc:	f5 22       	and	r15, r21
    23be:	d9 14       	cp	r13, r9
    23c0:	38 f4       	brcc	.+14     	; 0x23d0 <vfprintf+0x2f4>
    23c2:	f4 fe       	sbrs	r15, 4
    23c4:	07 c0       	rjmp	.+14     	; 0x23d4 <vfprintf+0x2f8>
    23c6:	f2 fc       	sbrc	r15, 2
    23c8:	05 c0       	rjmp	.+10     	; 0x23d4 <vfprintf+0x2f8>
    23ca:	8f ee       	ldi	r24, 0xEF	; 239
    23cc:	f8 22       	and	r15, r24
    23ce:	02 c0       	rjmp	.+4      	; 0x23d4 <vfprintf+0x2f8>
    23d0:	1d 2d       	mov	r17, r13
    23d2:	01 c0       	rjmp	.+2      	; 0x23d6 <vfprintf+0x2fa>
    23d4:	19 2d       	mov	r17, r9
    23d6:	f4 fe       	sbrs	r15, 4
    23d8:	0d c0       	rjmp	.+26     	; 0x23f4 <vfprintf+0x318>
    23da:	fe 01       	movw	r30, r28
    23dc:	ed 0d       	add	r30, r13
    23de:	f1 1d       	adc	r31, r1
    23e0:	80 81       	ld	r24, Z
    23e2:	80 33       	cpi	r24, 0x30	; 48
    23e4:	19 f4       	brne	.+6      	; 0x23ec <vfprintf+0x310>
    23e6:	99 ee       	ldi	r25, 0xE9	; 233
    23e8:	f9 22       	and	r15, r25
    23ea:	08 c0       	rjmp	.+16     	; 0x23fc <vfprintf+0x320>
    23ec:	1f 5f       	subi	r17, 0xFF	; 255
    23ee:	f2 fe       	sbrs	r15, 2
    23f0:	05 c0       	rjmp	.+10     	; 0x23fc <vfprintf+0x320>
    23f2:	03 c0       	rjmp	.+6      	; 0x23fa <vfprintf+0x31e>
    23f4:	8f 2d       	mov	r24, r15
    23f6:	86 78       	andi	r24, 0x86	; 134
    23f8:	09 f0       	breq	.+2      	; 0x23fc <vfprintf+0x320>
    23fa:	1f 5f       	subi	r17, 0xFF	; 255
    23fc:	0f 2d       	mov	r16, r15
    23fe:	f3 fc       	sbrc	r15, 3
    2400:	14 c0       	rjmp	.+40     	; 0x242a <vfprintf+0x34e>
    2402:	f0 fe       	sbrs	r15, 0
    2404:	0f c0       	rjmp	.+30     	; 0x2424 <vfprintf+0x348>
    2406:	1e 15       	cp	r17, r14
    2408:	10 f0       	brcs	.+4      	; 0x240e <vfprintf+0x332>
    240a:	9d 2c       	mov	r9, r13
    240c:	0b c0       	rjmp	.+22     	; 0x2424 <vfprintf+0x348>
    240e:	9d 2c       	mov	r9, r13
    2410:	9e 0c       	add	r9, r14
    2412:	91 1a       	sub	r9, r17
    2414:	1e 2d       	mov	r17, r14
    2416:	06 c0       	rjmp	.+12     	; 0x2424 <vfprintf+0x348>
    2418:	80 e2       	ldi	r24, 0x20	; 32
    241a:	90 e0       	ldi	r25, 0x00	; 0
    241c:	b3 01       	movw	r22, r6
    241e:	0e 94 8a 12 	call	0x2514	; 0x2514 <fputc>
    2422:	1f 5f       	subi	r17, 0xFF	; 255
    2424:	1e 15       	cp	r17, r14
    2426:	c0 f3       	brcs	.-16     	; 0x2418 <vfprintf+0x33c>
    2428:	04 c0       	rjmp	.+8      	; 0x2432 <vfprintf+0x356>
    242a:	1e 15       	cp	r17, r14
    242c:	10 f4       	brcc	.+4      	; 0x2432 <vfprintf+0x356>
    242e:	e1 1a       	sub	r14, r17
    2430:	01 c0       	rjmp	.+2      	; 0x2434 <vfprintf+0x358>
    2432:	ee 24       	eor	r14, r14
    2434:	04 ff       	sbrs	r16, 4
    2436:	0f c0       	rjmp	.+30     	; 0x2456 <vfprintf+0x37a>
    2438:	80 e3       	ldi	r24, 0x30	; 48
    243a:	90 e0       	ldi	r25, 0x00	; 0
    243c:	b3 01       	movw	r22, r6
    243e:	0e 94 8a 12 	call	0x2514	; 0x2514 <fputc>
    2442:	02 ff       	sbrs	r16, 2
    2444:	1d c0       	rjmp	.+58     	; 0x2480 <vfprintf+0x3a4>
    2446:	01 fd       	sbrc	r16, 1
    2448:	03 c0       	rjmp	.+6      	; 0x2450 <vfprintf+0x374>
    244a:	88 e7       	ldi	r24, 0x78	; 120
    244c:	90 e0       	ldi	r25, 0x00	; 0
    244e:	0e c0       	rjmp	.+28     	; 0x246c <vfprintf+0x390>
    2450:	88 e5       	ldi	r24, 0x58	; 88
    2452:	90 e0       	ldi	r25, 0x00	; 0
    2454:	0b c0       	rjmp	.+22     	; 0x246c <vfprintf+0x390>
    2456:	80 2f       	mov	r24, r16
    2458:	86 78       	andi	r24, 0x86	; 134
    245a:	91 f0       	breq	.+36     	; 0x2480 <vfprintf+0x3a4>
    245c:	01 ff       	sbrs	r16, 1
    245e:	02 c0       	rjmp	.+4      	; 0x2464 <vfprintf+0x388>
    2460:	8b e2       	ldi	r24, 0x2B	; 43
    2462:	01 c0       	rjmp	.+2      	; 0x2466 <vfprintf+0x38a>
    2464:	80 e2       	ldi	r24, 0x20	; 32
    2466:	f7 fc       	sbrc	r15, 7
    2468:	8d e2       	ldi	r24, 0x2D	; 45
    246a:	90 e0       	ldi	r25, 0x00	; 0
    246c:	b3 01       	movw	r22, r6
    246e:	0e 94 8a 12 	call	0x2514	; 0x2514 <fputc>
    2472:	06 c0       	rjmp	.+12     	; 0x2480 <vfprintf+0x3a4>
    2474:	80 e3       	ldi	r24, 0x30	; 48
    2476:	90 e0       	ldi	r25, 0x00	; 0
    2478:	b3 01       	movw	r22, r6
    247a:	0e 94 8a 12 	call	0x2514	; 0x2514 <fputc>
    247e:	9a 94       	dec	r9
    2480:	d9 14       	cp	r13, r9
    2482:	c0 f3       	brcs	.-16     	; 0x2474 <vfprintf+0x398>
    2484:	da 94       	dec	r13
    2486:	f1 01       	movw	r30, r2
    2488:	ed 0d       	add	r30, r13
    248a:	f1 1d       	adc	r31, r1
    248c:	80 81       	ld	r24, Z
    248e:	90 e0       	ldi	r25, 0x00	; 0
    2490:	b3 01       	movw	r22, r6
    2492:	0e 94 8a 12 	call	0x2514	; 0x2514 <fputc>
    2496:	dd 20       	and	r13, r13
    2498:	a9 f7       	brne	.-22     	; 0x2484 <vfprintf+0x3a8>
    249a:	06 c0       	rjmp	.+12     	; 0x24a8 <vfprintf+0x3cc>
    249c:	80 e2       	ldi	r24, 0x20	; 32
    249e:	90 e0       	ldi	r25, 0x00	; 0
    24a0:	b3 01       	movw	r22, r6
    24a2:	0e 94 8a 12 	call	0x2514	; 0x2514 <fputc>
    24a6:	ea 94       	dec	r14
    24a8:	ee 20       	and	r14, r14
    24aa:	c1 f7       	brne	.-16     	; 0x249c <vfprintf+0x3c0>
    24ac:	43 ce       	rjmp	.-890    	; 0x2134 <vfprintf+0x58>
    24ae:	f3 01       	movw	r30, r6
    24b0:	66 81       	ldd	r22, Z+6	; 0x06
    24b2:	77 81       	ldd	r23, Z+7	; 0x07
    24b4:	cb 01       	movw	r24, r22
    24b6:	2b 96       	adiw	r28, 0x0b	; 11
    24b8:	0f b6       	in	r0, 0x3f	; 63
    24ba:	f8 94       	cli
    24bc:	de bf       	out	0x3e, r29	; 62
    24be:	0f be       	out	0x3f, r0	; 63
    24c0:	cd bf       	out	0x3d, r28	; 61
    24c2:	cf 91       	pop	r28
    24c4:	df 91       	pop	r29
    24c6:	1f 91       	pop	r17
    24c8:	0f 91       	pop	r16
    24ca:	ff 90       	pop	r15
    24cc:	ef 90       	pop	r14
    24ce:	df 90       	pop	r13
    24d0:	cf 90       	pop	r12
    24d2:	bf 90       	pop	r11
    24d4:	af 90       	pop	r10
    24d6:	9f 90       	pop	r9
    24d8:	8f 90       	pop	r8
    24da:	7f 90       	pop	r7
    24dc:	6f 90       	pop	r6
    24de:	5f 90       	pop	r5
    24e0:	4f 90       	pop	r4
    24e2:	3f 90       	pop	r3
    24e4:	2f 90       	pop	r2
    24e6:	08 95       	ret

000024e8 <strnlen_P>:
    24e8:	fc 01       	movw	r30, r24
    24ea:	05 90       	lpm	r0, Z+
    24ec:	61 50       	subi	r22, 0x01	; 1
    24ee:	70 40       	sbci	r23, 0x00	; 0
    24f0:	01 10       	cpse	r0, r1
    24f2:	d8 f7       	brcc	.-10     	; 0x24ea <strnlen_P+0x2>
    24f4:	80 95       	com	r24
    24f6:	90 95       	com	r25
    24f8:	8e 0f       	add	r24, r30
    24fa:	9f 1f       	adc	r25, r31
    24fc:	08 95       	ret

000024fe <strnlen>:
    24fe:	fc 01       	movw	r30, r24
    2500:	61 50       	subi	r22, 0x01	; 1
    2502:	70 40       	sbci	r23, 0x00	; 0
    2504:	01 90       	ld	r0, Z+
    2506:	01 10       	cpse	r0, r1
    2508:	d8 f7       	brcc	.-10     	; 0x2500 <strnlen+0x2>
    250a:	80 95       	com	r24
    250c:	90 95       	com	r25
    250e:	8e 0f       	add	r24, r30
    2510:	9f 1f       	adc	r25, r31
    2512:	08 95       	ret

00002514 <fputc>:
    2514:	0f 93       	push	r16
    2516:	1f 93       	push	r17
    2518:	cf 93       	push	r28
    251a:	df 93       	push	r29
    251c:	8c 01       	movw	r16, r24
    251e:	eb 01       	movw	r28, r22
    2520:	8b 81       	ldd	r24, Y+3	; 0x03
    2522:	81 ff       	sbrs	r24, 1
    2524:	1b c0       	rjmp	.+54     	; 0x255c <fputc+0x48>
    2526:	82 ff       	sbrs	r24, 2
    2528:	0d c0       	rjmp	.+26     	; 0x2544 <fputc+0x30>
    252a:	2e 81       	ldd	r18, Y+6	; 0x06
    252c:	3f 81       	ldd	r19, Y+7	; 0x07
    252e:	8c 81       	ldd	r24, Y+4	; 0x04
    2530:	9d 81       	ldd	r25, Y+5	; 0x05
    2532:	28 17       	cp	r18, r24
    2534:	39 07       	cpc	r19, r25
    2536:	64 f4       	brge	.+24     	; 0x2550 <fputc+0x3c>
    2538:	e8 81       	ld	r30, Y
    253a:	f9 81       	ldd	r31, Y+1	; 0x01
    253c:	01 93       	st	Z+, r16
    253e:	f9 83       	std	Y+1, r31	; 0x01
    2540:	e8 83       	st	Y, r30
    2542:	06 c0       	rjmp	.+12     	; 0x2550 <fputc+0x3c>
    2544:	e8 85       	ldd	r30, Y+8	; 0x08
    2546:	f9 85       	ldd	r31, Y+9	; 0x09
    2548:	80 2f       	mov	r24, r16
    254a:	09 95       	icall
    254c:	89 2b       	or	r24, r25
    254e:	31 f4       	brne	.+12     	; 0x255c <fputc+0x48>
    2550:	8e 81       	ldd	r24, Y+6	; 0x06
    2552:	9f 81       	ldd	r25, Y+7	; 0x07
    2554:	01 96       	adiw	r24, 0x01	; 1
    2556:	9f 83       	std	Y+7, r25	; 0x07
    2558:	8e 83       	std	Y+6, r24	; 0x06
    255a:	02 c0       	rjmp	.+4      	; 0x2560 <fputc+0x4c>
    255c:	0f ef       	ldi	r16, 0xFF	; 255
    255e:	1f ef       	ldi	r17, 0xFF	; 255
    2560:	c8 01       	movw	r24, r16
    2562:	df 91       	pop	r29
    2564:	cf 91       	pop	r28
    2566:	1f 91       	pop	r17
    2568:	0f 91       	pop	r16
    256a:	08 95       	ret

0000256c <__ultoa_invert>:
    256c:	fa 01       	movw	r30, r20
    256e:	aa 27       	eor	r26, r26
    2570:	28 30       	cpi	r18, 0x08	; 8
    2572:	51 f1       	breq	.+84     	; 0x25c8 <__ultoa_invert+0x5c>
    2574:	20 31       	cpi	r18, 0x10	; 16
    2576:	81 f1       	breq	.+96     	; 0x25d8 <__ultoa_invert+0x6c>
    2578:	e8 94       	clt
    257a:	6f 93       	push	r22
    257c:	6e 7f       	andi	r22, 0xFE	; 254
    257e:	6e 5f       	subi	r22, 0xFE	; 254
    2580:	7f 4f       	sbci	r23, 0xFF	; 255
    2582:	8f 4f       	sbci	r24, 0xFF	; 255
    2584:	9f 4f       	sbci	r25, 0xFF	; 255
    2586:	af 4f       	sbci	r26, 0xFF	; 255
    2588:	b1 e0       	ldi	r27, 0x01	; 1
    258a:	3e d0       	rcall	.+124    	; 0x2608 <__ultoa_invert+0x9c>
    258c:	b4 e0       	ldi	r27, 0x04	; 4
    258e:	3c d0       	rcall	.+120    	; 0x2608 <__ultoa_invert+0x9c>
    2590:	67 0f       	add	r22, r23
    2592:	78 1f       	adc	r23, r24
    2594:	89 1f       	adc	r24, r25
    2596:	9a 1f       	adc	r25, r26
    2598:	a1 1d       	adc	r26, r1
    259a:	68 0f       	add	r22, r24
    259c:	79 1f       	adc	r23, r25
    259e:	8a 1f       	adc	r24, r26
    25a0:	91 1d       	adc	r25, r1
    25a2:	a1 1d       	adc	r26, r1
    25a4:	6a 0f       	add	r22, r26
    25a6:	71 1d       	adc	r23, r1
    25a8:	81 1d       	adc	r24, r1
    25aa:	91 1d       	adc	r25, r1
    25ac:	a1 1d       	adc	r26, r1
    25ae:	20 d0       	rcall	.+64     	; 0x25f0 <__ultoa_invert+0x84>
    25b0:	09 f4       	brne	.+2      	; 0x25b4 <__ultoa_invert+0x48>
    25b2:	68 94       	set
    25b4:	3f 91       	pop	r19
    25b6:	2a e0       	ldi	r18, 0x0A	; 10
    25b8:	26 9f       	mul	r18, r22
    25ba:	11 24       	eor	r1, r1
    25bc:	30 19       	sub	r19, r0
    25be:	30 5d       	subi	r19, 0xD0	; 208
    25c0:	31 93       	st	Z+, r19
    25c2:	de f6       	brtc	.-74     	; 0x257a <__ultoa_invert+0xe>
    25c4:	cf 01       	movw	r24, r30
    25c6:	08 95       	ret
    25c8:	46 2f       	mov	r20, r22
    25ca:	47 70       	andi	r20, 0x07	; 7
    25cc:	40 5d       	subi	r20, 0xD0	; 208
    25ce:	41 93       	st	Z+, r20
    25d0:	b3 e0       	ldi	r27, 0x03	; 3
    25d2:	0f d0       	rcall	.+30     	; 0x25f2 <__ultoa_invert+0x86>
    25d4:	c9 f7       	brne	.-14     	; 0x25c8 <__ultoa_invert+0x5c>
    25d6:	f6 cf       	rjmp	.-20     	; 0x25c4 <__ultoa_invert+0x58>
    25d8:	46 2f       	mov	r20, r22
    25da:	4f 70       	andi	r20, 0x0F	; 15
    25dc:	40 5d       	subi	r20, 0xD0	; 208
    25de:	4a 33       	cpi	r20, 0x3A	; 58
    25e0:	18 f0       	brcs	.+6      	; 0x25e8 <__ultoa_invert+0x7c>
    25e2:	49 5d       	subi	r20, 0xD9	; 217
    25e4:	31 fd       	sbrc	r19, 1
    25e6:	40 52       	subi	r20, 0x20	; 32
    25e8:	41 93       	st	Z+, r20
    25ea:	02 d0       	rcall	.+4      	; 0x25f0 <__ultoa_invert+0x84>
    25ec:	a9 f7       	brne	.-22     	; 0x25d8 <__ultoa_invert+0x6c>
    25ee:	ea cf       	rjmp	.-44     	; 0x25c4 <__ultoa_invert+0x58>
    25f0:	b4 e0       	ldi	r27, 0x04	; 4
    25f2:	a6 95       	lsr	r26
    25f4:	97 95       	ror	r25
    25f6:	87 95       	ror	r24
    25f8:	77 95       	ror	r23
    25fa:	67 95       	ror	r22
    25fc:	ba 95       	dec	r27
    25fe:	c9 f7       	brne	.-14     	; 0x25f2 <__ultoa_invert+0x86>
    2600:	00 97       	sbiw	r24, 0x00	; 0
    2602:	61 05       	cpc	r22, r1
    2604:	71 05       	cpc	r23, r1
    2606:	08 95       	ret
    2608:	9b 01       	movw	r18, r22
    260a:	ac 01       	movw	r20, r24
    260c:	0a 2e       	mov	r0, r26
    260e:	06 94       	lsr	r0
    2610:	57 95       	ror	r21
    2612:	47 95       	ror	r20
    2614:	37 95       	ror	r19
    2616:	27 95       	ror	r18
    2618:	ba 95       	dec	r27
    261a:	c9 f7       	brne	.-14     	; 0x260e <__ultoa_invert+0xa2>
    261c:	62 0f       	add	r22, r18
    261e:	73 1f       	adc	r23, r19
    2620:	84 1f       	adc	r24, r20
    2622:	95 1f       	adc	r25, r21
    2624:	a0 1d       	adc	r26, r0
    2626:	08 95       	ret
    2628:	6d d0       	rcall	.+218    	; 0x2704 <__fp_pscA>
    262a:	30 f0       	brcs	.+12     	; 0x2638 <__ultoa_invert+0xcc>
    262c:	72 d0       	rcall	.+228    	; 0x2712 <__fp_pscB>
    262e:	20 f0       	brcs	.+8      	; 0x2638 <__ultoa_invert+0xcc>
    2630:	31 f4       	brne	.+12     	; 0x263e <__ultoa_invert+0xd2>
    2632:	9f 3f       	cpi	r25, 0xFF	; 255
    2634:	11 f4       	brne	.+4      	; 0x263a <__ultoa_invert+0xce>
    2636:	1e f4       	brtc	.+6      	; 0x263e <__ultoa_invert+0xd2>
    2638:	2f cc       	rjmp	.-1954   	; 0x1e98 <__fp_nan>
    263a:	0e f4       	brtc	.+2      	; 0x263e <__ultoa_invert+0xd2>
    263c:	e0 95       	com	r30
    263e:	e7 fb       	bst	r30, 7
    2640:	25 cc       	rjmp	.-1974   	; 0x1e8c <__fp_inf>

00002642 <__addsf3x>:
    2642:	e9 2f       	mov	r30, r25
    2644:	51 dc       	rcall	.-1886   	; 0x1ee8 <__fp_split3>
    2646:	80 f3       	brcs	.-32     	; 0x2628 <__ultoa_invert+0xbc>
    2648:	ba 17       	cp	r27, r26
    264a:	62 07       	cpc	r22, r18
    264c:	73 07       	cpc	r23, r19
    264e:	84 07       	cpc	r24, r20
    2650:	95 07       	cpc	r25, r21
    2652:	18 f0       	brcs	.+6      	; 0x265a <__addsf3x+0x18>
    2654:	71 f4       	brne	.+28     	; 0x2672 <__addsf3x+0x30>
    2656:	9e f5       	brtc	.+102    	; 0x26be <__addsf3x+0x7c>
    2658:	69 cc       	rjmp	.-1838   	; 0x1f2c <__fp_zero>
    265a:	0e f4       	brtc	.+2      	; 0x265e <__addsf3x+0x1c>
    265c:	e0 95       	com	r30
    265e:	0b 2e       	mov	r0, r27
    2660:	ba 2f       	mov	r27, r26
    2662:	a0 2d       	mov	r26, r0
    2664:	0b 01       	movw	r0, r22
    2666:	b9 01       	movw	r22, r18
    2668:	90 01       	movw	r18, r0
    266a:	0c 01       	movw	r0, r24
    266c:	ca 01       	movw	r24, r20
    266e:	a0 01       	movw	r20, r0
    2670:	11 24       	eor	r1, r1
    2672:	ff 27       	eor	r31, r31
    2674:	59 1b       	sub	r21, r25
    2676:	99 f0       	breq	.+38     	; 0x269e <__addsf3x+0x5c>
    2678:	59 3f       	cpi	r21, 0xF9	; 249
    267a:	50 f4       	brcc	.+20     	; 0x2690 <__addsf3x+0x4e>
    267c:	50 3e       	cpi	r21, 0xE0	; 224
    267e:	68 f1       	brcs	.+90     	; 0x26da <__addsf3x+0x98>
    2680:	1a 16       	cp	r1, r26
    2682:	f0 40       	sbci	r31, 0x00	; 0
    2684:	a2 2f       	mov	r26, r18
    2686:	23 2f       	mov	r18, r19
    2688:	34 2f       	mov	r19, r20
    268a:	44 27       	eor	r20, r20
    268c:	58 5f       	subi	r21, 0xF8	; 248
    268e:	f3 cf       	rjmp	.-26     	; 0x2676 <__addsf3x+0x34>
    2690:	46 95       	lsr	r20
    2692:	37 95       	ror	r19
    2694:	27 95       	ror	r18
    2696:	a7 95       	ror	r26
    2698:	f0 40       	sbci	r31, 0x00	; 0
    269a:	53 95       	inc	r21
    269c:	c9 f7       	brne	.-14     	; 0x2690 <__addsf3x+0x4e>
    269e:	7e f4       	brtc	.+30     	; 0x26be <__addsf3x+0x7c>
    26a0:	1f 16       	cp	r1, r31
    26a2:	ba 0b       	sbc	r27, r26
    26a4:	62 0b       	sbc	r22, r18
    26a6:	73 0b       	sbc	r23, r19
    26a8:	84 0b       	sbc	r24, r20
    26aa:	ba f0       	brmi	.+46     	; 0x26da <__addsf3x+0x98>
    26ac:	91 50       	subi	r25, 0x01	; 1
    26ae:	a1 f0       	breq	.+40     	; 0x26d8 <__addsf3x+0x96>
    26b0:	ff 0f       	add	r31, r31
    26b2:	bb 1f       	adc	r27, r27
    26b4:	66 1f       	adc	r22, r22
    26b6:	77 1f       	adc	r23, r23
    26b8:	88 1f       	adc	r24, r24
    26ba:	c2 f7       	brpl	.-16     	; 0x26ac <__addsf3x+0x6a>
    26bc:	0e c0       	rjmp	.+28     	; 0x26da <__addsf3x+0x98>
    26be:	ba 0f       	add	r27, r26
    26c0:	62 1f       	adc	r22, r18
    26c2:	73 1f       	adc	r23, r19
    26c4:	84 1f       	adc	r24, r20
    26c6:	48 f4       	brcc	.+18     	; 0x26da <__addsf3x+0x98>
    26c8:	87 95       	ror	r24
    26ca:	77 95       	ror	r23
    26cc:	67 95       	ror	r22
    26ce:	b7 95       	ror	r27
    26d0:	f7 95       	ror	r31
    26d2:	9e 3f       	cpi	r25, 0xFE	; 254
    26d4:	08 f0       	brcs	.+2      	; 0x26d8 <__addsf3x+0x96>
    26d6:	b3 cf       	rjmp	.-154    	; 0x263e <__ultoa_invert+0xd2>
    26d8:	93 95       	inc	r25
    26da:	88 0f       	add	r24, r24
    26dc:	08 f0       	brcs	.+2      	; 0x26e0 <__addsf3x+0x9e>
    26de:	99 27       	eor	r25, r25
    26e0:	ee 0f       	add	r30, r30
    26e2:	97 95       	ror	r25
    26e4:	87 95       	ror	r24
    26e6:	08 95       	ret

000026e8 <__fp_mpack>:
    26e8:	9f 3f       	cpi	r25, 0xFF	; 255
    26ea:	31 f0       	breq	.+12     	; 0x26f8 <__fp_mpack_finite+0xc>

000026ec <__fp_mpack_finite>:
    26ec:	91 50       	subi	r25, 0x01	; 1
    26ee:	20 f4       	brcc	.+8      	; 0x26f8 <__fp_mpack_finite+0xc>
    26f0:	87 95       	ror	r24
    26f2:	77 95       	ror	r23
    26f4:	67 95       	ror	r22
    26f6:	b7 95       	ror	r27
    26f8:	88 0f       	add	r24, r24
    26fa:	91 1d       	adc	r25, r1
    26fc:	96 95       	lsr	r25
    26fe:	87 95       	ror	r24
    2700:	97 f9       	bld	r25, 7
    2702:	08 95       	ret

00002704 <__fp_pscA>:
    2704:	00 24       	eor	r0, r0
    2706:	0a 94       	dec	r0
    2708:	16 16       	cp	r1, r22
    270a:	17 06       	cpc	r1, r23
    270c:	18 06       	cpc	r1, r24
    270e:	09 06       	cpc	r0, r25
    2710:	08 95       	ret

00002712 <__fp_pscB>:
    2712:	00 24       	eor	r0, r0
    2714:	0a 94       	dec	r0
    2716:	12 16       	cp	r1, r18
    2718:	13 06       	cpc	r1, r19
    271a:	14 06       	cpc	r1, r20
    271c:	05 06       	cpc	r0, r21
    271e:	08 95       	ret

00002720 <_exit>:
    2720:	f8 94       	cli

00002722 <__stop_program>:
    2722:	ff cf       	rjmp	.-2      	; 0x2722 <__stop_program>
