
AVRASM ver. 2.1.30  C:\working_dir\mircoprocessor\max30102\Debug\List\avg_bpm.asm Sat Nov 22 23:22:28 2025

                 
                 
                 ;CodeVisionAVR C Compiler V4.05 Evaluation
                 ;(C) Copyright 1998-2025 Pavel Haiduc, HP InfoTech S.R.L.
                 ;http://www.hpinfotech.ro
                 
                 ;Build configuration    : Debug
                 ;Chip type              : ATmega128A
                 ;Program type           : Application
                 ;Clock frequency        : 16.000000 MHz
                 ;Memory model           : Small
                 ;Optimize for           : Size
                 ;(s)printf features     : long, width
                 ;(s)scanf features      : int, width
                 ;External RAM size      : 0
                 ;Data Stack size        : 1024 byte(s)
                 ;Heap size              : 0 byte(s)
                 ;Promote 'char' to 'int': Yes
                 ;'char' is unsigned     : Yes
                 ;8 bit enums            : Yes
                 ;Global 'const' stored in FLASH: Yes
                 ;Enhanced function parameter passing: Mode 2
                 ;Enhanced core instructions: On
                 ;Automatic register allocation for global variables: On
                 ;Smart register allocation: On
                 
                 	#define _MODEL_SMALL_
                 
                 	#pragma AVRPART ADMIN PART_NAME ATmega128A
                 	#pragma AVRPART MEMORY PROG_FLASH 131072
                 	#pragma AVRPART MEMORY EEPROM 4096
                 	#pragma AVRPART MEMORY INT_SRAM SIZE 4096
                 	#pragma AVRPART MEMORY INT_SRAM START_ADDR 0x100
                 
                 	#define CALL_SUPPORTED 1
                 
                 	.LISTMAC
                 
                 	.EQU UDRE=0x5
                 	.EQU RXC=0x7
                 	.EQU USR=0xB
                 	.EQU UDR=0xC
                 	.EQU SPSR=0xE
                 	.EQU SPDR=0xF
                 	.EQU EERE=0x0
                 	.EQU EEWE=0x1
                 	.EQU EEMWE=0x2
                 	.EQU EECR=0x1C
                 	.EQU EEDR=0x1D
                 	.EQU EEARL=0x1E
                 	.EQU EEARH=0x1F
                 	.EQU WDTCR=0x21
                 	.EQU MCUCR=0x35
                 	.EQU SPMCSR=0x68
                 	.EQU RAMPZ=0x3B
                 	.EQU SPL=0x3D
                 	.EQU SPH=0x3E
                 	.EQU SREG=0x3F
                 	.EQU XMCRA=0x6D
                 	.EQU XMCRB=0x6C
                 
                 	.DEF R0X0=R0
                 	.DEF R0X1=R1
                 	.DEF R0X2=R2
                 	.DEF R0X3=R3
                 	.DEF R0X4=R4
                 	.DEF R0X5=R5
                 	.DEF R0X6=R6
                 	.DEF R0X7=R7
                 	.DEF R0X8=R8
                 	.DEF R0X9=R9
                 	.DEF R0XA=R10
                 	.DEF R0XB=R11
                 	.DEF R0XC=R12
                 	.DEF R0XD=R13
                 	.DEF R0XE=R14
                 	.DEF R0XF=R15
                 	.DEF R0X10=R16
                 	.DEF R0X11=R17
                 	.DEF R0X12=R18
                 	.DEF R0X13=R19
                 	.DEF R0X14=R20
                 	.DEF R0X15=R21
                 	.DEF R0X16=R22
                 	.DEF R0X17=R23
                 	.DEF R0X18=R24
                 	.DEF R0X19=R25
                 	.DEF R0X1A=R26
                 	.DEF R0X1B=R27
                 	.DEF R0X1C=R28
                 	.DEF R0X1D=R29
                 	.DEF R0X1E=R30
                 	.DEF R0X1F=R31
                 
                 	.EQU __SRAM_START=0x0100
                 	.EQU __SRAM_END=0x10FF
                 	.EQU __DSTACK_SIZE=0x0400
                 	.EQU __HEAP_SIZE=0x0000
                 	.EQU __CLEAR_SRAM_SIZE=__SRAM_END-__SRAM_START+1
                 
                 	.EQU __FLASH_PAGE_SIZE=0x80
                 
                 	.MACRO __CPD1N
                 	CPI  R30,LOW(@0)
                 	LDI  R26,HIGH(@0)
                 	CPC  R31,R26
                 	LDI  R26,BYTE3(@0)
                 	CPC  R22,R26
                 	LDI  R26,BYTE4(@0)
                 	CPC  R23,R26
                 	.ENDM
                 
                 	.MACRO __CPD2N
                 	CPI  R26,LOW(@0)
                 	LDI  R30,HIGH(@0)
                 	CPC  R27,R30
                 	LDI  R30,BYTE3(@0)
                 	CPC  R24,R30
                 	LDI  R30,BYTE4(@0)
                 	CPC  R25,R30
                 	.ENDM
                 
                 	.MACRO __CPWRR
                 	CP   R@0,R@2
                 	CPC  R@1,R@3
                 	.ENDM
                 
                 	.MACRO __CPWRN
                 	CPI  R@0,LOW(@2)
                 	LDI  R30,HIGH(@2)
                 	CPC  R@1,R30
                 	.ENDM
                 
                 	.MACRO __ADDB1MN
                 	SUBI R30,LOW(-@0-(@1))
                 	.ENDM
                 
                 	.MACRO __ADDB2MN
                 	SUBI R26,LOW(-@0-(@1))
                 	.ENDM
                 
                 	.MACRO __ADDW1MN
                 	SUBI R30,LOW(-@0-(@1))
                 	SBCI R31,HIGH(-@0-(@1))
                 	.ENDM
                 
                 	.MACRO __ADDW2MN
                 	SUBI R26,LOW(-@0-(@1))
                 	SBCI R27,HIGH(-@0-(@1))
                 	.ENDM
                 
                 	.MACRO __ADDW1FN
                 	SUBI R30,LOW(-2*@0-(@1))
                 	SBCI R31,HIGH(-2*@0-(@1))
                 	.ENDM
                 
                 	.MACRO __ADDD1FN
                 	SUBI R30,LOW(-2*@0-(@1))
                 	SBCI R31,HIGH(-2*@0-(@1))
                 	SBCI R22,BYTE3(-2*@0-(@1))
                 	.ENDM
                 
                 	.MACRO __ADDD1N
                 	SUBI R30,LOW(-@0)
                 	SBCI R31,HIGH(-@0)
                 	SBCI R22,BYTE3(-@0)
                 	SBCI R23,BYTE4(-@0)
                 	.ENDM
                 
                 	.MACRO __ADDD2N
                 	SUBI R26,LOW(-@0)
                 	SBCI R27,HIGH(-@0)
                 	SBCI R24,BYTE3(-@0)
                 	SBCI R25,BYTE4(-@0)
                 	.ENDM
                 
                 	.MACRO __SUBD1N
                 	SUBI R30,LOW(@0)
                 	SBCI R31,HIGH(@0)
                 	SBCI R22,BYTE3(@0)
                 	SBCI R23,BYTE4(@0)
                 	.ENDM
                 
                 	.MACRO __SUBD2N
                 	SUBI R26,LOW(@0)
                 	SBCI R27,HIGH(@0)
                 	SBCI R24,BYTE3(@0)
                 	SBCI R25,BYTE4(@0)
                 	.ENDM
                 
                 	.MACRO __ANDBMNN
                 	LDS  R30,@0+(@1)
                 	ANDI R30,LOW(@2)
                 	STS  @0+(@1),R30
                 	.ENDM
                 
                 	.MACRO __ANDWMNN
                 	LDS  R30,@0+(@1)
                 	ANDI R30,LOW(@2)
                 	STS  @0+(@1),R30
                 	LDS  R30,@0+(@1)+1
                 	ANDI R30,HIGH(@2)
                 	STS  @0+(@1)+1,R30
                 	.ENDM
                 
                 	.MACRO __ANDD1N
                 	ANDI R30,LOW(@0)
                 	ANDI R31,HIGH(@0)
                 	ANDI R22,BYTE3(@0)
                 	ANDI R23,BYTE4(@0)
                 	.ENDM
                 
                 	.MACRO __ANDD2N
                 	ANDI R26,LOW(@0)
                 	ANDI R27,HIGH(@0)
                 	ANDI R24,BYTE3(@0)
                 	ANDI R25,BYTE4(@0)
                 	.ENDM
                 
                 	.MACRO __ORBMNN
                 	LDS  R30,@0+(@1)
                 	ORI  R30,LOW(@2)
                 	STS  @0+(@1),R30
                 	.ENDM
                 
                 	.MACRO __ORWMNN
                 	LDS  R30,@0+(@1)
                 	ORI  R30,LOW(@2)
                 	STS  @0+(@1),R30
                 	LDS  R30,@0+(@1)+1
                 	ORI  R30,HIGH(@2)
                 	STS  @0+(@1)+1,R30
                 	.ENDM
                 
                 	.MACRO __ORD1N
                 	ORI  R30,LOW(@0)
                 	ORI  R31,HIGH(@0)
                 	ORI  R22,BYTE3(@0)
                 	ORI  R23,BYTE4(@0)
                 	.ENDM
                 
                 	.MACRO __ORD2N
                 	ORI  R26,LOW(@0)
                 	ORI  R27,HIGH(@0)
                 	ORI  R24,BYTE3(@0)
                 	ORI  R25,BYTE4(@0)
                 	.ENDM
                 
                 	.MACRO __DELAY_USB
                 	LDI  R24,LOW(@0)
                 __DELAY_USB_LOOP:
                 	DEC  R24
                 	BRNE __DELAY_USB_LOOP
                 	.ENDM
                 
                 	.MACRO __DELAY_USW
                 	LDI  R24,LOW(@0)
                 	LDI  R25,HIGH(@0)
                 __DELAY_USW_LOOP:
                 	SBIW R24,1
                 	BRNE __DELAY_USW_LOOP
                 	.ENDM
                 
                 	.MACRO __GETW1P
                 	LD   R30,X+
                 	LD   R31,X
                 	SBIW R26,1
                 	.ENDM
                 
                 	.MACRO __GETD1S
                 	LDD  R30,Y+@0
                 	LDD  R31,Y+@0+1
                 	LDD  R22,Y+@0+2
                 	LDD  R23,Y+@0+3
                 	.ENDM
                 
                 	.MACRO __GETD2S
                 	LDD  R26,Y+@0
                 	LDD  R27,Y+@0+1
                 	LDD  R24,Y+@0+2
                 	LDD  R25,Y+@0+3
                 	.ENDM
                 
                 	.MACRO __GETD1P_INC
                 	LD   R30,X+
                 	LD   R31,X+
                 	LD   R22,X+
                 	LD   R23,X+
                 	.ENDM
                 
                 	.MACRO __GETD1P_DEC
                 	LD   R23,-X
                 	LD   R22,-X
                 	LD   R31,-X
                 	LD   R30,-X
                 	.ENDM
                 
                 	.MACRO __PUTDP1
                 	ST   X+,R30
                 	ST   X+,R31
                 	ST   X+,R22
                 	ST   X,R23
                 	.ENDM
                 
                 	.MACRO __PUTDP1_DEC
                 	ST   -X,R23
                 	ST   -X,R22
                 	ST   -X,R31
                 	ST   -X,R30
                 	.ENDM
                 
                 	.MACRO __PUTD1S
                 	STD  Y+@0,R30
                 	STD  Y+@0+1,R31
                 	STD  Y+@0+2,R22
                 	STD  Y+@0+3,R23
                 	.ENDM
                 
                 	.MACRO __PUTD2S
                 	STD  Y+@0,R26
                 	STD  Y+@0+1,R27
                 	STD  Y+@0+2,R24
                 	STD  Y+@0+3,R25
                 	.ENDM
                 
                 	.MACRO __PUTDZ2
                 	STD  Z+@0,R26
                 	STD  Z+@0+1,R27
                 	STD  Z+@0+2,R24
                 	STD  Z+@0+3,R25
                 	.ENDM
                 
                 	.MACRO __CLRD1S
                 	STD  Y+@0,R30
                 	STD  Y+@0+1,R30
                 	STD  Y+@0+2,R30
                 	STD  Y+@0+3,R30
                 	.ENDM
                 
                 	.MACRO __CPD10
                 	SBIW R30,0
                 	SBCI R22,0
                 	SBCI R23,0
                 	.ENDM
                 
                 	.MACRO __CPD20
                 	SBIW R26,0
                 	SBCI R24,0
                 	SBCI R25,0
                 	.ENDM
                 
                 	.MACRO __ADDD12
                 	ADD  R30,R26
                 	ADC  R31,R27
                 	ADC  R22,R24
                 	ADC  R23,R25
                 	.ENDM
                 
                 	.MACRO __ADDD21
                 	ADD  R26,R30
                 	ADC  R27,R31
                 	ADC  R24,R22
                 	ADC  R25,R23
                 	.ENDM
                 
                 	.MACRO __SUBD12
                 	SUB  R30,R26
                 	SBC  R31,R27
                 	SBC  R22,R24
                 	SBC  R23,R25
                 	.ENDM
                 
                 	.MACRO __SUBD21
                 	SUB  R26,R30
                 	SBC  R27,R31
                 	SBC  R24,R22
                 	SBC  R25,R23
                 	.ENDM
                 
                 	.MACRO __ANDD12
                 	AND  R30,R26
                 	AND  R31,R27
                 	AND  R22,R24
                 	AND  R23,R25
                 	.ENDM
                 
                 	.MACRO __ORD12
                 	OR   R30,R26
                 	OR   R31,R27
                 	OR   R22,R24
                 	OR   R23,R25
                 	.ENDM
                 
                 	.MACRO __XORD12
                 	EOR  R30,R26
                 	EOR  R31,R27
                 	EOR  R22,R24
                 	EOR  R23,R25
                 	.ENDM
                 
                 	.MACRO __XORD21
                 	EOR  R26,R30
                 	EOR  R27,R31
                 	EOR  R24,R22
                 	EOR  R25,R23
                 	.ENDM
                 
                 	.MACRO __COMD1
                 	COM  R30
                 	COM  R31
                 	COM  R22
                 	COM  R23
                 	.ENDM
                 
                 	.MACRO __MULD2_2
                 	LSL  R26
                 	ROL  R27
                 	ROL  R24
                 	ROL  R25
                 	.ENDM
                 
                 	.MACRO __LSRD1
                 	LSR  R23
                 	ROR  R22
                 	ROR  R31
                 	ROR  R30
                 	.ENDM
                 
                 	.MACRO __LSLD1
                 	LSL  R30
                 	ROL  R31
                 	ROL  R22
                 	ROL  R23
                 	.ENDM
                 
                 	.MACRO __ASRB4
                 	ASR  R30
                 	ASR  R30
                 	ASR  R30
                 	ASR  R30
                 	.ENDM
                 
                 	.MACRO __ASRW8
                 	MOV  R30,R31
                 	CLR  R31
                 	SBRC R30,7
                 	SER  R31
                 	.ENDM
                 
                 	.MACRO __LSRD16
                 	MOV  R30,R22
                 	MOV  R31,R23
                 	LDI  R22,0
                 	LDI  R23,0
                 	.ENDM
                 
                 	.MACRO __LSLD16
                 	MOV  R22,R30
                 	MOV  R23,R31
                 	LDI  R30,0
                 	LDI  R31,0
                 	.ENDM
                 
                 	.MACRO __CWD1
                 	MOV  R22,R31
                 	ADD  R22,R22
                 	SBC  R22,R22
                 	MOV  R23,R22
                 	.ENDM
                 
                 	.MACRO __CWD2
                 	MOV  R24,R27
                 	ADD  R24,R24
                 	SBC  R24,R24
                 	MOV  R25,R24
                 	.ENDM
                 
                 	.MACRO __SETMSD1
                 	SER  R31
                 	SER  R22
                 	SER  R23
                 	.ENDM
                 
                 	.MACRO __ADDW1R15
                 	CLR  R0
                 	ADD  R30,R15
                 	ADC  R31,R0
                 	.ENDM
                 
                 	.MACRO __ADDW2R15
                 	CLR  R0
                 	ADD  R26,R15
                 	ADC  R27,R0
                 	.ENDM
                 
                 	.MACRO __EQB12
                 	CP   R30,R26
                 	LDI  R30,1
                 	BREQ PC+2
                 	CLR  R30
                 	.ENDM
                 
                 	.MACRO __NEB12
                 	CP   R30,R26
                 	LDI  R30,1
                 	BRNE PC+2
                 	CLR  R30
                 	.ENDM
                 
                 	.MACRO __LEB12
                 	CP   R30,R26
                 	LDI  R30,1
                 	BRGE PC+2
                 	CLR  R30
                 	.ENDM
                 
                 	.MACRO __GEB12
                 	CP   R26,R30
                 	LDI  R30,1
                 	BRGE PC+2
                 	CLR  R30
                 	.ENDM
                 
                 	.MACRO __LTB12
                 	CP   R26,R30
                 	LDI  R30,1
                 	BRLT PC+2
                 	CLR  R30
                 	.ENDM
                 
                 	.MACRO __GTB12
                 	CP   R30,R26
                 	LDI  R30,1
                 	BRLT PC+2
                 	CLR  R30
                 	.ENDM
                 
                 	.MACRO __LEB12U
                 	CP   R30,R26
                 	LDI  R30,1
                 	BRSH PC+2
                 	CLR  R30
                 	.ENDM
                 
                 	.MACRO __GEB12U
                 	CP   R26,R30
                 	LDI  R30,1
                 	BRSH PC+2
                 	CLR  R30
                 	.ENDM
                 
                 	.MACRO __LTB12U
                 	CP   R26,R30
                 	LDI  R30,1
                 	BRLO PC+2
                 	CLR  R30
                 	.ENDM
                 
                 	.MACRO __GTB12U
                 	CP   R30,R26
                 	LDI  R30,1
                 	BRLO PC+2
                 	CLR  R30
                 	.ENDM
                 
                 	.MACRO __CPW01
                 	CLR  R0
                 	CP   R0,R30
                 	CPC  R0,R31
                 	.ENDM
                 
                 	.MACRO __CPW02
                 	CLR  R0
                 	CP   R0,R26
                 	CPC  R0,R27
                 	.ENDM
                 
                 	.MACRO __CPD12
                 	CP   R30,R26
                 	CPC  R31,R27
                 	CPC  R22,R24
                 	CPC  R23,R25
                 	.ENDM
                 
                 	.MACRO __CPD21
                 	CP   R26,R30
                 	CPC  R27,R31
                 	CPC  R24,R22
                 	CPC  R25,R23
                 	.ENDM
                 
                 	.MACRO __BSTB1
                 	CLT
                 	TST  R30
                 	BREQ PC+2
                 	SET
                 	.ENDM
                 
                 	.MACRO __LNEGB1
                 	TST  R30
                 	LDI  R30,1
                 	BREQ PC+2
                 	CLR  R30
                 	.ENDM
                 
                 	.MACRO __LNEGW1
                 	OR   R30,R31
                 	LDI  R30,1
                 	BREQ PC+2
                 	LDI  R30,0
                 	.ENDM
                 
                 	.MACRO __POINTB1MN
                 	LDI  R30,LOW(@0+(@1))
                 	.ENDM
                 
                 	.MACRO __POINTW1MN
                 	LDI  R30,LOW(@0+(@1))
                 	LDI  R31,HIGH(@0+(@1))
                 	.ENDM
                 
                 	.MACRO __POINTD1M
                 	LDI  R30,LOW(@0)
                 	LDI  R31,HIGH(@0)
                 	LDI  R22,BYTE3(@0)
                 	LDI  R23,BYTE4(@0)
                 	.ENDM
                 
                 	.MACRO __POINTW1FN
                 	LDI  R30,LOW(2*@0+(@1))
                 	LDI  R31,HIGH(2*@0+(@1))
                 	.ENDM
                 
                 	.MACRO __POINTD1FN
                 	LDI  R30,LOW(2*@0+(@1))
                 	LDI  R31,HIGH(2*@0+(@1))
                 	LDI  R22,BYTE3(2*@0+(@1))
                 	LDI  R23,BYTE4(2*@0+(@1))
                 	.ENDM
                 
                 	.MACRO __POINTB2MN
                 	LDI  R26,LOW(@0+(@1))
                 	.ENDM
                 
                 	.MACRO __POINTW2MN
                 	LDI  R26,LOW(@0+(@1))
                 	LDI  R27,HIGH(@0+(@1))
                 	.ENDM
                 
                 	.MACRO __POINTD2M
                 	LDI  R26,LOW(@0)
                 	LDI  R27,HIGH(@0)
                 	LDI  R24,BYTE3(@0)
                 	LDI  R25,BYTE4(@0)
                 	.ENDM
                 
                 	.MACRO __POINTW2FN
                 	LDI  R26,LOW(2*@0+(@1))
                 	LDI  R27,HIGH(2*@0+(@1))
                 	.ENDM
                 
                 	.MACRO __POINTD2FN
                 	LDI  R26,LOW(2*@0+(@1))
                 	LDI  R27,HIGH(2*@0+(@1))
                 	LDI  R24,BYTE3(2*@0+(@1))
                 	LDI  R25,BYTE4(2*@0+(@1))
                 	.ENDM
                 
                 	.MACRO __POINTBRM
                 	LDI  R@0,LOW(@1)
                 	.ENDM
                 
                 	.MACRO __POINTWRM
                 	LDI  R@0,LOW(@2)
                 	LDI  R@1,HIGH(@2)
                 	.ENDM
                 
                 	.MACRO __POINTBRMN
                 	LDI  R@0,LOW(@1+(@2))
                 	.ENDM
                 
                 	.MACRO __POINTWRMN
                 	LDI  R@0,LOW(@2+(@3))
                 	LDI  R@1,HIGH(@2+(@3))
                 	.ENDM
                 
                 	.MACRO __POINTWRFN
                 	LDI  R@0,LOW(@2*2+(@3))
                 	LDI  R@1,HIGH(@2*2+(@3))
                 	.ENDM
                 
                 	.MACRO __GETD1N
                 	LDI  R30,LOW(@0)
                 	LDI  R31,HIGH(@0)
                 	LDI  R22,BYTE3(@0)
                 	LDI  R23,BYTE4(@0)
                 	.ENDM
                 
                 	.MACRO __GETD2N
                 	LDI  R26,LOW(@0)
                 	LDI  R27,HIGH(@0)
                 	LDI  R24,BYTE3(@0)
                 	LDI  R25,BYTE4(@0)
                 	.ENDM
                 
                 	.MACRO __GETB1MN
                 	LDS  R30,@0+(@1)
                 	.ENDM
                 
                 	.MACRO __GETB1HMN
                 	LDS  R31,@0+(@1)
                 	.ENDM
                 
                 	.MACRO __GETW1MN
                 	LDS  R30,@0+(@1)
                 	LDS  R31,@0+(@1)+1
                 	.ENDM
                 
                 	.MACRO __GETD1MN
                 	LDS  R30,@0+(@1)
                 	LDS  R31,@0+(@1)+1
                 	LDS  R22,@0+(@1)+2
                 	LDS  R23,@0+(@1)+3
                 	.ENDM
                 
                 	.MACRO __GETBRMN
                 	LDS  R@0,@1+(@2)
                 	.ENDM
                 
                 	.MACRO __GETWRMN
                 	LDS  R@0,@2+(@3)
                 	LDS  R@1,@2+(@3)+1
                 	.ENDM
                 
                 	.MACRO __GETWRZ
                 	LDD  R@0,Z+@2
                 	LDD  R@1,Z+@2+1
                 	.ENDM
                 
                 	.MACRO __GETD2Z
                 	LDD  R26,Z+@0
                 	LDD  R27,Z+@0+1
                 	LDD  R24,Z+@0+2
                 	LDD  R25,Z+@0+3
                 	.ENDM
                 
                 	.MACRO __GETB2MN
                 	LDS  R26,@0+(@1)
                 	.ENDM
                 
                 	.MACRO __GETW2MN
                 	LDS  R26,@0+(@1)
                 	LDS  R27,@0+(@1)+1
                 	.ENDM
                 
                 	.MACRO __GETD2MN
                 	LDS  R26,@0+(@1)
                 	LDS  R27,@0+(@1)+1
                 	LDS  R24,@0+(@1)+2
                 	LDS  R25,@0+(@1)+3
                 	.ENDM
                 
                 	.MACRO __PUTB1MN
                 	STS  @0+(@1),R30
                 	.ENDM
                 
                 	.MACRO __PUTW1MN
                 	STS  @0+(@1),R30
                 	STS  @0+(@1)+1,R31
                 	.ENDM
                 
                 	.MACRO __PUTD1MN
                 	STS  @0+(@1),R30
                 	STS  @0+(@1)+1,R31
                 	STS  @0+(@1)+2,R22
                 	STS  @0+(@1)+3,R23
                 	.ENDM
                 
                 	.MACRO __PUTB1EN
                 	LDI  R26,LOW(@0+(@1))
                 	LDI  R27,HIGH(@0+(@1))
                 	CALL __EEPROMWRB
                 	.ENDM
                 
                 	.MACRO __PUTW1EN
                 	LDI  R26,LOW(@0+(@1))
                 	LDI  R27,HIGH(@0+(@1))
                 	CALL __EEPROMWRW
                 	.ENDM
                 
                 	.MACRO __PUTD1EN
                 	LDI  R26,LOW(@0+(@1))
                 	LDI  R27,HIGH(@0+(@1))
                 	CALL __EEPROMWRD
                 	.ENDM
                 
                 	.MACRO __PUTBR0MN
                 	STS  @0+(@1),R0
                 	.ENDM
                 
                 	.MACRO __PUTBMRN
                 	STS  @0+(@1),R@2
                 	.ENDM
                 
                 	.MACRO __PUTWMRN
                 	STS  @0+(@1),R@2
                 	STS  @0+(@1)+1,R@3
                 	.ENDM
                 
                 	.MACRO __PUTBZR
                 	STD  Z+@1,R@0
                 	.ENDM
                 
                 	.MACRO __PUTWZR
                 	STD  Z+@2,R@0
                 	STD  Z+@2+1,R@1
                 	.ENDM
                 
                 	.MACRO __GETW1R
                 	MOV  R30,R@0
                 	MOV  R31,R@1
                 	.ENDM
                 
                 	.MACRO __GETW2R
                 	MOV  R26,R@0
                 	MOV  R27,R@1
                 	.ENDM
                 
                 	.MACRO __GETWRN
                 	LDI  R@0,LOW(@2)
                 	LDI  R@1,HIGH(@2)
                 	.ENDM
                 
                 	.MACRO __PUTW1R
                 	MOV  R@0,R30
                 	MOV  R@1,R31
                 	.ENDM
                 
                 	.MACRO __PUTW2R
                 	MOV  R@0,R26
                 	MOV  R@1,R27
                 	.ENDM
                 
                 	.MACRO __ADDWRN
                 	SUBI R@0,LOW(-@2)
                 	SBCI R@1,HIGH(-@2)
                 	.ENDM
                 
                 	.MACRO __ADDWRR
                 	ADD  R@0,R@2
                 	ADC  R@1,R@3
                 	.ENDM
                 
                 	.MACRO __SUBWRN
                 	SUBI R@0,LOW(@2)
                 	SBCI R@1,HIGH(@2)
                 	.ENDM
                 
                 	.MACRO __SUBWRR
                 	SUB  R@0,R@2
                 	SBC  R@1,R@3
                 	.ENDM
                 
                 	.MACRO __ANDWRN
                 	ANDI R@0,LOW(@2)
                 	ANDI R@1,HIGH(@2)
                 	.ENDM
                 
                 	.MACRO __ANDWRR
                 	AND  R@0,R@2
                 	AND  R@1,R@3
                 	.ENDM
                 
                 	.MACRO __ORWRN
                 	ORI  R@0,LOW(@2)
                 	ORI  R@1,HIGH(@2)
                 	.ENDM
                 
                 	.MACRO __ORWRR
                 	OR   R@0,R@2
                 	OR   R@1,R@3
                 	.ENDM
                 
                 	.MACRO __EORWRR
                 	EOR  R@0,R@2
                 	EOR  R@1,R@3
                 	.ENDM
                 
                 	.MACRO __GETWRS
                 	LDD  R@0,Y+@2
                 	LDD  R@1,Y+@2+1
                 	.ENDM
                 
                 	.MACRO __PUTBSR
                 	STD  Y+@1,R@0
                 	.ENDM
                 
                 	.MACRO __PUTWSR
                 	STD  Y+@2,R@0
                 	STD  Y+@2+1,R@1
                 	.ENDM
                 
                 	.MACRO __MOVEWRR
                 	MOV  R@0,R@2
                 	MOV  R@1,R@3
                 	.ENDM
                 
                 	.MACRO __INWR
                 	IN   R@0,@2
                 	IN   R@1,@2+1
                 	.ENDM
                 
                 	.MACRO __OUTWR
                 	OUT  @2+1,R@1
                 	OUT  @2,R@0
                 	.ENDM
                 
                 	.MACRO __CALL1MN
                 	LDS  R30,@0+(@1)
                 	LDS  R31,@0+(@1)+1
                 	ICALL
                 	.ENDM
                 
                 	.MACRO __CALL1FN
                 	LDI  R30,LOW(2*@0+(@1))
                 	LDI  R31,HIGH(2*@0+(@1))
                 	CALL __GETW1PF
                 	ICALL
                 	.ENDM
                 
                 	.MACRO __CALL2EN
                 	PUSH R26
                 	PUSH R27
                 	LDI  R26,LOW(@0+(@1))
                 	LDI  R27,HIGH(@0+(@1))
                 	CALL __EEPROMRDW
                 	POP  R27
                 	POP  R26
                 	ICALL
                 	.ENDM
                 
                 	.MACRO __CALL2EX
                 	SUBI R26,LOW(-@0)
                 	SBCI R27,HIGH(-@0)
                 	CALL __EEPROMRDD
                 	ICALL
                 	.ENDM
                 
                 	.MACRO __GETW1STACK
                 	IN   R30,SPL
                 	IN   R31,SPH
                 	ADIW R30,@0+1
                 	LD   R0,Z+
                 	LD   R31,Z
                 	MOV  R30,R0
                 	.ENDM
                 
                 	.MACRO __GETD1STACK
                 	IN   R30,SPL
                 	IN   R31,SPH
                 	ADIW R30,@0+1
                 	LD   R0,Z+
                 	LD   R1,Z+
                 	LD   R22,Z
                 	MOVW R30,R0
                 	.ENDM
                 
                 	.MACRO __NBST
                 	BST  R@0,@1
                 	IN   R30,SREG
                 	LDI  R31,0x40
                 	EOR  R30,R31
                 	OUT  SREG,R30
                 	.ENDM
                 
                 
                 	.MACRO __PUTB1SN
                 	LDD  R26,Y+@0
                 	LDD  R27,Y+@0+1
                 	SUBI R26,LOW(-@1)
                 	SBCI R27,HIGH(-@1)
                 	ST   X,R30
                 	.ENDM
                 
                 	.MACRO __PUTW1SN
                 	LDD  R26,Y+@0
                 	LDD  R27,Y+@0+1
                 	SUBI R26,LOW(-@1)
                 	SBCI R27,HIGH(-@1)
                 	ST   X+,R30
                 	ST   X,R31
                 	.ENDM
                 
                 	.MACRO __PUTD1SN
                 	LDD  R26,Y+@0
                 	LDD  R27,Y+@0+1
                 	SUBI R26,LOW(-@1)
                 	SBCI R27,HIGH(-@1)
                 	ST   X+,R30
                 	ST   X+,R31
                 	ST   X+,R22
                 	ST   X,R23
                 	.ENDM
                 
                 	.MACRO __PUTB1SNS
                 	LDD  R26,Y+@0
                 	LDD  R27,Y+@0+1
                 	ADIW R26,@1
                 	ST   X,R30
                 	.ENDM
                 
                 	.MACRO __PUTW1SNS
                 	LDD  R26,Y+@0
                 	LDD  R27,Y+@0+1
                 	ADIW R26,@1
                 	ST   X+,R30
                 	ST   X,R31
                 	.ENDM
                 
                 	.MACRO __PUTD1SNS
                 	LDD  R26,Y+@0
                 	LDD  R27,Y+@0+1
                 	ADIW R26,@1
                 	ST   X+,R30
                 	ST   X+,R31
                 	ST   X+,R22
                 	ST   X,R23
                 	.ENDM
                 
                 	.MACRO __PUTB1PMN
                 	LDS  R26,@0
                 	LDS  R27,@0+1
                 	SUBI R26,LOW(-@1)
                 	SBCI R27,HIGH(-@1)
                 	ST   X,R30
                 	.ENDM
                 
                 	.MACRO __PUTW1PMN
                 	LDS  R26,@0
                 	LDS  R27,@0+1
                 	SUBI R26,LOW(-@1)
                 	SBCI R27,HIGH(-@1)
                 	ST   X+,R30
                 	ST   X,R31
                 	.ENDM
                 
                 	.MACRO __PUTD1PMN
                 	LDS  R26,@0
                 	LDS  R27,@0+1
                 	SUBI R26,LOW(-@1)
                 	SBCI R27,HIGH(-@1)
                 	ST   X+,R30
                 	ST   X+,R31
                 	ST   X+,R22
                 	ST   X,R23
                 	.ENDM
                 
                 	.MACRO __PUTB1PMNS
                 	LDS  R26,@0
                 	LDS  R27,@0+1
                 	ADIW R26,@1
                 	ST   X,R30
                 	.ENDM
                 
                 	.MACRO __PUTW1PMNS
                 	LDS  R26,@0
                 	LDS  R27,@0+1
                 	ADIW R26,@1
                 	ST   X+,R30
                 	ST   X,R31
                 	.ENDM
                 
                 	.MACRO __PUTD1PMNS
                 	LDS  R26,@0
                 	LDS  R27,@0+1
                 	ADIW R26,@1
                 	ST   X+,R30
                 	ST   X+,R31
                 	ST   X+,R22
                 	ST   X,R23
                 	.ENDM
                 
                 	.MACRO __PUTB1RN
                 	MOVW R26,R@0
                 	SUBI R26,LOW(-@1)
                 	SBCI R27,HIGH(-@1)
                 	ST   X,R30
                 	.ENDM
                 
                 	.MACRO __PUTW1RN
                 	MOVW R26,R@0
                 	SUBI R26,LOW(-@1)
                 	SBCI R27,HIGH(-@1)
                 	ST   X+,R30
                 	ST   X,R31
                 	.ENDM
                 
                 	.MACRO __PUTD1RN
                 	MOVW R26,R@0
                 	SUBI R26,LOW(-@1)
                 	SBCI R27,HIGH(-@1)
                 	ST   X+,R30
                 	ST   X+,R31
                 	ST   X+,R22
                 	ST   X,R23
                 	.ENDM
                 
                 	.MACRO __PUTB1RNS
                 	MOVW R26,R@0
                 	ADIW R26,@1
                 	ST   X,R30
                 	.ENDM
                 
                 	.MACRO __PUTW1RNS
                 	MOVW R26,R@0
                 	ADIW R26,@1
                 	ST   X+,R30
                 	ST   X,R31
                 	.ENDM
                 
                 	.MACRO __PUTD1RNS
                 	MOVW R26,R@0
                 	ADIW R26,@1
                 	ST   X+,R30
                 	ST   X+,R31
                 	ST   X+,R22
                 	ST   X,R23
                 	.ENDM
                 
                 	.MACRO __PUTB1RON
                 	MOV  R26,R@0
                 	MOV  R27,R@1
                 	SUBI R26,LOW(-@2)
                 	SBCI R27,HIGH(-@2)
                 	ST   X,R30
                 	.ENDM
                 
                 	.MACRO __PUTW1RON
                 	MOV  R26,R@0
                 	MOV  R27,R@1
                 	SUBI R26,LOW(-@2)
                 	SBCI R27,HIGH(-@2)
                 	ST   X+,R30
                 	ST   X,R31
                 	.ENDM
                 
                 	.MACRO __PUTD1RON
                 	MOV  R26,R@0
                 	MOV  R27,R@1
                 	SUBI R26,LOW(-@2)
                 	SBCI R27,HIGH(-@2)
                 	ST   X+,R30
                 	ST   X+,R31
                 	ST   X+,R22
                 	ST   X,R23
                 	.ENDM
                 
                 	.MACRO __PUTB1RONS
                 	MOV  R26,R@0
                 	MOV  R27,R@1
                 	ADIW R26,@2
                 	ST   X,R30
                 	.ENDM
                 
                 	.MACRO __PUTW1RONS
                 	MOV  R26,R@0
                 	MOV  R27,R@1
                 	ADIW R26,@2
                 	ST   X+,R30
                 	ST   X,R31
                 	.ENDM
                 
                 	.MACRO __PUTD1RONS
                 	MOV  R26,R@0
                 	MOV  R27,R@1
                 	ADIW R26,@2
                 	ST   X+,R30
                 	ST   X+,R31
                 	ST   X+,R22
                 	ST   X,R23
                 	.ENDM
                 
                 
                 	.MACRO __GETB1SX
                 	MOVW R30,R28
                 	SUBI R30,LOW(-@0)
                 	SBCI R31,HIGH(-@0)
                 	LD   R30,Z
                 	.ENDM
                 
                 	.MACRO __GETB1HSX
                 	MOVW R30,R28
                 	SUBI R30,LOW(-@0)
                 	SBCI R31,HIGH(-@0)
                 	LD   R31,Z
                 	.ENDM
                 
                 	.MACRO __GETW1SX
                 	MOVW R30,R28
                 	SUBI R30,LOW(-@0)
                 	SBCI R31,HIGH(-@0)
                 	CALL __GETW1Z
                 	.ENDM
                 
                 	.MACRO __GETD1SX
                 	MOVW R30,R28
                 	SUBI R30,LOW(-@0)
                 	SBCI R31,HIGH(-@0)
                 	CALL __GETD1Z
                 	.ENDM
                 
                 	.MACRO __GETB2SX
                 	MOVW R26,R28
                 	SUBI R26,LOW(-@0)
                 	SBCI R27,HIGH(-@0)
                 	LD   R26,X
                 	.ENDM
                 
                 	.MACRO __GETW2SX
                 	MOVW R26,R28
                 	SUBI R26,LOW(-@0)
                 	SBCI R27,HIGH(-@0)
                 	CALL __GETW2X
                 	.ENDM
                 
                 	.MACRO __GETD2SX
                 	MOVW R26,R28
                 	SUBI R26,LOW(-@0)
                 	SBCI R27,HIGH(-@0)
                 	CALL __GETD2X
                 	.ENDM
                 
                 	.MACRO __GETBRSX
                 	MOVW R30,R28
                 	SUBI R30,LOW(-@1)
                 	SBCI R31,HIGH(-@1)
                 	LD   R@0,Z
                 	.ENDM
                 
                 	.MACRO __GETWRSX
                 	MOVW R30,R28
                 	SUBI R30,LOW(-@2)
                 	SBCI R31,HIGH(-@2)
                 	LD   R@0,Z+
                 	LD   R@1,Z
                 	.ENDM
                 
                 	.MACRO __GETBRSX2
                 	MOVW R26,R28
                 	SUBI R26,LOW(-@1)
                 	SBCI R27,HIGH(-@1)
                 	LD   R@0,X
                 	.ENDM
                 
                 	.MACRO __GETWRSX2
                 	MOVW R26,R28
                 	SUBI R26,LOW(-@2)
                 	SBCI R27,HIGH(-@2)
                 	LD   R@0,X+
                 	LD   R@1,X
                 	.ENDM
                 
                 	.MACRO __LSLW8SX
                 	MOVW R30,R28
                 	SUBI R30,LOW(-@0)
                 	SBCI R31,HIGH(-@0)
                 	LD   R31,Z
                 	CLR  R30
                 	.ENDM
                 
                 	.MACRO __PUTB1SX
                 	MOVW R26,R28
                 	SUBI R26,LOW(-@0)
                 	SBCI R27,HIGH(-@0)
                 	ST   X,R30
                 	.ENDM
                 
                 	.MACRO __PUTW1SX
                 	MOVW R26,R28
                 	SUBI R26,LOW(-@0)
                 	SBCI R27,HIGH(-@0)
                 	ST   X+,R30
                 	ST   X,R31
                 	.ENDM
                 
                 	.MACRO __PUTD1SX
                 	MOVW R26,R28
                 	SUBI R26,LOW(-@0)
                 	SBCI R27,HIGH(-@0)
                 	ST   X+,R30
                 	ST   X+,R31
                 	ST   X+,R22
                 	ST   X,R23
                 	.ENDM
                 
                 	.MACRO __CLRW1SX
                 	MOVW R26,R28
                 	SUBI R26,LOW(-@0)
                 	SBCI R27,HIGH(-@0)
                 	ST   X+,R30
                 	ST   X,R30
                 	.ENDM
                 
                 	.MACRO __CLRD1SX
                 	MOVW R26,R28
                 	SUBI R26,LOW(-@0)
                 	SBCI R27,HIGH(-@0)
                 	ST   X+,R30
                 	ST   X+,R30
                 	ST   X+,R30
                 	ST   X,R30
                 	.ENDM
                 
                 	.MACRO __PUTB2SX
                 	MOVW R30,R28
                 	SUBI R30,LOW(-@0)
                 	SBCI R31,HIGH(-@0)
                 	ST   Z,R26
                 	.ENDM
                 
                 	.MACRO __PUTW2SX
                 	MOVW R30,R28
                 	SUBI R30,LOW(-@0)
                 	SBCI R31,HIGH(-@0)
                 	ST   Z+,R26
                 	ST   Z,R27
                 	.ENDM
                 
                 	.MACRO __PUTD2SX
                 	MOVW R30,R28
                 	SUBI R30,LOW(-@0)
                 	SBCI R31,HIGH(-@0)
                 	ST   Z+,R26
                 	ST   Z+,R27
                 	ST   Z+,R24
                 	ST   Z,R25
                 	.ENDM
                 
                 	.MACRO __PUTBSRX
                 	MOVW R30,R28
                 	SUBI R30,LOW(-@1)
                 	SBCI R31,HIGH(-@1)
                 	ST   Z,R@0
                 	.ENDM
                 
                 	.MACRO __PUTWSRX
                 	MOVW R30,R28
                 	SUBI R30,LOW(-@2)
                 	SBCI R31,HIGH(-@2)
                 	ST   Z+,R@0
                 	ST   Z,R@1
                 	.ENDM
                 
                 	.MACRO __PUTB1SNX
                 	MOVW R26,R28
                 	SUBI R26,LOW(-@0)
                 	SBCI R27,HIGH(-@0)
                 	LD   R0,X+
                 	LD   R27,X
                 	MOV  R26,R0
                 	SUBI R26,LOW(-@1)
                 	SBCI R27,HIGH(-@1)
                 	ST   X,R30
                 	.ENDM
                 
                 	.MACRO __PUTW1SNX
                 	MOVW R26,R28
                 	SUBI R26,LOW(-@0)
                 	SBCI R27,HIGH(-@0)
                 	LD   R0,X+
                 	LD   R27,X
                 	MOV  R26,R0
                 	SUBI R26,LOW(-@1)
                 	SBCI R27,HIGH(-@1)
                 	ST   X+,R30
                 	ST   X,R31
                 	.ENDM
                 
                 	.MACRO __PUTD1SNX
                 	MOVW R26,R28
                 	SUBI R26,LOW(-@0)
                 	SBCI R27,HIGH(-@0)
                 	LD   R0,X+
                 	LD   R27,X
                 	MOV  R26,R0
                 	SUBI R26,LOW(-@1)
                 	SBCI R27,HIGH(-@1)
                 	ST   X+,R30
                 	ST   X+,R31
                 	ST   X+,R22
                 	ST   X,R23
                 	.ENDM
                 
                 	.MACRO __MULBRR
                 	MULS R@0,R@1
                 	MOVW R30,R0
                 	.ENDM
                 
                 	.MACRO __MULBRRU
                 	MUL  R@0,R@1
                 	MOVW R30,R0
                 	.ENDM
                 
                 	.MACRO __MULBRR0
                 	MULS R@0,R@1
                 	.ENDM
                 
                 	.MACRO __MULBRRU0
                 	MUL  R@0,R@1
                 	.ENDM
                 
                 	.MACRO __MULBNWRU
                 	LDI  R26,@2
                 	MUL  R26,R@0
                 	MOVW R30,R0
                 	MUL  R26,R@1
                 	ADD  R31,R0
                 	.ENDM
                 
                 	.CSEG
                 	.ORG 0x00
                 
                 ;START OF CODE MARKER
                 __START_OF_CODE:
                 
                 ;INTERRUPT VECTORS
000000 940c 0069 	JMP  __RESET
000002 940c 0000 	JMP  0x00
000004 940c 0000 	JMP  0x00
000006 940c 0000 	JMP  0x00
000008 940c 0000 	JMP  0x00
00000a 940c 0000 	JMP  0x00
00000c 940c 0000 	JMP  0x00
00000e 940c 0000 	JMP  0x00
000010 940c 0000 	JMP  0x00
000012 940c 0000 	JMP  0x00
000014 940c 0000 	JMP  0x00
000016 940c 0000 	JMP  0x00
000018 940c 0000 	JMP  0x00
00001a 940c 0000 	JMP  0x00
00001c 940c 0000 	JMP  0x00
00001e 940c 0087 	JMP  _timer0_comp_isr
000020 940c 0000 	JMP  0x00
000022 940c 0000 	JMP  0x00
000024 940c 0000 	JMP  0x00
000026 940c 0000 	JMP  0x00
000028 940c 0000 	JMP  0x00
00002a 940c 0000 	JMP  0x00
00002c 940c 0000 	JMP  0x00
00002e 940c 0000 	JMP  0x00
000030 940c 0000 	JMP  0x00
000032 940c 0000 	JMP  0x00
000034 940c 0000 	JMP  0x00
000036 940c 0000 	JMP  0x00
000038 940c 0000 	JMP  0x00
00003a 940c 0000 	JMP  0x00
00003c 940c 0000 	JMP  0x00
00003e 940c 0000 	JMP  0x00
000040 940c 0000 	JMP  0x00
000042 940c 0000 	JMP  0x00
000044 940c 0000 	JMP  0x00
                 
                 _0x17:
000046 0000
000047 0000
000048 0000
000049 0000      	.DB  0x0,0x0,0x0,0x0,0x0,0x0,0x0,0x0
00004a 0000
00004b 0000
00004c 0000
00004d 0000      	.DB  0x0,0x0,0x0,0x0,0x0,0x0,0x0,0x0
00004e 0000
00004f 4800
000050 00c2
000051 0000      	.DB  0x0,0x0,0x0,0x48,0xC2,0x0,0x0,0x0
000052 0000
000053 0000
000054 0000
000055 0000      	.DB  0x0,0x0,0x0,0x0,0x0,0x0,0x0,0x0
                 _0x0:
000056 7525
000057 3025
000058 7534
000059 302c      	.DB  0x25,0x75,0x25,0x30,0x34,0x75,0x2C,0x30
00005a 302c
00005b 302c
00005c 302c
00005d 0a0d      	.DB  0x2C,0x30,0x2C,0x30,0x2C,0x30,0xD,0xA
00005e 2500
00005f 2575
000060 3430
000061 2c75      	.DB  0x0,0x25,0x75,0x25,0x30,0x34,0x75,0x2C
000062 6425
000063 252c
000064 2c64
000065 2c30      	.DB  0x25,0x64,0x2C,0x25,0x64,0x2C,0x30,0x2C
000066 6425
000067 0a0d
C:\working_dir\mircoprocessor\max30102\Debug\List\avg_bpm.asm(1472): warning: .cseg .db misalignment - padding zero byte
000068 0000      	.DB  0x25,0x64,0xD,0xA,0x0
                 __RESET:
000069 94f8      	CLI
                 
00006a 27ee      	CLR  R30
00006b bbec      	OUT  EECR,R30
                 
                 ;INTERRUPT VECTORS ARE PLACED
                 ;AT THE START OF FLASH
00006c e0f1      	LDI  R31,1
00006d bff5      	OUT  MCUCR,R31
00006e bfe5      	OUT  MCUCR,R30
00006f 93e0 006c 	STS  XMCRB,R30
                 
                 ;CLEAR R2-R14
000071 e08d      	LDI  R24,(14-2)+1
000072 e0a2      	LDI  R26,2
000073 27bb      	CLR  R27
                 __CLEAR_REG:
000074 93ed      	ST   X+,R30
000075 958a      	DEC  R24
000076 f7e9      	BRNE __CLEAR_REG
                 
                 ;CLEAR SRAM
000077 e080      	LDI  R24,LOW(__CLEAR_SRAM_SIZE)
000078 e190      	LDI  R25,HIGH(__CLEAR_SRAM_SIZE)
000079 e0a0      	LDI  R26,LOW(__SRAM_START)
00007a e0b1      	LDI  R27,HIGH(__SRAM_START)
                 __CLEAR_SRAM:
00007b 93ed      	ST   X+,R30
00007c 9701      	SBIW R24,1
00007d f7e9      	BRNE __CLEAR_SRAM
                 
00007e bf8b      	OUT  RAMPZ,R24
                 
                 ;HARDWARE STACK POINTER INITIALIZATION
00007f efef      	LDI  R30,LOW(__SRAM_END-__HEAP_SIZE)
000080 bfed      	OUT  SPL,R30
000081 e1e0      	LDI  R30,HIGH(__SRAM_END-__HEAP_SIZE)
000082 bfee      	OUT  SPH,R30
                 
                 ;DATA STACK POINTER INITIALIZATION
000083 e0c0      	LDI  R28,LOW(__SRAM_START+__DSTACK_SIZE)
000084 e0d5      	LDI  R29,HIGH(__SRAM_START+__DSTACK_SIZE)
                 
000085 940c 01a8 	JMP  _main
                 
                 	.ESEG
                 	.ORG 0x00
                 
                 	.DSEG
                 	.ORG 0x500
                 
                 	.CSEG
                 	#ifndef __SLEEP_DEFINED__
                 	#define __SLEEP_DEFINED__
                 	.EQU __se_bit=0x20
                 	.EQU __sm_mask=0x1C
                 	.EQU __sm_powerdown=0x10
                 	.EQU __sm_powersave=0x18
                 	.EQU __sm_standby=0x14
                 	.EQU __sm_ext_standby=0x1C
                 	.EQU __sm_adc_noise_red=0x08
                 	.SET power_ctrl_reg=mcucr
                 	#endif
                 ;interrupt [16] void timer0_comp_isr(void) {
                 ; 0000 0011 interrupt [16] void timer0_comp_isr(void) {
                 
                 	.CSEG
                 _timer0_comp_isr:
                 ; .FSTART _timer0_comp_isr
000087 936a      	ST   -Y,R22
000088 937a      	ST   -Y,R23
000089 93aa      	ST   -Y,R26
00008a 93ba      	ST   -Y,R27
00008b 93ea      	ST   -Y,R30
00008c 93fa      	ST   -Y,R31
00008d b7ef      	IN   R30,SREG
00008e 93ea      	ST   -Y,R30
                 ; 0000 0012 millis_counter++;
00008f e0a0      	LDI  R26,LOW(_millis_counter)
000090 e0b5      	LDI  R27,HIGH(_millis_counter)
000091 d403      	RCALL SUBOPT_0x0
                +
000092 5fef     +SUBI R30 , LOW ( - 1 )
000093 4fff     +SBCI R31 , HIGH ( - 1 )
000094 4f6f     +SBCI R22 , BYTE3 ( - 1 )
000095 4f7f     +SBCI R23 , BYTE4 ( - 1 )
                 	__SUBD1N -1
                +
000096 937e     +ST - X , R23
000097 936e     +ST - X , R22
000098 93fe     +ST - X , R31
000099 93ee     +ST - X , R30
                 	__PUTDP1_DEC
                 ; 0000 0013 }
00009a 91e9      	LD   R30,Y+
00009b bfef      	OUT  SREG,R30
00009c 91f9      	LD   R31,Y+
00009d 91e9      	LD   R30,Y+
00009e 91b9      	LD   R27,Y+
00009f 91a9      	LD   R26,Y+
0000a0 9179      	LD   R23,Y+
0000a1 9169      	LD   R22,Y+
0000a2 9518      	RETI
                 ; .FEND
                 ;unsigned long millis(void) {
                 ; 0000 0015 unsigned long millis(void) {
                 _millis:
                 ; .FSTART _millis
                 ; 0000 0016 unsigned long m;
                 ; 0000 0017 #asm("cli")
0000a3 9724      	SBIW R28,4
                 ;	m -> Y+0
0000a4 94f8      	CLI
                 ; 0000 0018 m = millis_counter;
0000a5 91e0 0500 	LDS  R30,_millis_counter
0000a7 91f0 0501 	LDS  R31,_millis_counter+1
0000a9 9160 0502 	LDS  R22,_millis_counter+2
0000ab 9170 0503 	LDS  R23,_millis_counter+3
                +
0000ad 83e8     +STD Y + 0 , R30
0000ae 83f9     +STD Y + 0 + 1 , R31
0000af 836a     +STD Y + 0 + 2 , R22
0000b0 837b     +STD Y + 0 + 3 , R23
                 	__PUTD1S 0
                 ; 0000 0019 #asm("sei")
0000b1 9478      	SEI
                 ; 0000 001A return m;
0000b2 9624      	ADIW R28,4
0000b3 9508      	RET
                 ; 0000 001B }
                 ; .FEND
                 ;void Timer0_Init(void) {
                 ; 0000 001D void Timer0_Init(void) {
                 _Timer0_Init:
                 ; .FSTART _Timer0_Init
                 ; 0000 001E TCCR0 = (1<<WGM01) | (1<<CS01) | (1<<CS00);
0000b4 e0eb      	LDI  R30,LOW(11)
0000b5 bfe3      	OUT  0x33,R30
                 ; 0000 001F TCNT0 = 0x00;
0000b6 e0e0      	LDI  R30,LOW(0)
0000b7 bfe2      	OUT  0x32,R30
                 ; 0000 0020 OCR0  = 249;
0000b8 efe9      	LDI  R30,LOW(249)
0000b9 bfe1      	OUT  0x31,R30
                 ; 0000 0021 TIMSK |= (1<<OCIE0);
0000ba b7e7      	IN   R30,0x37
0000bb 60e2      	ORI  R30,2
0000bc bfe7      	OUT  0x37,R30
                 ; 0000 0022 }
0000bd 9508      	RET
                 ; .FEND
                 ;void putchar_avt(char c) {
                 ; 0000 0025 void putchar_avt(char c) {
                 ; 0000 0026 while(!(UCSR0A & (1<<UDRE0)));
                 ;	c -> R17
                 ; 0000 0027 UDR0 = c;
                 ; 0000 0028 }
                 ;void UART0_init(void) {
                 ; 0000 002A void UART0_init(void) {
                 _UART0_init:
                 ; .FSTART _UART0_init
                 ; 0000 002B UBRR0H = 0;
0000be e0e0      	LDI  R30,LOW(0)
0000bf 93e0 0090 	STS  144,R30
                 ; 0000 002C UBRR0L = 8; // 115200bps
0000c1 e0e8      	LDI  R30,LOW(8)
0000c2 b9e9      	OUT  0x9,R30
                 ; 0000 002D UCSR0B = (1<<RXEN0)|(1<<TXEN0);
0000c3 e1e8      	LDI  R30,LOW(24)
0000c4 b9ea      	OUT  0xA,R30
                 ; 0000 002E UCSR0C = (1<<UCSZ01)|(1<<UCSZ00);
0000c5 e0e6      	LDI  R30,LOW(6)
0000c6 93e0 0095 	STS  149,R30
                 ; 0000 002F }
0000c8 9508      	RET
                 ; .FEND
                 ;void TWI_init(void) { (*(unsigned char *) 0x71)=0x00; (*(unsigned char *) 0x70)=12; }
                 ; 0000 0034 void TWI_init(void) { (*(unsigned char *) 0x71)=0x00; (*(unsigned char *) 0x70)=12; }
                 _TWI_init:
                 ; .FSTART _TWI_init
0000c9 e0e0      	LDI  R30,LOW(0)
0000ca 93e0 0071 	STS  113,R30
0000cc e0ec      	LDI  R30,LOW(12)
0000cd 93e0 0070 	STS  112,R30
0000cf 9508      	RET
                 ; .FEND
                 ;void TWI_start(void) { (*(unsigned char *) 0x74)=(1<<7       )|(1<<5       )|(1<<2       ); while(!((*(unsigned char *) 0x74)&(1<<7       ))); }
                 ; 0000 0035 void TWI_start(void) { (*(unsigned char *) 0x74)=(1<<7       )|(1<<5       )|(1<<2       ); while(!((*(unsigned char *) 0x74)&(1<<7       ))); }
                 _TWI_start:
                 ; .FSTART _TWI_start
0000d0 eae4      	LDI  R30,LOW(164)
0000d1 93e0 0074 	STS  116,R30
                 _0x6:
0000d3 91e0 0074 	LDS  R30,116
0000d5 78e0      	ANDI R30,LOW(0x80)
0000d6 f3e1      	BREQ _0x6
0000d7 9508      	RET
                 ; .FEND
                 ;void TWI_stop(void) { (*(unsigned char *) 0x74)=(1<<7       )|(1<<4       )|(1<<2       ); }
                 ; 0000 0036 void TWI_stop(void) { (*(unsigned char *) 0x74)=(1<<7       )|(1<<4       )|(1<<2       ); }
                 _TWI_stop:
                 ; .FSTART _TWI_stop
0000d8 e9e4      	LDI  R30,LOW(148)
0000d9 93e0 0074 	STS  116,R30
0000db 9508      	RET
                 ; .FEND
                 ;void TWI_write(uint8_t d) { (*(unsigned char *) 0x73)=d; (*(unsigned char *) 0x74)=(1<<7       )|(1<<2       ); while(!((*(unsigned char *) 0x74)&(1<<7       ))); }
                 ; 0000 0037 void TWI_write(uint8_t d) { (*(unsigned char *) 0x73)=d; (*(unsigned char *) 0x74)=(1<<7       )|(1<<2       ); while(!((*(unsigned char *) 0x74)&(1<<7       ))); }
                 _TWI_write:
                 ; .FSTART _TWI_write
0000dc 931a      	ST   -Y,R17
0000dd 2f1a      	MOV  R17,R26
                 ;	d -> R17
0000de 9310 0073 	STS  115,R17
0000e0 e8e4      	LDI  R30,LOW(132)
0000e1 93e0 0074 	STS  116,R30
                 _0x9:
0000e3 91e0 0074 	LDS  R30,116
0000e5 78e0      	ANDI R30,LOW(0x80)
0000e6 f3e1      	BREQ _0x9
0000e7 9119      	LD   R17,Y+
0000e8 9508      	RET
                 ; .FEND
                 ;uint8_t TWI_read_ack(void) { (*(unsigned char *) 0x74)=(1<<7       )|(1<<2       )|(1<<6       ); while(!((*(unsigned char *) 0x74)&(1<<7       ))); return (*(unsigned char *) 0x73); }
                 ; 0000 0038 uint8_t TWI_read_ack(void) { (*(unsigned char *) 0x74)=(1<<7       )|(1<<2       )|(1<<6       ); while(!((*(unsigned char *) 0x74)&(1<<7       ))); return (*(unsigned char *) 0x73); }
                 _TWI_read_ack:
                 ; .FSTART _TWI_read_ack
0000e9 ece4      	LDI  R30,LOW(196)
0000ea 93e0 0074 	STS  116,R30
                 _0xC:
0000ec 91e0 0074 	LDS  R30,116
0000ee 78e0      	ANDI R30,LOW(0x80)
0000ef f3e1      	BREQ _0xC
0000f0 c007      	RJMP _0x2060001
                 ; .FEND
                 ;uint8_t TWI_read_nack(void) { (*(unsigned char *) 0x74)=(1<<7       )|(1<<2       ); while(!((*(unsigned char *) 0x74)&(1<<7       ))); return (*(unsigned char *) 0x73); }
                 ; 0000 0039 uint8_t TWI_read_nack(void) { (*(unsigned char *) 0x74)=(1<<7       )|(1<<2       ); while(!((*(unsigned char *) 0x74)&(1<<7       ))); return (*(unsigned char *) 0x73); }
                 _TWI_read_nack:
                 ; .FSTART _TWI_read_nack
0000f1 e8e4      	LDI  R30,LOW(132)
0000f2 93e0 0074 	STS  116,R30
                 _0xF:
0000f4 91e0 0074 	LDS  R30,116
0000f6 78e0      	ANDI R30,LOW(0x80)
0000f7 f3e1      	BREQ _0xF
                 _0x2060001:
0000f8 91e0 0073 	LDS  R30,115
0000fa 9508      	RET
                 ; .FEND
                 ;void WriteReg(uint8_t r, uint8_t v) {
                 ; 0000 0041 void WriteReg(uint8_t r, uint8_t v) {
                 _WriteReg:
                 ; .FSTART _WriteReg
                 ; 0000 0042 TWI_start(); TWI_write(MAX30102_ADDR_W); TWI_write(r); TWI_write(v); TWI_stop();
0000fb 931a      	ST   -Y,R17
0000fc 930a      	ST   -Y,R16
0000fd 2f1a      	MOV  R17,R26
0000fe 810a      	LDD  R16,Y+2
                 ;	r -> R16
                 ;	v -> R17
0000ff dfd0      	RCALL _TWI_start
000100 eaae      	LDI  R26,LOW(174)
000101 dfda      	RCALL _TWI_write
000102 2fa0      	MOV  R26,R16
000103 dfd8      	RCALL _TWI_write
000104 2fa1      	MOV  R26,R17
000105 dfd6      	RCALL _TWI_write
000106 dfd1      	RCALL _TWI_stop
                 ; 0000 0043 }
000107 8119      	LDD  R17,Y+1
000108 8108      	LDD  R16,Y+0
000109 9623      	ADIW R28,3
00010a 9508      	RET
                 ; .FEND
                 ;void MAX30102_Init_Universal() {
                 ; 0000 0045 void MAX30102_Init_Universal() {
                 _MAX30102_Init_Universal:
                 ; .FSTART _MAX30102_Init_Universal
                 ; 0000 0046 WriteReg(0x09, 0x40); delay_ms(100);
00010b e0e9      	LDI  R30,LOW(9)
00010c 93ea      	ST   -Y,R30
00010d e4a0      	LDI  R26,LOW(64)
00010e dfec      	RCALL _WriteReg
00010f e6a4      	LDI  R26,LOW(100)
000110 e0b0      	LDI  R27,0
000111 d639      	RCALL _delay_ms
                 ; 0000 0047 WriteReg(0x02, 0xC0);
000112 e0e2      	LDI  R30,LOW(2)
000113 93ea      	ST   -Y,R30
000114 eca0      	LDI  R26,LOW(192)
000115 dfe5      	RCALL _WriteReg
                 ; 0000 0048 WriteReg(0x08, 0x70); // Avg 8
000116 e0e8      	LDI  R30,LOW(8)
000117 93ea      	ST   -Y,R30
000118 e7a0      	LDI  R26,LOW(112)
000119 dfe1      	RCALL _WriteReg
                 ; 0000 0049 
                 ; 0000 004A // ADC Range 16384nA (11), 400Hz, 411us
                 ; 0000 004B WriteReg(0x0A, 0x6F);
00011a e0ea      	LDI  R30,LOW(10)
00011b 93ea      	ST   -Y,R30
00011c e6af      	LDI  R26,LOW(111)
00011d dfdd      	RCALL _WriteReg
                 ; 0000 004C 
                 ; 0000 004D // [수정됨] LED Current: 0x7F(25mA) -> 0x5F (약 19mA)로 낮춤
                 ; 0000 004E WriteReg(0x0C, 0x5F);
00011e e0ec      	LDI  R30,LOW(12)
00011f 93ea      	ST   -Y,R30
000120 e5af      	LDI  R26,LOW(95)
000121 dfd9      	RCALL _WriteReg
                 ; 0000 004F WriteReg(0x0D, 0x5F);
000122 e0ed      	LDI  R30,LOW(13)
000123 93ea      	ST   -Y,R30
000124 e5af      	LDI  R26,LOW(95)
000125 dfd5      	RCALL _WriteReg
                 ; 0000 0050 
                 ; 0000 0051 WriteReg(0x09, 0x03); // Mode: SpO2
000126 e0e9      	LDI  R30,LOW(9)
000127 93ea      	ST   -Y,R30
000128 e0a3      	LDI  R26,LOW(3)
000129 dfd1      	RCALL _WriteReg
                 ; 0000 0052 }
00012a 9508      	RET
                 ; .FEND
                 ;void ReadFIFO(uint32_t *r, uint32_t *ir) {
                 ; 0000 0054 void ReadFIFO(uint32_t *r, uint32_t *ir) {
                 _ReadFIFO:
                 ; .FSTART _ReadFIFO
                 ; 0000 0055 uint8_t t[6];
                 ; 0000 0056 unsigned char i;
                 ; 0000 0057 TWI_start(); TWI_write(MAX30102_ADDR_W); TWI_write(0x07);
00012b 9726      	SBIW R28,6
00012c d429      	RCALL __SAVELOCR6
00012d 019d      	MOVW R18,R26
                +
00012e 854c     +LDD R20 , Y + 12
00012f 855d     +LDD R21 , Y + 12 + 1
                 	__GETWRS 20,21,12
                 ;	*r -> R20,R21
                 ;	*ir -> R18,R19
                 ;	t -> Y+6
                 ;	i -> R17
000130 df9f      	RCALL _TWI_start
000131 eaae      	LDI  R26,LOW(174)
000132 dfa9      	RCALL _TWI_write
000133 e0a7      	LDI  R26,LOW(7)
000134 dfa7      	RCALL _TWI_write
                 ; 0000 0058 TWI_start(); TWI_write(MAX30102_ADDR_R);
000135 df9a      	RCALL _TWI_start
000136 eaaf      	LDI  R26,LOW(175)
000137 dfa4      	RCALL _TWI_write
                 ; 0000 0059 for(i=0; i<5; i++) t[i]=TWI_read_ack();
000138 e010      	LDI  R17,LOW(0)
                 _0x13:
000139 3015      	CPI  R17,5
00013a f470      	BRSH _0x14
00013b 2fe1      	MOV  R30,R17
00013c e0f0      	LDI  R31,0
00013d 01de      	MOVW R26,R28
00013e 9616      	ADIW R26,6
00013f 0fea      	ADD  R30,R26
000140 1ffb      	ADC  R31,R27
000141 93ff      	PUSH R31
000142 93ef      	PUSH R30
000143 dfa5      	RCALL _TWI_read_ack
000144 91af      	POP  R26
000145 91bf      	POP  R27
000146 93ec      	ST   X,R30
000147 5f1f      	SUBI R17,-1
000148 cff0      	RJMP _0x13
                 _0x14:
                 ; 0000 005A t[5]=TWI_read_nack();
000149 dfa7      	RCALL _TWI_read_nack
00014a 87eb      	STD  Y+11,R30
                 ; 0000 005B TWI_stop();
00014b df8c      	RCALL _TWI_stop
                 ; 0000 005C *r = ((uint32_t)t[0]<<16 | (uint32_t)t[1]<<8 | t[2]) & 0x3FFFF;
00014c 81ee      	LDD  R30,Y+6
00014d d34c      	RCALL SUBOPT_0x1
00014e d351      	RCALL SUBOPT_0x2
00014f 937f      	PUSH R23
000150 936f      	PUSH R22
000151 93ff      	PUSH R31
000152 93ef      	PUSH R30
000153 81ef      	LDD  R30,Y+7
000154 d345      	RCALL SUBOPT_0x1
000155 d34f      	RCALL SUBOPT_0x3
000156 91af      	POP  R26
000157 91bf      	POP  R27
000158 918f      	POP  R24
000159 919f      	POP  R25
00015a d34f      	RCALL SUBOPT_0x4
00015b 01df      	MOVW R26,R30
00015c 01cb      	MOVW R24,R22
00015d 85e8      	LDD  R30,Y+8
00015e d350      	RCALL SUBOPT_0x5
00015f 01da      	MOVW R26,R20
000160 d357      	RCALL SUBOPT_0x6
                 ; 0000 005D *ir= ((uint32_t)t[3]<<16 | (uint32_t)t[4]<<8 | t[5]) & 0x3FFFF;
000161 85e9      	LDD  R30,Y+9
000162 d337      	RCALL SUBOPT_0x1
000163 d33c      	RCALL SUBOPT_0x2
000164 937f      	PUSH R23
000165 936f      	PUSH R22
000166 93ff      	PUSH R31
000167 93ef      	PUSH R30
000168 85ea      	LDD  R30,Y+10
000169 d330      	RCALL SUBOPT_0x1
00016a d33a      	RCALL SUBOPT_0x3
00016b 91af      	POP  R26
00016c 91bf      	POP  R27
00016d 918f      	POP  R24
00016e 919f      	POP  R25
00016f d33a      	RCALL SUBOPT_0x4
000170 01df      	MOVW R26,R30
000171 01cb      	MOVW R24,R22
000172 85eb      	LDD  R30,Y+11
000173 d33b      	RCALL SUBOPT_0x5
000174 01d9      	MOVW R26,R18
000175 d342      	RCALL SUBOPT_0x6
                 ; 0000 005E }
000176 d3e6      	RCALL __LOADLOCR6
000177 962e      	ADIW R28,14
000178 9508      	RET
                 ; .FEND
                 ;float LPF_Process(LPF_t *f, float val) {
                 ; 0000 0068 float LPF_Process(LPF_t *f, float val) {
                 _LPF_Process:
                 ; .FSTART _LPF_Process
                 ; 0000 0069 if(f->init == 0) { f->last_val = val; f->init = 1; }
000179 d46f      	RCALL __PUTPARD2
00017a 931a      	ST   -Y,R17
00017b 930a      	ST   -Y,R16
                +
00017c 810e     +LDD R16 , Y + 6
00017d 811f     +LDD R17 , Y + 6 + 1
                 	__GETWRS 16,17,6
                 ;	*f -> R16,R17
                 ;	val -> Y+2
00017e 01f8      	MOVW R30,R16
00017f 81e4      	LDD  R30,Z+4
000180 30e0      	CPI  R30,0
000181 f441      	BRNE _0x15
000182 d33a      	RCALL SUBOPT_0x7
000183 01d8      	MOVW R26,R16
000184 d333      	RCALL SUBOPT_0x6
000185 01d8      	MOVW R26,R16
000186 9614      	ADIW R26,4
000187 e0e1      	LDI  R30,LOW(1)
000188 93ec      	ST   X,R30
                 ; 0000 006A else {
000189 c018      	RJMP _0x16
                 _0x15:
                 ; 0000 006B f->last_val = 0.6 * f->last_val + 0.4 * val;
00018a 01d8      	MOVW R26,R16
00018b d309      	RCALL SUBOPT_0x0
                +
00018c e9aa     +LDI R26 , LOW ( 0x3F19999A )
00018d e9b9     +LDI R27 , HIGH ( 0x3F19999A )
00018e e189     +LDI R24 , BYTE3 ( 0x3F19999A )
00018f e39f     +LDI R25 , BYTE4 ( 0x3F19999A )
                 	__GETD2N 0x3F19999A
000190 d54c      	RCALL __MULF12
000191 937f      	PUSH R23
000192 936f      	PUSH R22
000193 93ff      	PUSH R31
000194 93ef      	PUSH R30
000195 d327      	RCALL SUBOPT_0x7
                +
000196 ecad     +LDI R26 , LOW ( 0x3ECCCCCD )
000197 ecbc     +LDI R27 , HIGH ( 0x3ECCCCCD )
000198 ec8c     +LDI R24 , BYTE3 ( 0x3ECCCCCD )
000199 e39e     +LDI R25 , BYTE4 ( 0x3ECCCCCD )
                 	__GETD2N 0x3ECCCCCD
00019a d542      	RCALL __MULF12
00019b 91af      	POP  R26
00019c 91bf      	POP  R27
00019d 918f      	POP  R24
00019e 919f      	POP  R25
00019f d4ee      	RCALL __ADDF12
0001a0 01d8      	MOVW R26,R16
0001a1 d316      	RCALL SUBOPT_0x6
                 ; 0000 006C }
                 _0x16:
                 ; 0000 006D return f->last_val;
0001a2 01d8      	MOVW R26,R16
0001a3 d2f1      	RCALL SUBOPT_0x0
0001a4 8119      	LDD  R17,Y+1
0001a5 8108      	LDD  R16,Y+0
0001a6 9628      	ADIW R28,8
0001a7 9508      	RET
                 ; 0000 006E }
                 ; .FEND
                 ;void main(void) {
                 ; 0000 007A void main(void) {
                 _main:
                 ; .FSTART _main
                 ; 0000 007B uint32_t raw_red, raw_ir;
                 ; 0000 007C float f_red, dc_remover, ac_signal;
                 ; 0000 007D unsigned int raw_upper, raw_lower;
                 ; 0000 007E 
                 ; 0000 007F long last_beat_time = 0;
                 ; 0000 0080 long interval = 0;
                 ; 0000 0081 int bpm_instant = 0;
                 ; 0000 0082 int bpm_avg = 0;
                 ; 0000 0083 
                 ; 0000 0084 unsigned char beat_detected = 0;
                 ; 0000 0085 
                 ; 0000 0086 float running_valley = INITIAL_VALLEY_GUESS;
                 ; 0000 0087 float dynamic_threshold = 0;
                 ; 0000 0088 
                 ; 0000 0089 int bpm_buffer[BPM_BUFFER_SIZE];
                 ; 0000 008A unsigned char bpm_idx = 0;
                 ; 0000 008B long bpm_sum = 0;
                 ; 0000 008C unsigned char i;
                 ; 0000 008D unsigned char cnt;
                 ; 0000 008E 
                 ; 0000 008F UART0_init();
0001a8 97e6      	SBIW R28,54
0001a9 e280      	LDI  R24,32
                +
0001aa e062     +LDI R22 , LOW ( 2 )
0001ab e070     +LDI R23 , HIGH ( 2 )
                 	__GETWRN 22,23,2
0001ac e8ec      	LDI  R30,LOW(_0x17*2)
0001ad e0f0      	LDI  R31,HIGH(_0x17*2)
0001ae d3b5      	RCALL __INITLOCB
                 ;	raw_red -> Y+50
                 ;	raw_ir -> Y+46
                 ;	f_red -> Y+42
                 ;	dc_remover -> Y+38
                 ;	ac_signal -> Y+34
                 ;	raw_upper -> R16,R17
                 ;	raw_lower -> R18,R19
                 ;	last_beat_time -> Y+30
                 ;	interval -> Y+26
                 ;	bpm_instant -> R20,R21
                 ;	bpm_avg -> Y+24
                 ;	beat_detected -> Y+23
                 ;	running_valley -> Y+19
                 ;	dynamic_threshold -> Y+15
                 ;	bpm_buffer -> Y+7
                 ;	bpm_idx -> Y+6
                 ;	bpm_sum -> Y+2
                 ;	i -> Y+1
                 ;	cnt -> Y+0
                +
0001af e040     +LDI R20 , LOW ( 0 )
0001b0 e050     +LDI R21 , HIGH ( 0 )
                 	__GETWRN 20,21,0
0001b1 df0c      	RCALL _UART0_init
                 ; 0000 0090 TWI_init();
0001b2 df16      	RCALL _TWI_init
                 ; 0000 0091 Timer0_Init();
0001b3 df00      	RCALL _Timer0_Init
                 ; 0000 0092 
                 ; 0000 0093 #asm("sei")
0001b4 9478      	SEI
                 ; 0000 0094 
                 ; 0000 0095 delay_ms(1000);
0001b5 eea8      	LDI  R26,LOW(1000)
0001b6 e0b3      	LDI  R27,HIGH(1000)
0001b7 d593      	RCALL _delay_ms
                 ; 0000 0096 MAX30102_Init_Universal();
0001b8 df52      	RCALL _MAX30102_Init_Universal
                 ; 0000 0097 
                 ; 0000 0098 lpf.init = 0;
0001b9 d308      	RCALL SUBOPT_0x8
                 ; 0000 0099 dc_remover = 0;
                 ; 0000 009A for(i=0; i<BPM_BUFFER_SIZE; i++) bpm_buffer[i] = 0;
0001ba 83e9      	STD  Y+1,R30
                 _0x19:
0001bb 81a9      	LDD  R26,Y+1
0001bc 30a4      	CPI  R26,LOW(0x4)
0001bd f430      	BRSH _0x1A
0001be d30b      	RCALL SUBOPT_0x9
0001bf d313      	RCALL SUBOPT_0xA
0001c0 81e9      	LDD  R30,Y+1
0001c1 5fef      	SUBI R30,-LOW(1)
0001c2 83e9      	STD  Y+1,R30
0001c3 cff7      	RJMP _0x19
                 _0x1A:
                 ; 0000 009C while (1) {
                 _0x1B:
                 ; 0000 009D ReadFIFO(&raw_red, &raw_ir);
0001c4 01fe      	MOVW R30,R28
0001c5 96f2      	ADIW R30,50
0001c6 93fa      	ST   -Y,R31
0001c7 93ea      	ST   -Y,R30
0001c8 01de      	MOVW R26,R28
0001c9 96d0      	ADIW R26,48
0001ca df60      	RCALL _ReadFIFO
                 ; 0000 009E 
                 ; 0000 009F raw_upper = (unsigned int)(raw_red / 10000);
0001cb d30c      	RCALL SUBOPT_0xB
0001cc d3ce      	RCALL __DIVD21U
0001cd 018f      	MOVW R16,R30
                 ; 0000 00A0 raw_lower = (unsigned int)(raw_red % 10000);
0001ce d309      	RCALL SUBOPT_0xB
0001cf d3fe      	RCALL __MODD21U
0001d0 019f      	MOVW R18,R30
                 ; 0000 00A1 
                 ; 0000 00A2 // 1. 손가락 감지
                 ; 0000 00A3 if (raw_red < FINGER_TH) {
                +
0001d1 a9aa     +LDD R26 , Y + 50
0001d2 a9bb     +LDD R27 , Y + 50 + 1
0001d3 a98c     +LDD R24 , Y + 50 + 2
0001d4 a99d     +LDD R25 , Y + 50 + 3
                 	__GETD2S 50
                +
0001d5 31a0     +CPI R26 , LOW ( 0x2710 )
0001d6 e2e7     +LDI R30 , HIGH ( 0x2710 )
0001d7 07be     +CPC R27 , R30
0001d8 e0e0     +LDI R30 , BYTE3 ( 0x2710 )
0001d9 078e     +CPC R24 , R30
0001da e0e0     +LDI R30 , BYTE4 ( 0x2710 )
0001db 079e     +CPC R25 , R30
                 	__CPD2N 0x2710
0001dc f4c8      	BRSH _0x1E
                 ; 0000 00A4 lpf.init = 0; dc_remover = 0; bpm_avg = 0;
0001dd d2e4      	RCALL SUBOPT_0x8
0001de 8fe8      	STD  Y+24,R30
0001df 8fe9      	STD  Y+24+1,R30
                 ; 0000 00A5 running_valley = INITIAL_VALLEY_GUESS;
                +
0001e0 e0e0     +LDI R30 , LOW ( 0xC2480000 )
0001e1 e0f0     +LDI R31 , HIGH ( 0xC2480000 )
0001e2 e468     +LDI R22 , BYTE3 ( 0xC2480000 )
0001e3 ec72     +LDI R23 , BYTE4 ( 0xC2480000 )
                 	__GETD1N 0xC2480000
                +
0001e4 8beb     +STD Y + 19 , R30
0001e5 8bfc     +STD Y + 19 + 1 , R31
0001e6 8b6d     +STD Y + 19 + 2 , R22
0001e7 8b7e     +STD Y + 19 + 3 , R23
                 	__PUTD1S 19
                 ; 0000 00A6 
                 ; 0000 00A7 delay_ms(10);
0001e8 e0aa      	LDI  R26,LOW(10)
0001e9 e0b0      	LDI  R27,0
0001ea d560      	RCALL _delay_ms
                 ; 0000 00A8 printf("%u%04u,0,0,0,0\r\n", raw_upper, raw_lower, bpm_avg);
                +
0001eb eaec     +LDI R30 , LOW ( 2 * _0x0 + ( 0 ) )
0001ec e0f0     +LDI R31 , HIGH ( 2 * _0x0 + ( 0 ) )
                 	__POINTW1FN _0x0,0
0001ed d2f3      	RCALL SUBOPT_0xC
0001ee a1ea      	LDD  R30,Y+34
0001ef a1fb      	LDD  R31,Y+34+1
0001f0 d2fb      	RCALL SUBOPT_0xD
0001f1 d3f2      	RCALL __PUTPARD1
0001f2 e08c      	LDI  R24,12
0001f3 d261      	RCALL _printf
0001f4 962e      	ADIW R28,14
                 ; 0000 00A9 continue;
0001f5 cfce      	RJMP _0x1B
                 ; 0000 00AA }
                 ; 0000 00AB 
                 ; 0000 00AC // 2. 신호 처리
                 ; 0000 00AD f_red = (float)raw_red;
                 _0x1E:
                +
0001f6 a9ea     +LDD R30 , Y + 50
0001f7 a9fb     +LDD R31 , Y + 50 + 1
0001f8 a96c     +LDD R22 , Y + 50 + 2
0001f9 a97d     +LDD R23 , Y + 50 + 3
                 	__GETD1S 50
0001fa d457      	RCALL __CDF1U
0001fb d2f5      	RCALL SUBOPT_0xE
                 ; 0000 00AE f_red = LPF_Process(&lpf, f_red);
0001fc e0e4      	LDI  R30,LOW(_lpf)
0001fd e0f5      	LDI  R31,HIGH(_lpf)
0001fe 93fa      	ST   -Y,R31
0001ff 93ea      	ST   -Y,R30
                +
000200 a5ac     +LDD R26 , Y + 44
000201 a5bd     +LDD R27 , Y + 44 + 1
000202 a58e     +LDD R24 , Y + 44 + 2
000203 a59f     +LDD R25 , Y + 44 + 3
                 	__GETD2S 44
000204 df74      	RCALL _LPF_Process
000205 d2eb      	RCALL SUBOPT_0xE
                 ; 0000 00AF 
                 ; 0000 00B0 if (dc_remover == 0) dc_remover = f_red;
000206 d2ef      	RCALL SUBOPT_0xF
                +
000207 9730     +SBIW R30 , 0
000208 4060     +SBCI R22 , 0
000209 4070     +SBCI R23 , 0
                 	__CPD10
00020a f411      	BRNE _0x1F
00020b d2ef      	RCALL SUBOPT_0x10
00020c d2f3      	RCALL SUBOPT_0x11
                 ; 0000 00B1 dc_remover = 0.95 * dc_remover + 0.05 * f_red;
                 _0x1F:
00020d d2e8      	RCALL SUBOPT_0xF
                +
00020e e3a3     +LDI R26 , LOW ( 0x3F733333 )
00020f e3b3     +LDI R27 , HIGH ( 0x3F733333 )
000210 e783     +LDI R24 , BYTE3 ( 0x3F733333 )
000211 e39f     +LDI R25 , BYTE4 ( 0x3F733333 )
                 	__GETD2N 0x3F733333
000212 d4ca      	RCALL __MULF12
000213 937f      	PUSH R23
000214 936f      	PUSH R22
000215 93ff      	PUSH R31
000216 93ef      	PUSH R30
000217 d2e3      	RCALL SUBOPT_0x10
                +
000218 ecad     +LDI R26 , LOW ( 0x3D4CCCCD )
000219 ecbc     +LDI R27 , HIGH ( 0x3D4CCCCD )
00021a e48c     +LDI R24 , BYTE3 ( 0x3D4CCCCD )
00021b e39d     +LDI R25 , BYTE4 ( 0x3D4CCCCD )
                 	__GETD2N 0x3D4CCCCD
00021c d4c0      	RCALL __MULF12
00021d 91af      	POP  R26
00021e 91bf      	POP  R27
00021f 918f      	POP  R24
000220 919f      	POP  R25
000221 d46c      	RCALL __ADDF12
000222 d2dd      	RCALL SUBOPT_0x11
                 ; 0000 00B2 ac_signal = f_red - dc_remover;
                +
000223 a1ae     +LDD R26 , Y + 38
000224 a1bf     +LDD R27 , Y + 38 + 1
000225 a588     +LDD R24 , Y + 38 + 2
000226 a599     +LDD R25 , Y + 38 + 3
                 	__GETD2S 38
000227 d2d3      	RCALL SUBOPT_0x10
000228 d45e      	RCALL __SUBF12
                +
000229 a3ea     +STD Y + 34 , R30
00022a a3fb     +STD Y + 34 + 1 , R31
00022b a36c     +STD Y + 34 + 2 , R22
00022c a37d     +STD Y + 34 + 3 , R23
                 	__PUTD1S 34
                 ; 0000 00B3 
                 ; 0000 00B4 // 3. 동적 임계값 계산
                 ; 0000 00B5 if (ac_signal < running_valley) {
                +
00022d 89eb     +LDD R30 , Y + 19
00022e 89fc     +LDD R31 , Y + 19 + 1
00022f 896d     +LDD R22 , Y + 19 + 2
000230 897e     +LDD R23 , Y + 19 + 3
                 	__GETD1S 19
000231 d2d3      	RCALL SUBOPT_0x12
000232 f428      	BRSH _0x20
                 ; 0000 00B6 running_valley = ac_signal;
                +
000233 a1ea     +LDD R30 , Y + 34
000234 a1fb     +LDD R31 , Y + 34 + 1
000235 a16c     +LDD R22 , Y + 34 + 2
000236 a17d     +LDD R23 , Y + 34 + 3
                 	__GETD1S 34
000237 c00b      	RJMP _0x31
                 ; 0000 00B7 } else {
                 _0x20:
                 ; 0000 00B8 running_valley = running_valley * 0.99 + 0.01 * INITIAL_VALLEY_GUESS;
000238 d2d2      	RCALL SUBOPT_0x13
                +
000239 eae4     +LDI R30 , LOW ( 0x3F7D70A4 )
00023a e7f0     +LDI R31 , HIGH ( 0x3F7D70A4 )
00023b e76d     +LDI R22 , BYTE3 ( 0x3F7D70A4 )
00023c e37f     +LDI R23 , BYTE4 ( 0x3F7D70A4 )
                 	__GETD1N 0x3F7D70A4
00023d d49f      	RCALL __MULF12
                +
00023e e0a0     +LDI R26 , LOW ( 0xBF000000 )
00023f e0b0     +LDI R27 , HIGH ( 0xBF000000 )
000240 e080     +LDI R24 , BYTE3 ( 0xBF000000 )
000241 eb9f     +LDI R25 , BYTE4 ( 0xBF000000 )
                 	__GETD2N 0xBF000000
000242 d44b      	RCALL __ADDF12
                 _0x31:
                +
000243 8beb     +STD Y + 19 , R30
000244 8bfc     +STD Y + 19 + 1 , R31
000245 8b6d     +STD Y + 19 + 2 , R22
000246 8b7e     +STD Y + 19 + 3 , R23
                 	__PUTD1S 19
                 ; 0000 00B9 }
                 ; 0000 00BA dynamic_threshold = running_valley * 0.6;
000247 d2c3      	RCALL SUBOPT_0x13
                +
000248 e9ea     +LDI R30 , LOW ( 0x3F19999A )
000249 e9f9     +LDI R31 , HIGH ( 0x3F19999A )
00024a e169     +LDI R22 , BYTE3 ( 0x3F19999A )
00024b e37f     +LDI R23 , BYTE4 ( 0x3F19999A )
                 	__GETD1N 0x3F19999A
00024c d490      	RCALL __MULF12
                +
00024d 87ef     +STD Y + 15 , R30
00024e 8bf8     +STD Y + 15 + 1 , R31
00024f 8b69     +STD Y + 15 + 2 , R22
000250 8b7a     +STD Y + 15 + 3 , R23
                 	__PUTD1S 15
                 ; 0000 00BB 
                 ; 0000 00BC // 4. BPM 감지
                 ; 0000 00BD if (ac_signal < dynamic_threshold) {
000251 d2b3      	RCALL SUBOPT_0x12
000252 f008      	BRLO PC+2
000253 c083      	RJMP _0x22
                 ; 0000 00BE if (beat_detected == 0) {
000254 89ef      	LDD  R30,Y+23
000255 30e0      	CPI  R30,0
000256 f009      	BREQ PC+2
000257 c07e      	RJMP _0x23
                 ; 0000 00BF beat_detected = 1;
000258 e0e1      	LDI  R30,LOW(1)
000259 8bef      	STD  Y+23,R30
                 ; 0000 00C0 
                 ; 0000 00C1 if ((millis() - last_beat_time) > MIN_BEAT_INTERVAL) {
00025a de48      	RCALL _millis
00025b 01df      	MOVW R26,R30
00025c 01cb      	MOVW R24,R22
                +
00025d 8dee     +LDD R30 , Y + 30
00025e 8dff     +LDD R31 , Y + 30 + 1
00025f a168     +LDD R22 , Y + 30 + 2
000260 a179     +LDD R23 , Y + 30 + 3
                 	__GETD1S 30
                +
000261 1bae     +SUB R26 , R30
000262 0bbf     +SBC R27 , R31
000263 0b86     +SBC R24 , R22
000264 0b97     +SBC R25 , R23
                 	__SUBD21
                +
000265 39a1     +CPI R26 , LOW ( 0x191 )
000266 e0e1     +LDI R30 , HIGH ( 0x191 )
000267 07be     +CPC R27 , R30
000268 e0e0     +LDI R30 , BYTE3 ( 0x191 )
000269 078e     +CPC R24 , R30
00026a e0e0     +LDI R30 , BYTE4 ( 0x191 )
00026b 079e     +CPC R25 , R30
                 	__CPD2N 0x191
00026c f408      	BRSH PC+2
00026d c068      	RJMP _0x24
                 ; 0000 00C2 interval = millis() - last_beat_time;
00026e de34      	RCALL _millis
                +
00026f 8dae     +LDD R26 , Y + 30
000270 8dbf     +LDD R27 , Y + 30 + 1
000271 a188     +LDD R24 , Y + 30 + 2
000272 a199     +LDD R25 , Y + 30 + 3
                 	__GETD2S 30
                +
000273 1bea     +SUB R30 , R26
000274 0bfb     +SBC R31 , R27
000275 0b68     +SBC R22 , R24
000276 0b79     +SBC R23 , R25
                 	__SUBD12
                +
000277 8fea     +STD Y + 26 , R30
000278 8ffb     +STD Y + 26 + 1 , R31
000279 8f6c     +STD Y + 26 + 2 , R22
00027a 8f7d     +STD Y + 26 + 3 , R23
                 	__PUTD1S 26
                 ; 0000 00C3 last_beat_time = millis();
00027b de27      	RCALL _millis
                +
00027c 8fee     +STD Y + 30 , R30
00027d 8fff     +STD Y + 30 + 1 , R31
00027e a368     +STD Y + 30 + 2 , R22
00027f a379     +STD Y + 30 + 3 , R23
                 	__PUTD1S 30
                 ; 0000 00C4 
                 ; 0000 00C5 if (interval != 0) {
000280 d28f      	RCALL SUBOPT_0x14
                +
000281 9730     +SBIW R30 , 0
000282 4060     +SBCI R22 , 0
000283 4070     +SBCI R23 , 0
                 	__CPD10
000284 f409      	BRNE PC+2
000285 c050      	RJMP _0x25
                 ; 0000 00C6 bpm_instant = 60000 / interval;
000286 d289      	RCALL SUBOPT_0x14
                +
000287 e6a0     +LDI R26 , LOW ( 0xEA60 )
000288 eeba     +LDI R27 , HIGH ( 0xEA60 )
000289 e080     +LDI R24 , BYTE3 ( 0xEA60 )
00028a e090     +LDI R25 , BYTE4 ( 0xEA60 )
                 	__GETD2N 0xEA60
00028b d333      	RCALL __DIVD21
00028c 01af      	MOVW R20,R30
                 ; 0000 00C7 
                 ; 0000 00C8 if (bpm_instant > 40 && bpm_instant < 220) {
                +
00028d 3249     +CPI R20 , LOW ( 41 )
00028e e0e0     +LDI R30 , HIGH ( 41 )
00028f 075e     +CPC R21 , R30
                 	__CPWRN 20,21,41
000290 f024      	BRLT _0x27
                +
000291 3d4c     +CPI R20 , LOW ( 220 )
000292 e0e0     +LDI R30 , HIGH ( 220 )
000293 075e     +CPC R21 , R30
                 	__CPWRN 20,21,220
000294 f00c      	BRLT _0x28
                 _0x27:
000295 c040      	RJMP _0x26
                 _0x28:
                 ; 0000 00C9 // BPM 평균화
                 ; 0000 00CA bpm_buffer[bpm_idx] = bpm_instant;
000296 81ee      	LDD  R30,Y+6
000297 e0f0      	LDI  R31,0
000298 01de      	MOVW R26,R28
000299 9617      	ADIW R26,7
00029a 0fee      	LSL  R30
00029b 1fff      	ROL  R31
00029c 0fea      	ADD  R30,R26
00029d 1ffb      	ADC  R31,R27
00029e 8340      	ST   Z,R20
00029f 8351      	STD  Z+1,R21
                 ; 0000 00CB bpm_idx = (bpm_idx + 1) % BPM_BUFFER_SIZE;
0002a0 81ee      	LDD  R30,Y+6
0002a1 e0f0      	LDI  R31,0
0002a2 9631      	ADIW R30,1
0002a3 e0a3      	LDI  R26,LOW(3)
0002a4 e0b0      	LDI  R27,HIGH(3)
0002a5 d31e      	RCALL __MANDW12
0002a6 83ee      	STD  Y+6,R30
                 ; 0000 00CC 
                 ; 0000 00CD bpm_sum = 0;
0002a7 e0e0      	LDI  R30,LOW(0)
                +
0002a8 83ea     +STD Y + 2 , R30
0002a9 83eb     +STD Y + 2 + 1 , R30
0002aa 83ec     +STD Y + 2 + 2 , R30
0002ab 83ed     +STD Y + 2 + 3 , R30
                 	__CLRD1S 2
                 ; 0000 00CE cnt = 0;
0002ac 83e8      	ST   Y,R30
                 ; 0000 00CF for(i=0; i<BPM_BUFFER_SIZE; i++) {
0002ad 83e9      	STD  Y+1,R30
                 _0x2A:
0002ae 81a9      	LDD  R26,Y+1
0002af 30a4      	CPI  R26,LOW(0x4)
0002b0 f4c8      	BRSH _0x2B
                 ; 0000 00D0 if(bpm_buffer[i] != 0) {
0002b1 d218      	RCALL SUBOPT_0x9
                +
0002b2 91ed     +LD R30 , X +
0002b3 91fc     +LD R31 , X
0002b4 9711     +SBIW R26 , 1
                 	__GETW1P
0002b5 9730      	SBIW R30,0
0002b6 f079      	BREQ _0x2C
                 ; 0000 00D1 bpm_sum += bpm_buffer[i];
0002b7 d212      	RCALL SUBOPT_0x9
0002b8 91ed      	LD   R30,X+
0002b9 91fd      	LD   R31,X+
0002ba d25a      	RCALL SUBOPT_0x15
                +
0002bb 0fea     +ADD R30 , R26
0002bc 1ffb     +ADC R31 , R27
0002bd 1f68     +ADC R22 , R24
0002be 1f79     +ADC R23 , R25
                 	__ADDD12
                +
0002bf 83ea     +STD Y + 2 , R30
0002c0 83fb     +STD Y + 2 + 1 , R31
0002c1 836c     +STD Y + 2 + 2 , R22
0002c2 837d     +STD Y + 2 + 3 , R23
                 	__PUTD1S 2
                 ; 0000 00D2 cnt++;
0002c3 81e8      	LD   R30,Y
0002c4 5fef      	SUBI R30,-LOW(1)
0002c5 83e8      	ST   Y,R30
                 ; 0000 00D3 }
                 ; 0000 00D4 }
                 _0x2C:
0002c6 81e9      	LDD  R30,Y+1
0002c7 5fef      	SUBI R30,-LOW(1)
0002c8 83e9      	STD  Y+1,R30
0002c9 cfe4      	RJMP _0x2A
                 _0x2B:
                 ; 0000 00D5 if(cnt > 0) bpm_avg = bpm_sum / cnt;
0002ca 81a8      	LD   R26,Y
0002cb 30a1      	CPI  R26,LOW(0x1)
0002cc f038      	BRLO _0x2D
0002cd 81e8      	LD   R30,Y
0002ce e0f0      	LDI  R31,0
0002cf d245      	RCALL SUBOPT_0x15
0002d0 d2ee      	RCALL __DIVD21
0002d1 8fe8      	STD  Y+24,R30
0002d2 8ff9      	STD  Y+24+1,R31
                 ; 0000 00D6 else bpm_avg = bpm_instant;
0002d3 c002      	RJMP _0x2E
                 _0x2D:
                +
0002d4 8f48     +STD Y + 24 , R20
0002d5 8f59     +STD Y + 24 + 1 , R21
                 	__PUTWSR 20,21,24
                 ; 0000 00D7 }
                 _0x2E:
                 ; 0000 00D8 }
                 _0x26:
                 ; 0000 00D9 }
                 _0x25:
                 ; 0000 00DA }
                 _0x24:
                 ; 0000 00DB }
                 _0x23:
                 ; 0000 00DC else {
0002d6 c002      	RJMP _0x2F
                 _0x22:
                 ; 0000 00DD beat_detected = 0;
0002d7 e0e0      	LDI  R30,LOW(0)
0002d8 8bef      	STD  Y+23,R30
                 ; 0000 00DE }
                 _0x2F:
                 ; 0000 00DF 
                 ; 0000 00E0 // 5. 데이터 전송 (5개 필드)
                 ; 0000 00E1 printf("%u%04u,%d,%d,0,%d\r\n", raw_upper, raw_lower, (int)ac_signal, (int)dynamic_threshold, bpm_avg);
                +
0002d9 ebed     +LDI R30 , LOW ( 2 * _0x0 + ( 17 ) )
0002da e0f0     +LDI R31 , HIGH ( 2 * _0x0 + ( 17 ) )
                 	__POINTW1FN _0x0,17
0002db d205      	RCALL SUBOPT_0xC
                +
0002dc a5ec     +LDD R30 , Y + 44
0002dd a5fd     +LDD R31 , Y + 44 + 1
0002de a56e     +LDD R22 , Y + 44 + 2
0002df a57f     +LDD R23 , Y + 44 + 3
                 	__GETD1S 44
0002e0 d33c      	RCALL __CFD1
0002e1 d20a      	RCALL SUBOPT_0xD
0002e2 d301      	RCALL __PUTPARD1
                +
0002e3 8ded     +LDD R30 , Y + 29
0002e4 8dfe     +LDD R31 , Y + 29 + 1
0002e5 8d6f     +LDD R22 , Y + 29 + 2
0002e6 a178     +LDD R23 , Y + 29 + 3
                 	__GETD1S 29
0002e7 d335      	RCALL __CFD1
0002e8 d203      	RCALL SUBOPT_0xD
0002e9 d2fa      	RCALL __PUTPARD1
0002ea a5ea      	LDD  R30,Y+42
0002eb a5fb      	LDD  R31,Y+42+1
0002ec d1ff      	RCALL SUBOPT_0xD
0002ed d2f6      	RCALL __PUTPARD1
0002ee e184      	LDI  R24,20
0002ef d165      	RCALL _printf
0002f0 9666      	ADIW R28,22
                 ; 0000 00E2 
                 ; 0000 00E3 delay_ms(10);
0002f1 e0aa      	LDI  R26,LOW(10)
0002f2 e0b0      	LDI  R27,0
0002f3 d457      	RCALL _delay_ms
                 ; 0000 00E4 }
0002f4 cecf      	RJMP _0x1B
                 ; 0000 00E5 }
                 _0x30:
0002f5 cfff      	RJMP _0x30
                 ; .FEND
                 	#ifndef __SLEEP_DEFINED__
                 	#endif
                 
                 	.CSEG
                 _putchar:
                 ; .FSTART _putchar
0002f6 93aa      	ST   -Y,R26
                 putchar0:
0002f7 9b5d           sbis usr,udre
0002f8 cffe           rjmp putchar0
0002f9 81e8           ld   r30,y
0002fa b9ec           out  udr,r30
0002fb 9621      	ADIW R28,1
0002fc 9508      	RET
                 ; .FEND
                 _put_usart_G100:
                 ; .FSTART _put_usart_G100
0002fd d25a      	RCALL __SAVELOCR4
0002fe 018d      	MOVW R16,R26
0002ff 813c      	LDD  R19,Y+4
000300 2fa3      	MOV  R26,R19
000301 dff4      	RCALL _putchar
000302 01d8      	MOVW R26,R16
000303 91ed      	LD   R30,X+
000304 91fd      	LD   R31,X+
000305 9631      	ADIW R30,1
000306 93fe      	ST   -X,R31
000307 93ee      	ST   -X,R30
000308 d256      	RCALL __LOADLOCR4
000309 9625      	ADIW R28,5
00030a 9508      	RET
                 ; .FEND
                 __print_G100:
                 ; .FSTART __print_G100
00030b 93ba      	ST   -Y,R27
00030c 93aa      	ST   -Y,R26
00030d 972b      	SBIW R28,11
00030e d247      	RCALL __SAVELOCR6
00030f e010      	LDI  R17,0
000310 89a9      	LDD  R26,Y+17
000311 89ba      	LDD  R27,Y+17+1
000312 d1c0      	RCALL SUBOPT_0xA
                 _0x2000016:
000313 89ef      	LDD  R30,Y+23
000314 8df8      	LDD  R31,Y+23+1
000315 9631      	ADIW R30,1
000316 8bef      	STD  Y+23,R30
000317 8ff8      	STD  Y+23+1,R31
000318 9731      	SBIW R30,1
000319 91e4      	LPM  R30,Z
00031a 2f2e      	MOV  R18,R30
00031b 30e0      	CPI  R30,0
00031c f409      	BRNE PC+2
00031d c130      	RJMP _0x2000018
00031e 2fe1      	MOV  R30,R17
00031f 30e0      	CPI  R30,0
000320 f431      	BRNE _0x200001C
000321 3225      	CPI  R18,37
000322 f411      	BRNE _0x200001D
000323 e011      	LDI  R17,LOW(1)
000324 c001      	RJMP _0x200001E
                 _0x200001D:
000325 d1f4      	RCALL SUBOPT_0x16
                 _0x200001E:
000326 c126      	RJMP _0x200001B
                 _0x200001C:
000327 30e1      	CPI  R30,LOW(0x1)
000328 f4a1      	BRNE _0x200001F
000329 3225      	CPI  R18,37
00032a f411      	BRNE _0x2000020
00032b d1ee      	RCALL SUBOPT_0x16
00032c c11f      	RJMP _0x20000D2
                 _0x2000020:
00032d e012      	LDI  R17,LOW(2)
00032e e040      	LDI  R20,LOW(0)
00032f e000      	LDI  R16,LOW(0)
000330 322d      	CPI  R18,45
000331 f411      	BRNE _0x2000021
000332 e001      	LDI  R16,LOW(1)
000333 c119      	RJMP _0x200001B
                 _0x2000021:
000334 322b      	CPI  R18,43
000335 f411      	BRNE _0x2000022
000336 e24b      	LDI  R20,LOW(43)
000337 c115      	RJMP _0x200001B
                 _0x2000022:
000338 3220      	CPI  R18,32
000339 f411      	BRNE _0x2000023
00033a e240      	LDI  R20,LOW(32)
00033b c111      	RJMP _0x200001B
                 _0x2000023:
00033c c002      	RJMP _0x2000024
                 _0x200001F:
00033d 30e2      	CPI  R30,LOW(0x2)
00033e f439      	BRNE _0x2000025
                 _0x2000024:
00033f e050      	LDI  R21,LOW(0)
000340 e013      	LDI  R17,LOW(3)
000341 3320      	CPI  R18,48
000342 f411      	BRNE _0x2000026
000343 6800      	ORI  R16,LOW(128)
000344 c108      	RJMP _0x200001B
                 _0x2000026:
000345 c002      	RJMP _0x2000027
                 _0x2000025:
000346 30e3      	CPI  R30,LOW(0x3)
000347 f491      	BRNE _0x2000028
                 _0x2000027:
000348 3320      	CPI  R18,48
000349 f010      	BRLO _0x200002A
00034a 332a      	CPI  R18,58
00034b f008      	BRLO _0x200002B
                 _0x200002A:
00034c c007      	RJMP _0x2000029
                 _0x200002B:
00034d e0aa      	LDI  R26,LOW(10)
00034e 9f5a      	MUL  R21,R26
00034f 2d50      	MOV  R21,R0
000350 2fe2      	MOV  R30,R18
000351 53e0      	SUBI R30,LOW(48)
000352 0f5e      	ADD  R21,R30
000353 c0f9      	RJMP _0x200001B
                 _0x2000029:
000354 362c      	CPI  R18,108
000355 f419      	BRNE _0x200002C
000356 6002      	ORI  R16,LOW(2)
000357 e015      	LDI  R17,LOW(5)
000358 c0f4      	RJMP _0x200001B
                 _0x200002C:
000359 c003      	RJMP _0x200002D
                 _0x2000028:
00035a 30e5      	CPI  R30,LOW(0x5)
00035b f009      	BREQ PC+2
00035c c0f0      	RJMP _0x200001B
                 _0x200002D:
00035d 2fe2      	MOV  R30,R18
00035e 36e3      	CPI  R30,LOW(0x63)
00035f f439      	BRNE _0x2000032
000360 d1c0      	RCALL SUBOPT_0x17
000361 89ed      	LDD  R30,Y+21
000362 89fe      	LDD  R31,Y+21+1
000363 81a4      	LDD  R26,Z+4
000364 93aa      	ST   -Y,R26
000365 d1c1      	RCALL SUBOPT_0x18
000366 c0e5      	RJMP _0x2000033
                 _0x2000032:
000367 37e3      	CPI  R30,LOW(0x73)
000368 f429      	BRNE _0x2000035
000369 d1b7      	RCALL SUBOPT_0x17
00036a d1c2      	RCALL SUBOPT_0x19
00036b d110      	RCALL _strlen
00036c 2f1e      	MOV  R17,R30
00036d c007      	RJMP _0x2000036
                 _0x2000035:
00036e 37e0      	CPI  R30,LOW(0x70)
00036f f451      	BRNE _0x2000038
000370 d1b0      	RCALL SUBOPT_0x17
000371 d1bb      	RCALL SUBOPT_0x19
000372 d115      	RCALL _strlenf
000373 2f1e      	MOV  R17,R30
000374 6008      	ORI  R16,LOW(8)
                 _0x2000036:
000375 770f      	ANDI R16,LOW(127)
000376 e0e0      	LDI  R30,LOW(0)
000377 8be8      	STD  Y+16,R30
000378 e030      	LDI  R19,LOW(0)
000379 c059      	RJMP _0x2000039
                 _0x2000038:
00037a 36e4      	CPI  R30,LOW(0x64)
00037b f011      	BREQ _0x200003C
00037c 36e9      	CPI  R30,LOW(0x69)
00037d f411      	BRNE _0x200003D
                 _0x200003C:
00037e 6004      	ORI  R16,LOW(4)
00037f c002      	RJMP _0x200003E
                 _0x200003D:
000380 37e5      	CPI  R30,LOW(0x75)
000381 f491      	BRNE _0x200003F
                 _0x200003E:
000382 e0ea      	LDI  R30,LOW(10)
000383 8be8      	STD  Y+16,R30
000384 ff01      	SBRS R16,1
000385 c007      	RJMP _0x2000040
                +
000386 e0e0     +LDI R30 , LOW ( 0x3B9ACA00 )
000387 ecfa     +LDI R31 , HIGH ( 0x3B9ACA00 )
000388 e96a     +LDI R22 , BYTE3 ( 0x3B9ACA00 )
000389 e37b     +LDI R23 , BYTE4 ( 0x3B9ACA00 )
                 	__GETD1N 0x3B9ACA00
00038a d1ac      	RCALL SUBOPT_0x1A
00038b e01a      	LDI  R17,LOW(10)
00038c c01f      	RJMP _0x2000041
                 _0x2000040:
                +
00038d e1e0     +LDI R30 , LOW ( 0x2710 )
00038e e2f7     +LDI R31 , HIGH ( 0x2710 )
00038f e060     +LDI R22 , BYTE3 ( 0x2710 )
000390 e070     +LDI R23 , BYTE4 ( 0x2710 )
                 	__GETD1N 0x2710
000391 d1a5      	RCALL SUBOPT_0x1A
000392 e015      	LDI  R17,LOW(5)
000393 c018      	RJMP _0x2000041
                 _0x200003F:
000394 35e8      	CPI  R30,LOW(0x58)
000395 f411      	BRNE _0x2000043
000396 6008      	ORI  R16,LOW(8)
000397 c003      	RJMP _0x2000044
                 _0x2000043:
000398 37e8      	CPI  R30,LOW(0x78)
000399 f009      	BREQ PC+2
00039a c0b1      	RJMP _0x2000077
                 _0x2000044:
00039b e1e0      	LDI  R30,LOW(16)
00039c 8be8      	STD  Y+16,R30
00039d ff01      	SBRS R16,1
00039e c007      	RJMP _0x2000046
                +
00039f e0e0     +LDI R30 , LOW ( 0x10000000 )
0003a0 e0f0     +LDI R31 , HIGH ( 0x10000000 )
0003a1 e060     +LDI R22 , BYTE3 ( 0x10000000 )
0003a2 e170     +LDI R23 , BYTE4 ( 0x10000000 )
                 	__GETD1N 0x10000000
0003a3 d193      	RCALL SUBOPT_0x1A
0003a4 e018      	LDI  R17,LOW(8)
0003a5 c006      	RJMP _0x2000041
                 _0x2000046:
                +
0003a6 e0e0     +LDI R30 , LOW ( 0x1000 )
0003a7 e1f0     +LDI R31 , HIGH ( 0x1000 )
0003a8 e060     +LDI R22 , BYTE3 ( 0x1000 )
0003a9 e070     +LDI R23 , BYTE4 ( 0x1000 )
                 	__GETD1N 0x1000
0003aa d18c      	RCALL SUBOPT_0x1A
0003ab e014      	LDI  R17,LOW(4)
                 _0x2000041:
0003ac ff01      	SBRS R16,1
0003ad c006      	RJMP _0x2000047
0003ae d172      	RCALL SUBOPT_0x17
0003af 89ad      	LDD  R26,Y+21
0003b0 89be      	LDD  R27,Y+21+1
0003b1 9614      	ADIW R26,4
0003b2 d22b      	RCALL __GETD1P
0003b3 c00a      	RJMP _0x20000D3
                 _0x2000047:
0003b4 ff02      	SBRS R16,2
0003b5 c004      	RJMP _0x2000049
0003b6 d16a      	RCALL SUBOPT_0x17
0003b7 d184      	RCALL SUBOPT_0x1B
0003b8 d133      	RCALL SUBOPT_0xD
0003b9 c004      	RJMP _0x20000D3
                 _0x2000049:
0003ba d166      	RCALL SUBOPT_0x17
0003bb d180      	RCALL SUBOPT_0x1B
0003bc 2766      	CLR  R22
0003bd 2777      	CLR  R23
                 _0x20000D3:
                +
0003be 87ec     +STD Y + 12 , R30
0003bf 87fd     +STD Y + 12 + 1 , R31
0003c0 876e     +STD Y + 12 + 2 , R22
0003c1 877f     +STD Y + 12 + 3 , R23
                 	__PUTD1S 12
0003c2 ff02      	SBRS R16,2
0003c3 c00f      	RJMP _0x200004B
0003c4 85af      	LDD  R26,Y+15
0003c5 23aa      	TST  R26
0003c6 f43a      	BRPL _0x200004C
                +
0003c7 85ec     +LDD R30 , Y + 12
0003c8 85fd     +LDD R31 , Y + 12 + 1
0003c9 856e     +LDD R22 , Y + 12 + 2
0003ca 857f     +LDD R23 , Y + 12 + 3
                 	__GETD1S 12
0003cb d1a8      	RCALL __ANEGD1
0003cc d176      	RCALL SUBOPT_0x1C
0003cd e24d      	LDI  R20,LOW(45)
                 _0x200004C:
0003ce 3040      	CPI  R20,0
0003cf f011      	BREQ _0x200004D
0003d0 5f1f      	SUBI R17,-LOW(1)
0003d1 c001      	RJMP _0x200004E
                 _0x200004D:
0003d2 7f0b      	ANDI R16,LOW(251)
                 _0x200004E:
                 _0x200004B:
                 _0x2000039:
0003d3 fd00      	SBRC R16,0
0003d4 c010      	RJMP _0x200004F
                 _0x2000050:
0003d5 1715      	CP   R17,R21
0003d6 f470      	BRSH _0x2000052
0003d7 ff07      	SBRS R16,7
0003d8 c008      	RJMP _0x2000053
0003d9 ff02      	SBRS R16,2
0003da c004      	RJMP _0x2000054
0003db 7f0b      	ANDI R16,LOW(251)
0003dc 2f24      	MOV  R18,R20
0003dd 5011      	SUBI R17,LOW(1)
0003de c001      	RJMP _0x2000055
                 _0x2000054:
0003df e320      	LDI  R18,LOW(48)
                 _0x2000055:
0003e0 c001      	RJMP _0x2000056
                 _0x2000053:
0003e1 e220      	LDI  R18,LOW(32)
                 _0x2000056:
0003e2 d137      	RCALL SUBOPT_0x16
0003e3 5051      	SUBI R21,LOW(1)
0003e4 cff0      	RJMP _0x2000050
                 _0x2000052:
                 _0x200004F:
0003e5 2f31      	MOV  R19,R17
0003e6 89e8      	LDD  R30,Y+16
0003e7 30e0      	CPI  R30,0
0003e8 f4b1      	BRNE _0x2000057
                 _0x2000058:
0003e9 3030      	CPI  R19,0
0003ea f099      	BREQ _0x200005A
0003eb ff03      	SBRS R16,3
0003ec c006      	RJMP _0x200005B
0003ed 81ee      	LDD  R30,Y+6
0003ee 81ff      	LDD  R31,Y+6+1
0003ef 9125      	LPM  R18,Z+
0003f0 83ee      	STD  Y+6,R30
0003f1 83ff      	STD  Y+6+1,R31
0003f2 c005      	RJMP _0x200005C
                 _0x200005B:
0003f3 81ae      	LDD  R26,Y+6
0003f4 81bf      	LDD  R27,Y+6+1
0003f5 912d      	LD   R18,X+
0003f6 83ae      	STD  Y+6,R26
0003f7 83bf      	STD  Y+6+1,R27
                 _0x200005C:
0003f8 d121      	RCALL SUBOPT_0x16
0003f9 3050      	CPI  R21,0
0003fa f009      	BREQ _0x200005D
0003fb 5051      	SUBI R21,LOW(1)
                 _0x200005D:
0003fc 5031      	SUBI R19,LOW(1)
0003fd cfeb      	RJMP _0x2000058
                 _0x200005A:
0003fe c044      	RJMP _0x200005E
                 _0x2000057:
                 _0x2000060:
0003ff d148      	RCALL SUBOPT_0x1D
000400 d19a      	RCALL __DIVD21U
000401 2f2e      	MOV  R18,R30
000402 302a      	CPI  R18,10
000403 f030      	BRLO _0x2000062
000404 ff03      	SBRS R16,3
000405 c002      	RJMP _0x2000063
000406 5c29      	SUBI R18,-LOW(55)
000407 c001      	RJMP _0x2000064
                 _0x2000063:
000408 5a29      	SUBI R18,-LOW(87)
                 _0x2000064:
000409 c001      	RJMP _0x2000065
                 _0x2000062:
00040a 5d20      	SUBI R18,-LOW(48)
                 _0x2000065:
00040b fd04      	SBRC R16,4
00040c c01e      	RJMP _0x2000067
00040d 3321      	CPI  R18,49
00040e f448      	BRSH _0x2000069
00040f d141      	RCALL SUBOPT_0x1E
                +
000410 30a1     +CPI R26 , LOW ( 0x1 )
000411 e0e0     +LDI R30 , HIGH ( 0x1 )
000412 07be     +CPC R27 , R30
000413 e0e0     +LDI R30 , BYTE3 ( 0x1 )
000414 078e     +CPC R24 , R30
000415 e0e0     +LDI R30 , BYTE4 ( 0x1 )
000416 079e     +CPC R25 , R30
                 	__CPD2N 0x1
000417 f409      	BRNE _0x2000068
                 _0x2000069:
000418 c009      	RJMP _0x200006B
                 _0x2000068:
000419 1753      	CP   R21,R19
00041a f010      	BRLO _0x200006D
00041b ff00      	SBRS R16,0
00041c c001      	RJMP _0x200006E
                 _0x200006D:
00041d c011      	RJMP _0x200006C
                 _0x200006E:
00041e e220      	LDI  R18,LOW(32)
00041f ff07      	SBRS R16,7
000420 c00a      	RJMP _0x200006F
000421 e320      	LDI  R18,LOW(48)
                 _0x200006B:
000422 6100      	ORI  R16,LOW(16)
000423 ff02      	SBRS R16,2
000424 c006      	RJMP _0x2000070
000425 7f0b      	ANDI R16,LOW(251)
000426 934a      	ST   -Y,R20
000427 d0ff      	RCALL SUBOPT_0x18
000428 3050      	CPI  R21,0
000429 f009      	BREQ _0x2000071
00042a 5051      	SUBI R21,LOW(1)
                 _0x2000071:
                 _0x2000070:
                 _0x200006F:
                 _0x2000067:
00042b d0ee      	RCALL SUBOPT_0x16
00042c 3050      	CPI  R21,0
00042d f009      	BREQ _0x2000072
00042e 5051      	SUBI R21,LOW(1)
                 _0x2000072:
                 _0x200006C:
00042f 5031      	SUBI R19,LOW(1)
000430 d117      	RCALL SUBOPT_0x1D
000431 d19c      	RCALL __MODD21U
000432 d110      	RCALL SUBOPT_0x1C
000433 89e8      	LDD  R30,Y+16
000434 d11c      	RCALL SUBOPT_0x1E
000435 27ff      	CLR  R31
000436 2766      	CLR  R22
000437 2777      	CLR  R23
000438 d162      	RCALL __DIVD21U
000439 d0fd      	RCALL SUBOPT_0x1A
                +
00043a 85e8     +LDD R30 , Y + 8
00043b 85f9     +LDD R31 , Y + 8 + 1
00043c 856a     +LDD R22 , Y + 8 + 2
00043d 857b     +LDD R23 , Y + 8 + 3
                 	__GETD1S 8
                +
00043e 9730     +SBIW R30 , 0
00043f 4060     +SBCI R22 , 0
000440 4070     +SBCI R23 , 0
                 	__CPD10
000441 f009      	BREQ _0x2000061
000442 cfbc      	RJMP _0x2000060
                 _0x2000061:
                 _0x200005E:
000443 ff00      	SBRS R16,0
000444 c007      	RJMP _0x2000073
                 _0x2000074:
000445 3050      	CPI  R21,0
000446 f029      	BREQ _0x2000076
000447 5051      	SUBI R21,LOW(1)
000448 e2e0      	LDI  R30,LOW(32)
000449 93ea      	ST   -Y,R30
00044a d0dc      	RCALL SUBOPT_0x18
00044b cff9      	RJMP _0x2000074
                 _0x2000076:
                 _0x2000073:
                 _0x2000077:
                 _0x2000033:
                 _0x20000D2:
00044c e010      	LDI  R17,LOW(0)
                 _0x200001B:
00044d cec5      	RJMP _0x2000016
                 _0x2000018:
00044e 89a9      	LDD  R26,Y+17
00044f 89ba      	LDD  R27,Y+17+1
000450 91ed      	LD   R30,X+
000451 91fd      	LD   R31,X+
000452 d10a      	RCALL __LOADLOCR6
000453 9669      	ADIW R28,25
000454 9508      	RET
                 ; .FEND
                 _printf:
                 ; .FSTART _printf
000455 92ff      	PUSH R15
000456 2ef8      	MOV  R15,R24
000457 9726      	SBIW R28,6
000458 931a      	ST   -Y,R17
000459 930a      	ST   -Y,R16
00045a 01de      	MOVW R26,R28
00045b 9614      	ADIW R26,4
                +
00045c 2400     +CLR R0
00045d 0daf     +ADD R26 , R15
00045e 1db0     +ADC R27 , R0
                 	__ADDW2R15
00045f 018d      	MOVW R16,R26
000460 e0e0      	LDI  R30,LOW(0)
000461 83ec      	STD  Y+4,R30
000462 83ed      	STD  Y+4+1,R30
000463 83ee      	STD  Y+6,R30
000464 83ef      	STD  Y+6+1,R30
000465 01de      	MOVW R26,R28
000466 9618      	ADIW R26,8
                +
000467 2400     +CLR R0
000468 0daf     +ADD R26 , R15
000469 1db0     +ADC R27 , R0
                 	__ADDW2R15
00046a 91ed      	LD   R30,X+
00046b 91fd      	LD   R31,X+
00046c 93fa      	ST   -Y,R31
00046d 93ea      	ST   -Y,R30
00046e 931a      	ST   -Y,R17
00046f 930a      	ST   -Y,R16
000470 efed      	LDI  R30,LOW(_put_usart_G100)
000471 e0f2      	LDI  R31,HIGH(_put_usart_G100)
000472 93fa      	ST   -Y,R31
000473 93ea      	ST   -Y,R30
000474 01de      	MOVW R26,R28
000475 9618      	ADIW R26,8
000476 de94      	RCALL __print_G100
000477 8119      	LDD  R17,Y+1
000478 8108      	LDD  R16,Y+0
000479 9628      	ADIW R28,8
00047a 90ff      	POP  R15
00047b 9508      	RET
                 ; .FEND
                 
                 	.CSEG
                 
                 	.CSEG
                 _strlen:
                 ; .FSTART _strlen
00047c 93ba      	ST   -Y,R27
00047d 93aa      	ST   -Y,R26
00047e 91a9          ld   r26,y+
00047f 91b9          ld   r27,y+
000480 27ee          clr  r30
000481 27ff          clr  r31
                 strlen0:
000482 916d          ld   r22,x+
000483 2366          tst  r22
000484 f011          breq strlen1
000485 9631          adiw r30,1
000486 cffb          rjmp strlen0
                 strlen1:
000487 9508          ret
                 ; .FEND
                 _strlenf:
                 ; .FSTART _strlenf
000488 93ba      	ST   -Y,R27
000489 93aa      	ST   -Y,R26
00048a 27aa          clr  r26
00048b 27bb          clr  r27
00048c 91e9          ld   r30,y+
00048d 91f9          ld   r31,y+
                 strlenf0:
00048e 9005      	lpm  r0,z+
00048f 2000          tst  r0
000490 f011          breq strlenf1
000491 9611          adiw r26,1
000492 cffb          rjmp strlenf0
                 strlenf1:
000493 01fd          movw r30,r26
000494 9508          ret
                 ; .FEND
                 
                 	.DSEG
                 _millis_counter:
000500           	.BYTE 0x4
                 _lpf:
000504           	.BYTE 0x5
                 
                 	.CSEG
                 ;OPTIMIZER ADDED SUBROUTINE, CALLED 3 TIMES, CODE SIZE REDUCTION:4 WORDS
                 SUBOPT_0x0:
                +
000495 91ed     +LD R30 , X +
000496 91fd     +LD R31 , X +
000497 916d     +LD R22 , X +
000498 917d     +LD R23 , X +
                 	__GETD1P_INC
000499 9508      	RET
                 
                 ;OPTIMIZER ADDED SUBROUTINE, CALLED 4 TIMES, CODE SIZE REDUCTION:10 WORDS
                 SUBOPT_0x1:
00049a e0f0      	LDI  R31,0
                +
00049b 2f6f     +MOV R22 , R31
00049c 0f66     +ADD R22 , R22
00049d 0b66     +SBC R22 , R22
00049e 2f76     +MOV R23 , R22
                 	__CWD1
00049f 9508      	RET
                 
                 ;OPTIMIZER ADDED SUBROUTINE, CALLED 2 TIMES, CODE SIZE REDUCTION:1 WORDS
                 SUBOPT_0x2:
                +
0004a0 2f6e     +MOV R22 , R30
0004a1 2f7f     +MOV R23 , R31
0004a2 e0e0     +LDI R30 , 0
0004a3 e0f0     +LDI R31 , 0
                 	__LSLD16
0004a4 9508      	RET
                 
                 ;OPTIMIZER ADDED SUBROUTINE, CALLED 2 TIMES, CODE SIZE REDUCTION:1 WORDS
                 SUBOPT_0x3:
0004a5 01df      	MOVW R26,R30
0004a6 01cb      	MOVW R24,R22
0004a7 e0e8      	LDI  R30,LOW(8)
0004a8 d0db      	RCALL __LSLD12
0004a9 9508      	RET
                 
                 ;OPTIMIZER ADDED SUBROUTINE, CALLED 4 TIMES, CODE SIZE REDUCTION:7 WORDS
                 SUBOPT_0x4:
                +
0004aa 2bea     +OR R30 , R26
0004ab 2bfb     +OR R31 , R27
0004ac 2b68     +OR R22 , R24
0004ad 2b79     +OR R23 , R25
                 	__ORD12
0004ae 9508      	RET
                 
                 ;OPTIMIZER ADDED SUBROUTINE, CALLED 2 TIMES, CODE SIZE REDUCTION:5 WORDS
                 SUBOPT_0x5:
0004af 27ff      	CLR  R31
0004b0 2766      	CLR  R22
0004b1 2777      	CLR  R23
0004b2 dff7      	RCALL SUBOPT_0x4
                +
0004b3 7fef     +ANDI R30 , LOW ( 0x3FFFF )
0004b4 7fff     +ANDI R31 , HIGH ( 0x3FFFF )
0004b5 7063     +ANDI R22 , BYTE3 ( 0x3FFFF )
0004b6 7070     +ANDI R23 , BYTE4 ( 0x3FFFF )
                 	__ANDD1N 0x3FFFF
0004b7 9508      	RET
                 
                 ;OPTIMIZER ADDED SUBROUTINE, CALLED 4 TIMES, CODE SIZE REDUCTION:7 WORDS
                 SUBOPT_0x6:
                +
0004b8 93ed     +ST X + , R30
0004b9 93fd     +ST X + , R31
0004ba 936d     +ST X + , R22
0004bb 937c     +ST X , R23
                 	__PUTDP1
0004bc 9508      	RET
                 
                 ;OPTIMIZER ADDED SUBROUTINE, CALLED 2 TIMES, CODE SIZE REDUCTION:1 WORDS
                 SUBOPT_0x7:
                +
0004bd 81ea     +LDD R30 , Y + 2
0004be 81fb     +LDD R31 , Y + 2 + 1
0004bf 816c     +LDD R22 , Y + 2 + 2
0004c0 817d     +LDD R23 , Y + 2 + 3
                 	__GETD1S 2
0004c1 9508      	RET
                 
                 ;OPTIMIZER ADDED SUBROUTINE, CALLED 2 TIMES, CODE SIZE REDUCTION:6 WORDS
                 SUBOPT_0x8:
0004c2 e0e0      	LDI  R30,LOW(0)
                +
0004c3 93e0 0508+STS _lpf + ( 4 ) , R30
                 	__PUTB1MN _lpf,4
                +
0004c5 a3ee     +STD Y + 38 , R30
0004c6 a3ef     +STD Y + 38 + 1 , R30
0004c7 a7e8     +STD Y + 38 + 2 , R30
0004c8 a7e9     +STD Y + 38 + 3 , R30
                 	__CLRD1S 38
0004c9 9508      	RET
                 
                 ;OPTIMIZER ADDED SUBROUTINE, CALLED 3 TIMES, CODE SIZE REDUCTION:12 WORDS
                 SUBOPT_0x9:
0004ca 81e9      	LDD  R30,Y+1
0004cb e0f0      	LDI  R31,0
0004cc 01de      	MOVW R26,R28
0004cd 9617      	ADIW R26,7
0004ce 0fee      	LSL  R30
0004cf 1fff      	ROL  R31
0004d0 0fae      	ADD  R26,R30
0004d1 1fbf      	ADC  R27,R31
0004d2 9508      	RET
                 
                 ;OPTIMIZER ADDED SUBROUTINE, CALLED 2 TIMES, CODE SIZE REDUCTION:1 WORDS
                 SUBOPT_0xA:
0004d3 e0e0      	LDI  R30,LOW(0)
0004d4 e0f0      	LDI  R31,HIGH(0)
0004d5 93ed      	ST   X+,R30
0004d6 93fc      	ST   X,R31
0004d7 9508      	RET
                 
                 ;OPTIMIZER ADDED SUBROUTINE, CALLED 2 TIMES, CODE SIZE REDUCTION:5 WORDS
                 SUBOPT_0xB:
                +
0004d8 a9aa     +LDD R26 , Y + 50
0004d9 a9bb     +LDD R27 , Y + 50 + 1
0004da a98c     +LDD R24 , Y + 50 + 2
0004db a99d     +LDD R25 , Y + 50 + 3
                 	__GETD2S 50
                +
0004dc e1e0     +LDI R30 , LOW ( 0x2710 )
0004dd e2f7     +LDI R31 , HIGH ( 0x2710 )
0004de e060     +LDI R22 , BYTE3 ( 0x2710 )
0004df e070     +LDI R23 , BYTE4 ( 0x2710 )
                 	__GETD1N 0x2710
0004e0 9508      	RET
                 
                 ;OPTIMIZER ADDED SUBROUTINE, CALLED 2 TIMES, CODE SIZE REDUCTION:7 WORDS
                 SUBOPT_0xC:
0004e1 93fa      	ST   -Y,R31
0004e2 93ea      	ST   -Y,R30
0004e3 01f8      	MOVW R30,R16
0004e4 2766      	CLR  R22
0004e5 2777      	CLR  R23
0004e6 d0fd      	RCALL __PUTPARD1
0004e7 01f9      	MOVW R30,R18
0004e8 2766      	CLR  R22
0004e9 2777      	CLR  R23
0004ea d0f9      	RCALL __PUTPARD1
0004eb 9508      	RET
                 
                 ;OPTIMIZER ADDED SUBROUTINE, CALLED 7 TIMES, CODE SIZE REDUCTION:16 WORDS
                 SUBOPT_0xD:
                +
0004ec 2f6f     +MOV R22 , R31
0004ed 0f66     +ADD R22 , R22
0004ee 0b66     +SBC R22 , R22
0004ef 2f76     +MOV R23 , R22
                 	__CWD1
0004f0 9508      	RET
                 
                 ;OPTIMIZER ADDED SUBROUTINE, CALLED 2 TIMES, CODE SIZE REDUCTION:1 WORDS
                 SUBOPT_0xE:
                +
0004f1 a7ea     +STD Y + 42 , R30
0004f2 a7fb     +STD Y + 42 + 1 , R31
0004f3 a76c     +STD Y + 42 + 2 , R22
0004f4 a77d     +STD Y + 42 + 3 , R23
                 	__PUTD1S 42
0004f5 9508      	RET
                 
                 ;OPTIMIZER ADDED SUBROUTINE, CALLED 2 TIMES, CODE SIZE REDUCTION:1 WORDS
                 SUBOPT_0xF:
                +
0004f6 a1ee     +LDD R30 , Y + 38
0004f7 a1ff     +LDD R31 , Y + 38 + 1
0004f8 a568     +LDD R22 , Y + 38 + 2
0004f9 a579     +LDD R23 , Y + 38 + 3
                 	__GETD1S 38
0004fa 9508      	RET
                 
                 ;OPTIMIZER ADDED SUBROUTINE, CALLED 3 TIMES, CODE SIZE REDUCTION:4 WORDS
                 SUBOPT_0x10:
                +
0004fb a5ea     +LDD R30 , Y + 42
0004fc a5fb     +LDD R31 , Y + 42 + 1
0004fd a56c     +LDD R22 , Y + 42 + 2
0004fe a57d     +LDD R23 , Y + 42 + 3
                 	__GETD1S 42
0004ff 9508      	RET
                 
                 ;OPTIMIZER ADDED SUBROUTINE, CALLED 2 TIMES, CODE SIZE REDUCTION:1 WORDS
                 SUBOPT_0x11:
                +
000500 a3ee     +STD Y + 38 , R30
000501 a3ff     +STD Y + 38 + 1 , R31
000502 a768     +STD Y + 38 + 2 , R22
000503 a779     +STD Y + 38 + 3 , R23
                 	__PUTD1S 38
000504 9508      	RET
                 
                 ;OPTIMIZER ADDED SUBROUTINE, CALLED 2 TIMES, CODE SIZE REDUCTION:2 WORDS
                 SUBOPT_0x12:
                +
000505 a1aa     +LDD R26 , Y + 34
000506 a1bb     +LDD R27 , Y + 34 + 1
000507 a18c     +LDD R24 , Y + 34 + 2
000508 a19d     +LDD R25 , Y + 34 + 3
                 	__GETD2S 34
000509 d221      	RCALL __CMPF12
00050a 9508      	RET
                 
                 ;OPTIMIZER ADDED SUBROUTINE, CALLED 2 TIMES, CODE SIZE REDUCTION:1 WORDS
                 SUBOPT_0x13:
                +
00050b 89ab     +LDD R26 , Y + 19
00050c 89bc     +LDD R27 , Y + 19 + 1
00050d 898d     +LDD R24 , Y + 19 + 2
00050e 899e     +LDD R25 , Y + 19 + 3
                 	__GETD2S 19
00050f 9508      	RET
                 
                 ;OPTIMIZER ADDED SUBROUTINE, CALLED 2 TIMES, CODE SIZE REDUCTION:1 WORDS
                 SUBOPT_0x14:
                +
000510 8dea     +LDD R30 , Y + 26
000511 8dfb     +LDD R31 , Y + 26 + 1
000512 8d6c     +LDD R22 , Y + 26 + 2
000513 8d7d     +LDD R23 , Y + 26 + 3
                 	__GETD1S 26
000514 9508      	RET
                 
                 ;OPTIMIZER ADDED SUBROUTINE, CALLED 2 TIMES, CODE SIZE REDUCTION:2 WORDS
                 SUBOPT_0x15:
                +
000515 81aa     +LDD R26 , Y + 2
000516 81bb     +LDD R27 , Y + 2 + 1
000517 818c     +LDD R24 , Y + 2 + 2
000518 819d     +LDD R25 , Y + 2 + 3
                 	__GETD2S 2
000519 cfd2      	RJMP SUBOPT_0xD
                 
                 ;OPTIMIZER ADDED SUBROUTINE, CALLED 5 TIMES, CODE SIZE REDUCTION:18 WORDS
                 SUBOPT_0x16:
00051a 932a      	ST   -Y,R18
00051b 89aa      	LDD  R26,Y+18
00051c 89bb      	LDD  R27,Y+18+1
00051d 89ec      	LDD  R30,Y+20
00051e 89fd      	LDD  R31,Y+20+1
00051f 9509      	ICALL
000520 9508      	RET
                 
                 ;OPTIMIZER ADDED SUBROUTINE, CALLED 6 TIMES, CODE SIZE REDUCTION:18 WORDS
                 SUBOPT_0x17:
000521 89ed      	LDD  R30,Y+21
000522 89fe      	LDD  R31,Y+21+1
000523 9734      	SBIW R30,4
000524 8bed      	STD  Y+21,R30
000525 8bfe      	STD  Y+21+1,R31
000526 9508      	RET
                 
                 ;OPTIMIZER ADDED SUBROUTINE, CALLED 3 TIMES, CODE SIZE REDUCTION:6 WORDS
                 SUBOPT_0x18:
000527 89aa      	LDD  R26,Y+18
000528 89bb      	LDD  R27,Y+18+1
000529 89ec      	LDD  R30,Y+20
00052a 89fd      	LDD  R31,Y+20+1
00052b 9509      	ICALL
00052c 9508      	RET
                 
                 ;OPTIMIZER ADDED SUBROUTINE, CALLED 2 TIMES, CODE SIZE REDUCTION:6 WORDS
                 SUBOPT_0x19:
00052d 89ad      	LDD  R26,Y+21
00052e 89be      	LDD  R27,Y+21+1
00052f 9614      	ADIW R26,4
000530 91ed      	LD   R30,X+
000531 91fd      	LD   R31,X+
000532 83ee      	STD  Y+6,R30
000533 83ff      	STD  Y+6+1,R31
000534 81ae      	LDD  R26,Y+6
000535 81bf      	LDD  R27,Y+6+1
000536 9508      	RET
                 
                 ;OPTIMIZER ADDED SUBROUTINE, CALLED 5 TIMES, CODE SIZE REDUCTION:10 WORDS
                 SUBOPT_0x1A:
                +
000537 87e8     +STD Y + 8 , R30
000538 87f9     +STD Y + 8 + 1 , R31
000539 876a     +STD Y + 8 + 2 , R22
00053a 877b     +STD Y + 8 + 3 , R23
                 	__PUTD1S 8
00053b 9508      	RET
                 
                 ;OPTIMIZER ADDED SUBROUTINE, CALLED 2 TIMES, CODE SIZE REDUCTION:3 WORDS
                 SUBOPT_0x1B:
00053c 89ad      	LDD  R26,Y+21
00053d 89be      	LDD  R27,Y+21+1
00053e 9614      	ADIW R26,4
                +
00053f 91ed     +LD R30 , X +
000540 91fc     +LD R31 , X
000541 9711     +SBIW R26 , 1
                 	__GETW1P
000542 9508      	RET
                 
                 ;OPTIMIZER ADDED SUBROUTINE, CALLED 2 TIMES, CODE SIZE REDUCTION:1 WORDS
                 SUBOPT_0x1C:
                +
000543 87ec     +STD Y + 12 , R30
000544 87fd     +STD Y + 12 + 1 , R31
000545 876e     +STD Y + 12 + 2 , R22
000546 877f     +STD Y + 12 + 3 , R23
                 	__PUTD1S 12
000547 9508      	RET
                 
                 ;OPTIMIZER ADDED SUBROUTINE, CALLED 2 TIMES, CODE SIZE REDUCTION:5 WORDS
                 SUBOPT_0x1D:
                +
000548 85e8     +LDD R30 , Y + 8
000549 85f9     +LDD R31 , Y + 8 + 1
00054a 856a     +LDD R22 , Y + 8 + 2
00054b 857b     +LDD R23 , Y + 8 + 3
                 	__GETD1S 8
                +
00054c 85ac     +LDD R26 , Y + 12
00054d 85bd     +LDD R27 , Y + 12 + 1
00054e 858e     +LDD R24 , Y + 12 + 2
00054f 859f     +LDD R25 , Y + 12 + 3
                 	__GETD2S 12
000550 9508      	RET
                 
                 ;OPTIMIZER ADDED SUBROUTINE, CALLED 2 TIMES, CODE SIZE REDUCTION:1 WORDS
                 SUBOPT_0x1E:
                +
000551 85a8     +LDD R26 , Y + 8
000552 85b9     +LDD R27 , Y + 8 + 1
000553 858a     +LDD R24 , Y + 8 + 2
000554 859b     +LDD R25 , Y + 8 + 3
                 	__GETD2S 8
000555 9508      	RET
                 
                 ;RUNTIME LIBRARY
                 
                 	.CSEG
                 __SAVELOCR6:
000556 935a      	ST   -Y,R21
                 __SAVELOCR5:
000557 934a      	ST   -Y,R20
                 __SAVELOCR4:
000558 933a      	ST   -Y,R19
                 __SAVELOCR3:
000559 932a      	ST   -Y,R18
                 __SAVELOCR2:
00055a 931a      	ST   -Y,R17
00055b 930a      	ST   -Y,R16
00055c 9508      	RET
                 
                 __LOADLOCR6:
00055d 815d      	LDD  R21,Y+5
                 __LOADLOCR5:
00055e 814c      	LDD  R20,Y+4
                 __LOADLOCR4:
00055f 813b      	LDD  R19,Y+3
                 __LOADLOCR3:
000560 812a      	LDD  R18,Y+2
                 __LOADLOCR2:
000561 8119      	LDD  R17,Y+1
000562 8108      	LD   R16,Y
000563 9508      	RET
                 
                 __INITLOCB:
                 __INITLOCW:
000564 93af      	PUSH R26
000565 93bf      	PUSH R27
000566 01db      	MOVW R26,R22
000567 0fac      	ADD  R26,R28
000568 1fbd      	ADC  R27,R29
                 __INITLOC0:
000569 9005      	LPM  R0,Z+
00056a 920d      	ST   X+,R0
00056b 958a      	DEC  R24
00056c f7e1      	BRNE __INITLOC0
00056d 91bf      	POP  R27
00056e 91af      	POP  R26
00056f 9508      	RET
                 
                 __ANEGW1:
000570 95f1      	NEG  R31
000571 95e1      	NEG  R30
000572 40f0      	SBCI R31,0
000573 9508      	RET
                 
                 __ANEGD1:
000574 95f0      	COM  R31
000575 9560      	COM  R22
000576 9570      	COM  R23
000577 95e1      	NEG  R30
000578 4fff      	SBCI R31,-1
000579 4f6f      	SBCI R22,-1
00057a 4f7f      	SBCI R23,-1
00057b 9508      	RET
                 
                 __ANEGD2:
00057c 95b0      	COM  R27
00057d 9580      	COM  R24
00057e 9590      	COM  R25
00057f 95a1      	NEG  R26
000580 4fbf      	SBCI R27,-1
000581 4f8f      	SBCI R24,-1
000582 4f9f      	SBCI R25,-1
000583 9508      	RET
                 
                 __LSLD12:
000584 23ee      	TST  R30
000585 2e0e      	MOV  R0,R30
000586 e0e8      	LDI  R30,8
000587 2e1e      	MOV  R1,R30
000588 01fd      	MOVW R30,R26
000589 01bc      	MOVW R22,R24
00058a f079      	BREQ __LSLD12R
                 __LSLD12S8:
00058b 1401      	CP   R0,R1
00058c f038      	BRLO __LSLD12L
00058d 2f76      	MOV  R23,R22
00058e 2f6f      	MOV  R22,R31
00058f 2ffe      	MOV  R31,R30
000590 e0e0      	LDI  R30,0
000591 1801      	SUB  R0,R1
000592 f7c1      	BRNE __LSLD12S8
000593 9508      	RET
                 __LSLD12L:
000594 0fee      	LSL  R30
000595 1fff      	ROL  R31
000596 1f66      	ROL  R22
000597 1f77      	ROL  R23
000598 940a      	DEC  R0
000599 f7d1      	BRNE __LSLD12L
                 __LSLD12R:
00059a 9508      	RET
                 
                 __DIVD21U:
00059b 933f      	PUSH R19
00059c 934f      	PUSH R20
00059d 935f      	PUSH R21
00059e 2400      	CLR  R0
00059f 2411      	CLR  R1
0005a0 01a0      	MOVW R20,R0
0005a1 e230      	LDI  R19,32
                 __DIVD21U1:
0005a2 0faa      	LSL  R26
0005a3 1fbb      	ROL  R27
0005a4 1f88      	ROL  R24
0005a5 1f99      	ROL  R25
0005a6 1c00      	ROL  R0
0005a7 1c11      	ROL  R1
0005a8 1f44      	ROL  R20
0005a9 1f55      	ROL  R21
0005aa 1a0e      	SUB  R0,R30
0005ab 0a1f      	SBC  R1,R31
0005ac 0b46      	SBC  R20,R22
0005ad 0b57      	SBC  R21,R23
0005ae f428      	BRCC __DIVD21U2
0005af 0e0e      	ADD  R0,R30
0005b0 1e1f      	ADC  R1,R31
0005b1 1f46      	ADC  R20,R22
0005b2 1f57      	ADC  R21,R23
0005b3 c001      	RJMP __DIVD21U3
                 __DIVD21U2:
0005b4 60a1      	SBR  R26,1
                 __DIVD21U3:
0005b5 953a      	DEC  R19
0005b6 f759      	BRNE __DIVD21U1
0005b7 01fd      	MOVW R30,R26
0005b8 01bc      	MOVW R22,R24
0005b9 01d0      	MOVW R26,R0
0005ba 01ca      	MOVW R24,R20
0005bb 915f      	POP  R21
0005bc 914f      	POP  R20
0005bd 913f      	POP  R19
0005be 9508      	RET
                 
                 __DIVD21:
0005bf d012      	RCALL __CHKSIGND
0005c0 dfda      	RCALL __DIVD21U
0005c1 f40e      	BRTC __DIVD211
0005c2 dfb1      	RCALL __ANEGD1
                 __DIVD211:
0005c3 9508      	RET
                 
                 __MANDW12:
0005c4 94e8      	CLT
0005c5 fff7      	SBRS R31,7
0005c6 c002      	RJMP __MANDW121
0005c7 dfa8      	RCALL __ANEGW1
0005c8 9468      	SET
                 __MANDW121:
0005c9 23ea      	AND  R30,R26
0005ca 23fb      	AND  R31,R27
0005cb f40e      	BRTC __MANDW122
0005cc dfa3      	RCALL __ANEGW1
                 __MANDW122:
0005cd 9508      	RET
                 
                 __MODD21U:
0005ce dfcc      	RCALL __DIVD21U
0005cf 01fd      	MOVW R30,R26
0005d0 01bc      	MOVW R22,R24
0005d1 9508      	RET
                 
                 __CHKSIGND:
0005d2 94e8      	CLT
0005d3 ff77      	SBRS R23,7
0005d4 c002      	RJMP __CHKSD1
0005d5 df9e      	RCALL __ANEGD1
0005d6 9468      	SET
                 __CHKSD1:
0005d7 ff97      	SBRS R25,7
0005d8 c004      	RJMP __CHKSD2
0005d9 dfa2      	RCALL __ANEGD2
0005da f800      	BLD  R0,0
0005db 9403      	INC  R0
0005dc fa00      	BST  R0,0
                 __CHKSD2:
0005dd 9508      	RET
                 
                 __GETD1P:
0005de 91ed      	LD   R30,X+
0005df 91fd      	LD   R31,X+
0005e0 916d      	LD   R22,X+
0005e1 917c      	LD   R23,X
0005e2 9713      	SBIW R26,3
0005e3 9508      	RET
                 
                 __PUTPARD1:
0005e4 937a      	ST   -Y,R23
0005e5 936a      	ST   -Y,R22
0005e6 93fa      	ST   -Y,R31
0005e7 93ea      	ST   -Y,R30
0005e8 9508      	RET
                 
                 __PUTPARD2:
0005e9 939a      	ST   -Y,R25
0005ea 938a      	ST   -Y,R24
0005eb 93ba      	ST   -Y,R27
0005ec 93aa      	ST   -Y,R26
0005ed 9508      	RET
                 
                 __ROUND_REPACK:
0005ee 2355      	TST  R21
0005ef f442      	BRPL __REPACK
0005f0 3850      	CPI  R21,0x80
0005f1 f411      	BRNE __ROUND_REPACK0
0005f2 ffe0      	SBRS R30,0
0005f3 c004      	RJMP __REPACK
                 __ROUND_REPACK0:
0005f4 9631      	ADIW R30,1
0005f5 1f69      	ADC  R22,R25
0005f6 1f79      	ADC  R23,R25
0005f7 f06b      	BRVS __REPACK1
                 
                 __REPACK:
0005f8 e850      	LDI  R21,0x80
0005f9 2757      	EOR  R21,R23
0005fa f411      	BRNE __REPACK0
0005fb 935f      	PUSH R21
0005fc c0cf      	RJMP __ZERORES
                 __REPACK0:
0005fd 3f5f      	CPI  R21,0xFF
0005fe f031      	BREQ __REPACK1
0005ff 0f66      	LSL  R22
000600 0c00      	LSL  R0
000601 9557      	ROR  R21
000602 9567      	ROR  R22
000603 2f75      	MOV  R23,R21
000604 9508      	RET
                 __REPACK1:
000605 935f      	PUSH R21
000606 2000      	TST  R0
000607 f00a      	BRMI __REPACK2
000608 c0ce      	RJMP __MAXRES
                 __REPACK2:
000609 c0c7      	RJMP __MINRES
                 
                 __UNPACK:
00060a e850      	LDI  R21,0x80
00060b 2e19      	MOV  R1,R25
00060c 2215      	AND  R1,R21
00060d 0f88      	LSL  R24
00060e 1f99      	ROL  R25
00060f 2795      	EOR  R25,R21
000610 0f55      	LSL  R21
000611 9587      	ROR  R24
                 
                 __UNPACK1:
000612 e850      	LDI  R21,0x80
000613 2e07      	MOV  R0,R23
000614 2205      	AND  R0,R21
000615 0f66      	LSL  R22
000616 1f77      	ROL  R23
000617 2775      	EOR  R23,R21
000618 0f55      	LSL  R21
000619 9567      	ROR  R22
00061a 9508      	RET
                 
                 __CFD1U:
00061b 9468      	SET
00061c c001      	RJMP __CFD1U0
                 __CFD1:
00061d 94e8      	CLT
                 __CFD1U0:
00061e 935f      	PUSH R21
00061f dff2      	RCALL __UNPACK1
000620 3870      	CPI  R23,0x80
000621 f018      	BRLO __CFD10
000622 3f7f      	CPI  R23,0xFF
000623 f408      	BRCC __CFD10
000624 c0a7      	RJMP __ZERORES
                 __CFD10:
000625 e156      	LDI  R21,22
000626 1b57      	SUB  R21,R23
000627 f4aa      	BRPL __CFD11
000628 9551      	NEG  R21
000629 3058      	CPI  R21,8
00062a f40e      	BRTC __CFD19
00062b 3059      	CPI  R21,9
                 __CFD19:
00062c f030      	BRLO __CFD17
00062d efef      	SER  R30
00062e efff      	SER  R31
00062f ef6f      	SER  R22
000630 e77f      	LDI  R23,0x7F
000631 f977      	BLD  R23,7
000632 c01a      	RJMP __CFD15
                 __CFD17:
000633 2777      	CLR  R23
000634 2355      	TST  R21
000635 f0b9      	BREQ __CFD15
                 __CFD18:
000636 0fee      	LSL  R30
000637 1fff      	ROL  R31
000638 1f66      	ROL  R22
000639 1f77      	ROL  R23
00063a 955a      	DEC  R21
00063b f7d1      	BRNE __CFD18
00063c c010      	RJMP __CFD15
                 __CFD11:
00063d 2777      	CLR  R23
                 __CFD12:
00063e 3058      	CPI  R21,8
00063f f028      	BRLO __CFD13
000640 2fef      	MOV  R30,R31
000641 2ff6      	MOV  R31,R22
000642 2f67      	MOV  R22,R23
000643 5058      	SUBI R21,8
000644 cff9      	RJMP __CFD12
                 __CFD13:
000645 2355      	TST  R21
000646 f031      	BREQ __CFD15
                 __CFD14:
000647 9576      	LSR  R23
000648 9567      	ROR  R22
000649 95f7      	ROR  R31
00064a 95e7      	ROR  R30
00064b 955a      	DEC  R21
00064c f7d1      	BRNE __CFD14
                 __CFD15:
00064d 2000      	TST  R0
00064e f40a      	BRPL __CFD16
00064f df24      	RCALL __ANEGD1
                 __CFD16:
000650 915f      	POP  R21
000651 9508      	RET
                 
                 __CDF1U:
000652 9468      	SET
000653 c001      	RJMP __CDF1U0
                 __CDF1:
000654 94e8      	CLT
                 __CDF1U0:
000655 9730      	SBIW R30,0
000656 4060      	SBCI R22,0
000657 4070      	SBCI R23,0
000658 f0b1      	BREQ __CDF10
000659 2400      	CLR  R0
00065a f026      	BRTS __CDF11
00065b 2377      	TST  R23
00065c f412      	BRPL __CDF11
00065d 9400      	COM  R0
00065e df15      	RCALL __ANEGD1
                 __CDF11:
00065f 2e17      	MOV  R1,R23
000660 e17e      	LDI  R23,30
000661 2011      	TST  R1
                 __CDF12:
000662 f032      	BRMI __CDF13
000663 957a      	DEC  R23
000664 0fee      	LSL  R30
000665 1fff      	ROL  R31
000666 1f66      	ROL  R22
000667 1c11      	ROL  R1
000668 cff9      	RJMP __CDF12
                 __CDF13:
000669 2fef      	MOV  R30,R31
00066a 2ff6      	MOV  R31,R22
00066b 2d61      	MOV  R22,R1
00066c 935f      	PUSH R21
00066d df8a      	RCALL __REPACK
00066e 915f      	POP  R21
                 __CDF10:
00066f 9508      	RET
                 
                 __SWAPACC:
000670 934f      	PUSH R20
000671 01af      	MOVW R20,R30
000672 01fd      	MOVW R30,R26
000673 01da      	MOVW R26,R20
000674 01ab      	MOVW R20,R22
000675 01bc      	MOVW R22,R24
000676 01ca      	MOVW R24,R20
000677 2d40      	MOV  R20,R0
000678 2c01      	MOV  R0,R1
000679 2e14      	MOV  R1,R20
00067a 914f      	POP  R20
00067b 9508      	RET
                 
                 __UADD12:
00067c 0fea      	ADD  R30,R26
00067d 1ffb      	ADC  R31,R27
00067e 1f68      	ADC  R22,R24
00067f 9508      	RET
                 
                 __NEGMAN1:
000680 95e0      	COM  R30
000681 95f0      	COM  R31
000682 9560      	COM  R22
000683 5fef      	SUBI R30,-1
000684 4fff      	SBCI R31,-1
000685 4f6f      	SBCI R22,-1
000686 9508      	RET
                 
                 __SUBF12:
000687 935f      	PUSH R21
000688 df81      	RCALL __UNPACK
000689 3890      	CPI  R25,0x80
00068a f171      	BREQ __ADDF129
00068b e850      	LDI  R21,0x80
00068c 2615      	EOR  R1,R21
                 
00068d c004      	RJMP __ADDF120
                 
                 __ADDF12:
00068e 935f      	PUSH R21
00068f df7a      	RCALL __UNPACK
000690 3890      	CPI  R25,0x80
000691 f139      	BREQ __ADDF129
                 
                 __ADDF120:
000692 3870      	CPI  R23,0x80
000693 f121      	BREQ __ADDF128
                 __ADDF121:
000694 2f57      	MOV  R21,R23
000695 1b59      	SUB  R21,R25
000696 f12b      	BRVS __ADDF1211
000697 f412      	BRPL __ADDF122
000698 dfd7      	RCALL __SWAPACC
000699 cffa      	RJMP __ADDF121
                 __ADDF122:
00069a 3158      	CPI  R21,24
00069b f018      	BRLO __ADDF123
00069c 27aa      	CLR  R26
00069d 27bb      	CLR  R27
00069e 2788      	CLR  R24
                 __ADDF123:
00069f 3058      	CPI  R21,8
0006a0 f028      	BRLO __ADDF124
0006a1 2fab      	MOV  R26,R27
0006a2 2fb8      	MOV  R27,R24
0006a3 2788      	CLR  R24
0006a4 5058      	SUBI R21,8
0006a5 cff9      	RJMP __ADDF123
                 __ADDF124:
0006a6 2355      	TST  R21
0006a7 f029      	BREQ __ADDF126
                 __ADDF125:
0006a8 9586      	LSR  R24
0006a9 95b7      	ROR  R27
0006aa 95a7      	ROR  R26
0006ab 955a      	DEC  R21
0006ac f7d9      	BRNE __ADDF125
                 __ADDF126:
0006ad 2d50      	MOV  R21,R0
0006ae 2551      	EOR  R21,R1
0006af f072      	BRMI __ADDF127
0006b0 dfcb      	RCALL __UADD12
0006b1 f438      	BRCC __ADDF129
0006b2 9567      	ROR  R22
0006b3 95f7      	ROR  R31
0006b4 95e7      	ROR  R30
0006b5 9573      	INC  R23
0006b6 f413      	BRVC __ADDF129
0006b7 c01f      	RJMP __MAXRES
                 __ADDF128:
0006b8 dfb7      	RCALL __SWAPACC
                 __ADDF129:
0006b9 df3e      	RCALL __REPACK
0006ba 915f      	POP  R21
0006bb 9508      	RET
                 __ADDF1211:
0006bc f7d8      	BRCC __ADDF128
0006bd cffb      	RJMP __ADDF129
                 __ADDF127:
0006be 1bea      	SUB  R30,R26
0006bf 0bfb      	SBC  R31,R27
0006c0 0b68      	SBC  R22,R24
0006c1 f051      	BREQ __ZERORES
0006c2 f410      	BRCC __ADDF1210
0006c3 9400      	COM  R0
0006c4 dfbb      	RCALL __NEGMAN1
                 __ADDF1210:
0006c5 2366      	TST  R22
0006c6 f392      	BRMI __ADDF129
0006c7 0fee      	LSL  R30
0006c8 1fff      	ROL  R31
0006c9 1f66      	ROL  R22
0006ca 957a      	DEC  R23
0006cb f7cb      	BRVC __ADDF1210
                 
                 __ZERORES:
0006cc 27ee      	CLR  R30
0006cd 27ff      	CLR  R31
0006ce 01bf      	MOVW R22,R30
0006cf 915f      	POP  R21
0006d0 9508      	RET
                 
                 __MINRES:
0006d1 efef      	SER  R30
0006d2 efff      	SER  R31
0006d3 e76f      	LDI  R22,0x7F
0006d4 ef7f      	SER  R23
0006d5 915f      	POP  R21
0006d6 9508      	RET
                 
                 __MAXRES:
0006d7 efef      	SER  R30
0006d8 efff      	SER  R31
0006d9 e76f      	LDI  R22,0x7F
0006da e77f      	LDI  R23,0x7F
0006db 915f      	POP  R21
0006dc 9508      	RET
                 
                 __MULF12:
0006dd 935f      	PUSH R21
0006de df2b      	RCALL __UNPACK
0006df 3870      	CPI  R23,0x80
0006e0 f359      	BREQ __ZERORES
0006e1 3890      	CPI  R25,0x80
0006e2 f349      	BREQ __ZERORES
0006e3 2401      	EOR  R0,R1
0006e4 9408      	SEC
0006e5 1f79      	ADC  R23,R25
0006e6 f423      	BRVC __MULF124
0006e7 f324      	BRLT __ZERORES
                 __MULF125:
0006e8 2000      	TST  R0
0006e9 f33a      	BRMI __MINRES
0006ea cfec      	RJMP __MAXRES
                 __MULF124:
0006eb 920f      	PUSH R0
0006ec 931f      	PUSH R17
0006ed 932f      	PUSH R18
0006ee 933f      	PUSH R19
0006ef 934f      	PUSH R20
0006f0 2711      	CLR  R17
0006f1 2722      	CLR  R18
0006f2 2799      	CLR  R25
0006f3 9f68      	MUL  R22,R24
0006f4 01a0      	MOVW R20,R0
0006f5 9f8f      	MUL  R24,R31
0006f6 2d30      	MOV  R19,R0
0006f7 0d41      	ADD  R20,R1
0006f8 1f59      	ADC  R21,R25
0006f9 9f6b      	MUL  R22,R27
0006fa 0d30      	ADD  R19,R0
0006fb 1d41      	ADC  R20,R1
0006fc 1f59      	ADC  R21,R25
0006fd 9f8e      	MUL  R24,R30
0006fe d027      	RCALL __MULF126
0006ff 9fbf      	MUL  R27,R31
000700 d025      	RCALL __MULF126
000701 9f6a      	MUL  R22,R26
000702 d023      	RCALL __MULF126
000703 9fbe      	MUL  R27,R30
000704 d01d      	RCALL __MULF127
000705 9faf      	MUL  R26,R31
000706 d01b      	RCALL __MULF127
000707 9fae      	MUL  R26,R30
000708 0d11      	ADD  R17,R1
000709 1f29      	ADC  R18,R25
00070a 1f39      	ADC  R19,R25
00070b 1f49      	ADC  R20,R25
00070c 1f59      	ADC  R21,R25
00070d 2fe3      	MOV  R30,R19
00070e 2ff4      	MOV  R31,R20
00070f 2f65      	MOV  R22,R21
000710 2f52      	MOV  R21,R18
000711 914f      	POP  R20
000712 913f      	POP  R19
000713 912f      	POP  R18
000714 911f      	POP  R17
000715 900f      	POP  R0
000716 2366      	TST  R22
000717 f02a      	BRMI __MULF122
000718 0f55      	LSL  R21
000719 1fee      	ROL  R30
00071a 1fff      	ROL  R31
00071b 1f66      	ROL  R22
00071c c002      	RJMP __MULF123
                 __MULF122:
00071d 9573      	INC  R23
00071e f24b      	BRVS __MULF125
                 __MULF123:
00071f dece      	RCALL __ROUND_REPACK
000720 915f      	POP  R21
000721 9508      	RET
                 
                 __MULF127:
000722 0d10      	ADD  R17,R0
000723 1d21      	ADC  R18,R1
000724 1f39      	ADC  R19,R25
000725 c002      	RJMP __MULF128
                 __MULF126:
000726 0d20      	ADD  R18,R0
000727 1d31      	ADC  R19,R1
                 __MULF128:
000728 1f49      	ADC  R20,R25
000729 1f59      	ADC  R21,R25
00072a 9508      	RET
                 
                 __CMPF12:
00072b 2399      	TST  R25
00072c f09a      	BRMI __CMPF120
00072d 2377      	TST  R23
00072e f042      	BRMI __CMPF121
00072f 1797      	CP   R25,R23
000730 f048      	BRLO __CMPF122
000731 f429      	BRNE __CMPF121
000732 17ae      	CP   R26,R30
000733 07bf      	CPC  R27,R31
000734 0786      	CPC  R24,R22
000735 f020      	BRLO __CMPF122
000736 f031      	BREQ __CMPF123
                 __CMPF121:
000737 9498      	CLZ
000738 9488      	CLC
000739 9508      	RET
                 __CMPF122:
00073a 9498      	CLZ
00073b 9408      	SEC
00073c 9508      	RET
                 __CMPF123:
00073d 9418      	SEZ
00073e 9488      	CLC
00073f 9508      	RET
                 __CMPF120:
000740 2377      	TST  R23
000741 f7c2      	BRPL __CMPF122
000742 1797      	CP   R25,R23
000743 f398      	BRLO __CMPF121
000744 f7a9      	BRNE __CMPF122
000745 17ea      	CP   R30,R26
000746 07fb      	CPC  R31,R27
000747 0768      	CPC  R22,R24
000748 f388      	BRLO __CMPF122
000749 f399      	BREQ __CMPF123
00074a cfec      	RJMP __CMPF121
                 
                 _delay_ms:
00074b 9610      	adiw r26,0
00074c f039      	breq __delay_ms1
                 __delay_ms0:
00074d 95a8      	wdr
                +
00074e ea80     +LDI R24 , LOW ( 0xFA0 )
00074f e09f     +LDI R25 , HIGH ( 0xFA0 )
                +__DELAY_USW_LOOP :
000750 9701     +SBIW R24 , 1
000751 f7f1     +BRNE __DELAY_USW_LOOP
                 	__DELAY_USW 0xFA0
000752 9711      	sbiw r26,1
000753 f7c9      	brne __delay_ms0
                 __delay_ms1:
000754 9508      	ret
                 
                 ;END OF CODE MARKER
                 __END_OF_CODE:


RESOURCE USE INFORMATION
------------------------

Notice:
The register and instruction counts are symbol table hit counts,
and hence implicitly used resources are not counted, eg, the
'lpm' instruction without operands implicitly uses r0 and z,
none of which are counted.

x,y,z are separate entities in the symbol table and are
counted separately from r26..r31 here.

.dseg memory usage only counts static data declared with .byte

ATmega128A register use summary:
r0 :  42 r1 :  23 r2 :   0 r3 :   0 r4 :   0 r5 :   0 r6 :   0 r7 :   0 
r8 :   0 r9 :   0 r10:   0 r11:   0 r12:   0 r13:   0 r14:   0 r15:   5 
r16:  50 r17:  42 r18:  39 r19:  22 r20:  40 r21:  86 r22: 125 r23: 105 
r24:  66 r25:  57 r26: 152 r27:  77 r28:  25 r29:   2 r30: 343 r31: 142 
x  :  41 y  : 328 z  :   8 
Registers used: 22 out of 35 (62.9%)

ATmega128A instruction use summary:
.lds  :   0 .lds.l:   0 .sts  :   0 .sts.l:   0 adc   :  29 add   :  17 
adiw  :  29 and   :   4 andi  :  12 asr   :   0 bclr  :   0 bld   :   2 
brbc  :   0 brbs  :   0 brcc  :   5 brcs  :   0 break :   0 breq  :  33 
brge  :   0 brhc  :   0 brhs  :   0 brid  :   0 brie  :   0 brlo  :  16 
brlt  :   3 brmi  :   8 brne  :  38 brpl  :   7 brsh  :   8 brtc  :   3 
brts  :   1 brvc  :   3 brvs  :   3 bset  :   0 bst   :   1 call  :   0 
cbi   :   0 cbr   :   0 clc   :   2 clh   :   0 cli   :   2 cln   :   0 
clr   :  34 cls   :   0 clt   :   4 clv   :   0 clz   :   2 com   :  11 
cp    :   7 cpc   :  15 cpi   :  57 cpse  :   0 dec   :   9 des   :   0 
elpm  :   0 eor   :   6 fmul  :   0 fmuls :   0 fmulsu:   0 icall :   2 
ijmp  :   0 in    :   2 inc   :   3 jmp   :  36 ld    :  41 ldd   : 162 
ldi   : 199 lds   :   9 lpm   :   5 lsl   :  14 lsr   :   2 mov   :  50 
movw  :  52 mul   :  10 muls  :   0 mulsu :   0 neg   :   5 nop   :   0 
or    :   4 ori   :   7 out   :  14 pop   :  37 push  :  37 rcall : 188 
ret   :  81 reti  :   1 rjmp  :  99 rol   :  25 ror   :  12 sbc   :  13 
sbci  :  20 sbi   :   0 sbic  :   0 sbis  :   1 sbiw  :  18 sbr   :   1 
sbrc  :   2 sbrs  :  17 sec   :   2 seh   :   0 sei   :   2 sen   :   0 
ser   :   8 ses   :   0 set   :   4 sev   :   0 sez   :   1 sleep :   0 
spm   :   0 st    :  78 std   :  92 sts   :  12 sub   :   7 subi  :  21 
swap  :   0 tst   :  18 wdr   :   1 
Instructions used: 75 out of 117 (64.1%)

ATmega128A memory use summary [bytes]:
Segment   Begin    End      Code   Data   Used    Size   Use%
---------------------------------------------------------------
[.cseg] 0x000000 0x000eaa   3684     70   3754  131072   2.9%
[.dseg] 0x000100 0x000509      0      9      9    4096   0.2%
[.eseg] 0x000000 0x000000      0      0      0    4096   0.0%

Assembly complete, 0 errors, 1 warnings
