
AVRASM ver. 2.1.30  C:\working_dir\mircoprocessor\max30102\Debug\List\heart_rate.asm Sat Nov 22 17:38:20 2025

                 
                 
                 ;CodeVisionAVR C Compiler V4.05 Evaluation
                 ;(C) Copyright 1998-2025 Pavel Haiduc, HP InfoTech S.R.L.
                 ;http://www.hpinfotech.ro
                 
                 ;Build configuration    : Debug
                 ;Chip type              : ATmega128A
                 ;Program type           : Application
                 ;Clock frequency        : 16.000000 MHz
                 ;Memory model           : Small
                 ;Optimize for           : Size
                 ;(s)printf features     : int, width
                 ;(s)scanf features      : int, width
                 ;External RAM size      : 0
                 ;Data Stack size        : 1024 byte(s)
                 ;Heap size              : 0 byte(s)
                 ;Promote 'char' to 'int': Yes
                 ;'char' is unsigned     : Yes
                 ;8 bit enums            : Yes
                 ;Global 'const' stored in FLASH: Yes
                 ;Enhanced function parameter passing: Mode 2
                 ;Enhanced core instructions: On
                 ;Automatic register allocation for global variables: On
                 ;Smart register allocation: On
                 
                 	#define _MODEL_SMALL_
                 
                 	#pragma AVRPART ADMIN PART_NAME ATmega128A
                 	#pragma AVRPART MEMORY PROG_FLASH 131072
                 	#pragma AVRPART MEMORY EEPROM 4096
                 	#pragma AVRPART MEMORY INT_SRAM SIZE 4096
                 	#pragma AVRPART MEMORY INT_SRAM START_ADDR 0x100
                 
                 	#define CALL_SUPPORTED 1
                 
                 	.LISTMAC
                 
                 	.EQU UDRE=0x5
                 	.EQU RXC=0x7
                 	.EQU USR=0xB
                 	.EQU UDR=0xC
                 	.EQU SPSR=0xE
                 	.EQU SPDR=0xF
                 	.EQU EERE=0x0
                 	.EQU EEWE=0x1
                 	.EQU EEMWE=0x2
                 	.EQU EECR=0x1C
                 	.EQU EEDR=0x1D
                 	.EQU EEARL=0x1E
                 	.EQU EEARH=0x1F
                 	.EQU WDTCR=0x21
                 	.EQU MCUCR=0x35
                 	.EQU SPMCSR=0x68
                 	.EQU RAMPZ=0x3B
                 	.EQU SPL=0x3D
                 	.EQU SPH=0x3E
                 	.EQU SREG=0x3F
                 	.EQU XMCRA=0x6D
                 	.EQU XMCRB=0x6C
                 
                 	.DEF R0X0=R0
                 	.DEF R0X1=R1
                 	.DEF R0X2=R2
                 	.DEF R0X3=R3
                 	.DEF R0X4=R4
                 	.DEF R0X5=R5
                 	.DEF R0X6=R6
                 	.DEF R0X7=R7
                 	.DEF R0X8=R8
                 	.DEF R0X9=R9
                 	.DEF R0XA=R10
                 	.DEF R0XB=R11
                 	.DEF R0XC=R12
                 	.DEF R0XD=R13
                 	.DEF R0XE=R14
                 	.DEF R0XF=R15
                 	.DEF R0X10=R16
                 	.DEF R0X11=R17
                 	.DEF R0X12=R18
                 	.DEF R0X13=R19
                 	.DEF R0X14=R20
                 	.DEF R0X15=R21
                 	.DEF R0X16=R22
                 	.DEF R0X17=R23
                 	.DEF R0X18=R24
                 	.DEF R0X19=R25
                 	.DEF R0X1A=R26
                 	.DEF R0X1B=R27
                 	.DEF R0X1C=R28
                 	.DEF R0X1D=R29
                 	.DEF R0X1E=R30
                 	.DEF R0X1F=R31
                 
                 	.EQU __SRAM_START=0x0100
                 	.EQU __SRAM_END=0x10FF
                 	.EQU __DSTACK_SIZE=0x0400
                 	.EQU __HEAP_SIZE=0x0000
                 	.EQU __CLEAR_SRAM_SIZE=__SRAM_END-__SRAM_START+1
                 
                 	.EQU __FLASH_PAGE_SIZE=0x80
                 
                 	.MACRO __CPD1N
                 	CPI  R30,LOW(@0)
                 	LDI  R26,HIGH(@0)
                 	CPC  R31,R26
                 	LDI  R26,BYTE3(@0)
                 	CPC  R22,R26
                 	LDI  R26,BYTE4(@0)
                 	CPC  R23,R26
                 	.ENDM
                 
                 	.MACRO __CPD2N
                 	CPI  R26,LOW(@0)
                 	LDI  R30,HIGH(@0)
                 	CPC  R27,R30
                 	LDI  R30,BYTE3(@0)
                 	CPC  R24,R30
                 	LDI  R30,BYTE4(@0)
                 	CPC  R25,R30
                 	.ENDM
                 
                 	.MACRO __CPWRR
                 	CP   R@0,R@2
                 	CPC  R@1,R@3
                 	.ENDM
                 
                 	.MACRO __CPWRN
                 	CPI  R@0,LOW(@2)
                 	LDI  R30,HIGH(@2)
                 	CPC  R@1,R30
                 	.ENDM
                 
                 	.MACRO __ADDB1MN
                 	SUBI R30,LOW(-@0-(@1))
                 	.ENDM
                 
                 	.MACRO __ADDB2MN
                 	SUBI R26,LOW(-@0-(@1))
                 	.ENDM
                 
                 	.MACRO __ADDW1MN
                 	SUBI R30,LOW(-@0-(@1))
                 	SBCI R31,HIGH(-@0-(@1))
                 	.ENDM
                 
                 	.MACRO __ADDW2MN
                 	SUBI R26,LOW(-@0-(@1))
                 	SBCI R27,HIGH(-@0-(@1))
                 	.ENDM
                 
                 	.MACRO __ADDW1FN
                 	SUBI R30,LOW(-2*@0-(@1))
                 	SBCI R31,HIGH(-2*@0-(@1))
                 	.ENDM
                 
                 	.MACRO __ADDD1FN
                 	SUBI R30,LOW(-2*@0-(@1))
                 	SBCI R31,HIGH(-2*@0-(@1))
                 	SBCI R22,BYTE3(-2*@0-(@1))
                 	.ENDM
                 
                 	.MACRO __ADDD1N
                 	SUBI R30,LOW(-@0)
                 	SBCI R31,HIGH(-@0)
                 	SBCI R22,BYTE3(-@0)
                 	SBCI R23,BYTE4(-@0)
                 	.ENDM
                 
                 	.MACRO __ADDD2N
                 	SUBI R26,LOW(-@0)
                 	SBCI R27,HIGH(-@0)
                 	SBCI R24,BYTE3(-@0)
                 	SBCI R25,BYTE4(-@0)
                 	.ENDM
                 
                 	.MACRO __SUBD1N
                 	SUBI R30,LOW(@0)
                 	SBCI R31,HIGH(@0)
                 	SBCI R22,BYTE3(@0)
                 	SBCI R23,BYTE4(@0)
                 	.ENDM
                 
                 	.MACRO __SUBD2N
                 	SUBI R26,LOW(@0)
                 	SBCI R27,HIGH(@0)
                 	SBCI R24,BYTE3(@0)
                 	SBCI R25,BYTE4(@0)
                 	.ENDM
                 
                 	.MACRO __ANDBMNN
                 	LDS  R30,@0+(@1)
                 	ANDI R30,LOW(@2)
                 	STS  @0+(@1),R30
                 	.ENDM
                 
                 	.MACRO __ANDWMNN
                 	LDS  R30,@0+(@1)
                 	ANDI R30,LOW(@2)
                 	STS  @0+(@1),R30
                 	LDS  R30,@0+(@1)+1
                 	ANDI R30,HIGH(@2)
                 	STS  @0+(@1)+1,R30
                 	.ENDM
                 
                 	.MACRO __ANDD1N
                 	ANDI R30,LOW(@0)
                 	ANDI R31,HIGH(@0)
                 	ANDI R22,BYTE3(@0)
                 	ANDI R23,BYTE4(@0)
                 	.ENDM
                 
                 	.MACRO __ANDD2N
                 	ANDI R26,LOW(@0)
                 	ANDI R27,HIGH(@0)
                 	ANDI R24,BYTE3(@0)
                 	ANDI R25,BYTE4(@0)
                 	.ENDM
                 
                 	.MACRO __ORBMNN
                 	LDS  R30,@0+(@1)
                 	ORI  R30,LOW(@2)
                 	STS  @0+(@1),R30
                 	.ENDM
                 
                 	.MACRO __ORWMNN
                 	LDS  R30,@0+(@1)
                 	ORI  R30,LOW(@2)
                 	STS  @0+(@1),R30
                 	LDS  R30,@0+(@1)+1
                 	ORI  R30,HIGH(@2)
                 	STS  @0+(@1)+1,R30
                 	.ENDM
                 
                 	.MACRO __ORD1N
                 	ORI  R30,LOW(@0)
                 	ORI  R31,HIGH(@0)
                 	ORI  R22,BYTE3(@0)
                 	ORI  R23,BYTE4(@0)
                 	.ENDM
                 
                 	.MACRO __ORD2N
                 	ORI  R26,LOW(@0)
                 	ORI  R27,HIGH(@0)
                 	ORI  R24,BYTE3(@0)
                 	ORI  R25,BYTE4(@0)
                 	.ENDM
                 
                 	.MACRO __DELAY_USB
                 	LDI  R24,LOW(@0)
                 __DELAY_USB_LOOP:
                 	DEC  R24
                 	BRNE __DELAY_USB_LOOP
                 	.ENDM
                 
                 	.MACRO __DELAY_USW
                 	LDI  R24,LOW(@0)
                 	LDI  R25,HIGH(@0)
                 __DELAY_USW_LOOP:
                 	SBIW R24,1
                 	BRNE __DELAY_USW_LOOP
                 	.ENDM
                 
                 	.MACRO __GETW1P
                 	LD   R30,X+
                 	LD   R31,X
                 	SBIW R26,1
                 	.ENDM
                 
                 	.MACRO __GETD1S
                 	LDD  R30,Y+@0
                 	LDD  R31,Y+@0+1
                 	LDD  R22,Y+@0+2
                 	LDD  R23,Y+@0+3
                 	.ENDM
                 
                 	.MACRO __GETD2S
                 	LDD  R26,Y+@0
                 	LDD  R27,Y+@0+1
                 	LDD  R24,Y+@0+2
                 	LDD  R25,Y+@0+3
                 	.ENDM
                 
                 	.MACRO __GETD1P_INC
                 	LD   R30,X+
                 	LD   R31,X+
                 	LD   R22,X+
                 	LD   R23,X+
                 	.ENDM
                 
                 	.MACRO __GETD1P_DEC
                 	LD   R23,-X
                 	LD   R22,-X
                 	LD   R31,-X
                 	LD   R30,-X
                 	.ENDM
                 
                 	.MACRO __PUTDP1
                 	ST   X+,R30
                 	ST   X+,R31
                 	ST   X+,R22
                 	ST   X,R23
                 	.ENDM
                 
                 	.MACRO __PUTDP1_DEC
                 	ST   -X,R23
                 	ST   -X,R22
                 	ST   -X,R31
                 	ST   -X,R30
                 	.ENDM
                 
                 	.MACRO __PUTD1S
                 	STD  Y+@0,R30
                 	STD  Y+@0+1,R31
                 	STD  Y+@0+2,R22
                 	STD  Y+@0+3,R23
                 	.ENDM
                 
                 	.MACRO __PUTD2S
                 	STD  Y+@0,R26
                 	STD  Y+@0+1,R27
                 	STD  Y+@0+2,R24
                 	STD  Y+@0+3,R25
                 	.ENDM
                 
                 	.MACRO __PUTDZ2
                 	STD  Z+@0,R26
                 	STD  Z+@0+1,R27
                 	STD  Z+@0+2,R24
                 	STD  Z+@0+3,R25
                 	.ENDM
                 
                 	.MACRO __CLRD1S
                 	STD  Y+@0,R30
                 	STD  Y+@0+1,R30
                 	STD  Y+@0+2,R30
                 	STD  Y+@0+3,R30
                 	.ENDM
                 
                 	.MACRO __CPD10
                 	SBIW R30,0
                 	SBCI R22,0
                 	SBCI R23,0
                 	.ENDM
                 
                 	.MACRO __CPD20
                 	SBIW R26,0
                 	SBCI R24,0
                 	SBCI R25,0
                 	.ENDM
                 
                 	.MACRO __ADDD12
                 	ADD  R30,R26
                 	ADC  R31,R27
                 	ADC  R22,R24
                 	ADC  R23,R25
                 	.ENDM
                 
                 	.MACRO __ADDD21
                 	ADD  R26,R30
                 	ADC  R27,R31
                 	ADC  R24,R22
                 	ADC  R25,R23
                 	.ENDM
                 
                 	.MACRO __SUBD12
                 	SUB  R30,R26
                 	SBC  R31,R27
                 	SBC  R22,R24
                 	SBC  R23,R25
                 	.ENDM
                 
                 	.MACRO __SUBD21
                 	SUB  R26,R30
                 	SBC  R27,R31
                 	SBC  R24,R22
                 	SBC  R25,R23
                 	.ENDM
                 
                 	.MACRO __ANDD12
                 	AND  R30,R26
                 	AND  R31,R27
                 	AND  R22,R24
                 	AND  R23,R25
                 	.ENDM
                 
                 	.MACRO __ORD12
                 	OR   R30,R26
                 	OR   R31,R27
                 	OR   R22,R24
                 	OR   R23,R25
                 	.ENDM
                 
                 	.MACRO __XORD12
                 	EOR  R30,R26
                 	EOR  R31,R27
                 	EOR  R22,R24
                 	EOR  R23,R25
                 	.ENDM
                 
                 	.MACRO __XORD21
                 	EOR  R26,R30
                 	EOR  R27,R31
                 	EOR  R24,R22
                 	EOR  R25,R23
                 	.ENDM
                 
                 	.MACRO __COMD1
                 	COM  R30
                 	COM  R31
                 	COM  R22
                 	COM  R23
                 	.ENDM
                 
                 	.MACRO __MULD2_2
                 	LSL  R26
                 	ROL  R27
                 	ROL  R24
                 	ROL  R25
                 	.ENDM
                 
                 	.MACRO __LSRD1
                 	LSR  R23
                 	ROR  R22
                 	ROR  R31
                 	ROR  R30
                 	.ENDM
                 
                 	.MACRO __LSLD1
                 	LSL  R30
                 	ROL  R31
                 	ROL  R22
                 	ROL  R23
                 	.ENDM
                 
                 	.MACRO __ASRB4
                 	ASR  R30
                 	ASR  R30
                 	ASR  R30
                 	ASR  R30
                 	.ENDM
                 
                 	.MACRO __ASRW8
                 	MOV  R30,R31
                 	CLR  R31
                 	SBRC R30,7
                 	SER  R31
                 	.ENDM
                 
                 	.MACRO __LSRD16
                 	MOV  R30,R22
                 	MOV  R31,R23
                 	LDI  R22,0
                 	LDI  R23,0
                 	.ENDM
                 
                 	.MACRO __LSLD16
                 	MOV  R22,R30
                 	MOV  R23,R31
                 	LDI  R30,0
                 	LDI  R31,0
                 	.ENDM
                 
                 	.MACRO __CWD1
                 	MOV  R22,R31
                 	ADD  R22,R22
                 	SBC  R22,R22
                 	MOV  R23,R22
                 	.ENDM
                 
                 	.MACRO __CWD2
                 	MOV  R24,R27
                 	ADD  R24,R24
                 	SBC  R24,R24
                 	MOV  R25,R24
                 	.ENDM
                 
                 	.MACRO __SETMSD1
                 	SER  R31
                 	SER  R22
                 	SER  R23
                 	.ENDM
                 
                 	.MACRO __ADDW1R15
                 	CLR  R0
                 	ADD  R30,R15
                 	ADC  R31,R0
                 	.ENDM
                 
                 	.MACRO __ADDW2R15
                 	CLR  R0
                 	ADD  R26,R15
                 	ADC  R27,R0
                 	.ENDM
                 
                 	.MACRO __EQB12
                 	CP   R30,R26
                 	LDI  R30,1
                 	BREQ PC+2
                 	CLR  R30
                 	.ENDM
                 
                 	.MACRO __NEB12
                 	CP   R30,R26
                 	LDI  R30,1
                 	BRNE PC+2
                 	CLR  R30
                 	.ENDM
                 
                 	.MACRO __LEB12
                 	CP   R30,R26
                 	LDI  R30,1
                 	BRGE PC+2
                 	CLR  R30
                 	.ENDM
                 
                 	.MACRO __GEB12
                 	CP   R26,R30
                 	LDI  R30,1
                 	BRGE PC+2
                 	CLR  R30
                 	.ENDM
                 
                 	.MACRO __LTB12
                 	CP   R26,R30
                 	LDI  R30,1
                 	BRLT PC+2
                 	CLR  R30
                 	.ENDM
                 
                 	.MACRO __GTB12
                 	CP   R30,R26
                 	LDI  R30,1
                 	BRLT PC+2
                 	CLR  R30
                 	.ENDM
                 
                 	.MACRO __LEB12U
                 	CP   R30,R26
                 	LDI  R30,1
                 	BRSH PC+2
                 	CLR  R30
                 	.ENDM
                 
                 	.MACRO __GEB12U
                 	CP   R26,R30
                 	LDI  R30,1
                 	BRSH PC+2
                 	CLR  R30
                 	.ENDM
                 
                 	.MACRO __LTB12U
                 	CP   R26,R30
                 	LDI  R30,1
                 	BRLO PC+2
                 	CLR  R30
                 	.ENDM
                 
                 	.MACRO __GTB12U
                 	CP   R30,R26
                 	LDI  R30,1
                 	BRLO PC+2
                 	CLR  R30
                 	.ENDM
                 
                 	.MACRO __CPW01
                 	CLR  R0
                 	CP   R0,R30
                 	CPC  R0,R31
                 	.ENDM
                 
                 	.MACRO __CPW02
                 	CLR  R0
                 	CP   R0,R26
                 	CPC  R0,R27
                 	.ENDM
                 
                 	.MACRO __CPD12
                 	CP   R30,R26
                 	CPC  R31,R27
                 	CPC  R22,R24
                 	CPC  R23,R25
                 	.ENDM
                 
                 	.MACRO __CPD21
                 	CP   R26,R30
                 	CPC  R27,R31
                 	CPC  R24,R22
                 	CPC  R25,R23
                 	.ENDM
                 
                 	.MACRO __BSTB1
                 	CLT
                 	TST  R30
                 	BREQ PC+2
                 	SET
                 	.ENDM
                 
                 	.MACRO __LNEGB1
                 	TST  R30
                 	LDI  R30,1
                 	BREQ PC+2
                 	CLR  R30
                 	.ENDM
                 
                 	.MACRO __LNEGW1
                 	OR   R30,R31
                 	LDI  R30,1
                 	BREQ PC+2
                 	LDI  R30,0
                 	.ENDM
                 
                 	.MACRO __POINTB1MN
                 	LDI  R30,LOW(@0+(@1))
                 	.ENDM
                 
                 	.MACRO __POINTW1MN
                 	LDI  R30,LOW(@0+(@1))
                 	LDI  R31,HIGH(@0+(@1))
                 	.ENDM
                 
                 	.MACRO __POINTD1M
                 	LDI  R30,LOW(@0)
                 	LDI  R31,HIGH(@0)
                 	LDI  R22,BYTE3(@0)
                 	LDI  R23,BYTE4(@0)
                 	.ENDM
                 
                 	.MACRO __POINTW1FN
                 	LDI  R30,LOW(2*@0+(@1))
                 	LDI  R31,HIGH(2*@0+(@1))
                 	.ENDM
                 
                 	.MACRO __POINTD1FN
                 	LDI  R30,LOW(2*@0+(@1))
                 	LDI  R31,HIGH(2*@0+(@1))
                 	LDI  R22,BYTE3(2*@0+(@1))
                 	LDI  R23,BYTE4(2*@0+(@1))
                 	.ENDM
                 
                 	.MACRO __POINTB2MN
                 	LDI  R26,LOW(@0+(@1))
                 	.ENDM
                 
                 	.MACRO __POINTW2MN
                 	LDI  R26,LOW(@0+(@1))
                 	LDI  R27,HIGH(@0+(@1))
                 	.ENDM
                 
                 	.MACRO __POINTD2M
                 	LDI  R26,LOW(@0)
                 	LDI  R27,HIGH(@0)
                 	LDI  R24,BYTE3(@0)
                 	LDI  R25,BYTE4(@0)
                 	.ENDM
                 
                 	.MACRO __POINTW2FN
                 	LDI  R26,LOW(2*@0+(@1))
                 	LDI  R27,HIGH(2*@0+(@1))
                 	.ENDM
                 
                 	.MACRO __POINTD2FN
                 	LDI  R26,LOW(2*@0+(@1))
                 	LDI  R27,HIGH(2*@0+(@1))
                 	LDI  R24,BYTE3(2*@0+(@1))
                 	LDI  R25,BYTE4(2*@0+(@1))
                 	.ENDM
                 
                 	.MACRO __POINTBRM
                 	LDI  R@0,LOW(@1)
                 	.ENDM
                 
                 	.MACRO __POINTWRM
                 	LDI  R@0,LOW(@2)
                 	LDI  R@1,HIGH(@2)
                 	.ENDM
                 
                 	.MACRO __POINTBRMN
                 	LDI  R@0,LOW(@1+(@2))
                 	.ENDM
                 
                 	.MACRO __POINTWRMN
                 	LDI  R@0,LOW(@2+(@3))
                 	LDI  R@1,HIGH(@2+(@3))
                 	.ENDM
                 
                 	.MACRO __POINTWRFN
                 	LDI  R@0,LOW(@2*2+(@3))
                 	LDI  R@1,HIGH(@2*2+(@3))
                 	.ENDM
                 
                 	.MACRO __GETD1N
                 	LDI  R30,LOW(@0)
                 	LDI  R31,HIGH(@0)
                 	LDI  R22,BYTE3(@0)
                 	LDI  R23,BYTE4(@0)
                 	.ENDM
                 
                 	.MACRO __GETD2N
                 	LDI  R26,LOW(@0)
                 	LDI  R27,HIGH(@0)
                 	LDI  R24,BYTE3(@0)
                 	LDI  R25,BYTE4(@0)
                 	.ENDM
                 
                 	.MACRO __GETB1MN
                 	LDS  R30,@0+(@1)
                 	.ENDM
                 
                 	.MACRO __GETB1HMN
                 	LDS  R31,@0+(@1)
                 	.ENDM
                 
                 	.MACRO __GETW1MN
                 	LDS  R30,@0+(@1)
                 	LDS  R31,@0+(@1)+1
                 	.ENDM
                 
                 	.MACRO __GETD1MN
                 	LDS  R30,@0+(@1)
                 	LDS  R31,@0+(@1)+1
                 	LDS  R22,@0+(@1)+2
                 	LDS  R23,@0+(@1)+3
                 	.ENDM
                 
                 	.MACRO __GETBRMN
                 	LDS  R@0,@1+(@2)
                 	.ENDM
                 
                 	.MACRO __GETWRMN
                 	LDS  R@0,@2+(@3)
                 	LDS  R@1,@2+(@3)+1
                 	.ENDM
                 
                 	.MACRO __GETWRZ
                 	LDD  R@0,Z+@2
                 	LDD  R@1,Z+@2+1
                 	.ENDM
                 
                 	.MACRO __GETD2Z
                 	LDD  R26,Z+@0
                 	LDD  R27,Z+@0+1
                 	LDD  R24,Z+@0+2
                 	LDD  R25,Z+@0+3
                 	.ENDM
                 
                 	.MACRO __GETB2MN
                 	LDS  R26,@0+(@1)
                 	.ENDM
                 
                 	.MACRO __GETW2MN
                 	LDS  R26,@0+(@1)
                 	LDS  R27,@0+(@1)+1
                 	.ENDM
                 
                 	.MACRO __GETD2MN
                 	LDS  R26,@0+(@1)
                 	LDS  R27,@0+(@1)+1
                 	LDS  R24,@0+(@1)+2
                 	LDS  R25,@0+(@1)+3
                 	.ENDM
                 
                 	.MACRO __PUTB1MN
                 	STS  @0+(@1),R30
                 	.ENDM
                 
                 	.MACRO __PUTW1MN
                 	STS  @0+(@1),R30
                 	STS  @0+(@1)+1,R31
                 	.ENDM
                 
                 	.MACRO __PUTD1MN
                 	STS  @0+(@1),R30
                 	STS  @0+(@1)+1,R31
                 	STS  @0+(@1)+2,R22
                 	STS  @0+(@1)+3,R23
                 	.ENDM
                 
                 	.MACRO __PUTB1EN
                 	LDI  R26,LOW(@0+(@1))
                 	LDI  R27,HIGH(@0+(@1))
                 	CALL __EEPROMWRB
                 	.ENDM
                 
                 	.MACRO __PUTW1EN
                 	LDI  R26,LOW(@0+(@1))
                 	LDI  R27,HIGH(@0+(@1))
                 	CALL __EEPROMWRW
                 	.ENDM
                 
                 	.MACRO __PUTD1EN
                 	LDI  R26,LOW(@0+(@1))
                 	LDI  R27,HIGH(@0+(@1))
                 	CALL __EEPROMWRD
                 	.ENDM
                 
                 	.MACRO __PUTBR0MN
                 	STS  @0+(@1),R0
                 	.ENDM
                 
                 	.MACRO __PUTBMRN
                 	STS  @0+(@1),R@2
                 	.ENDM
                 
                 	.MACRO __PUTWMRN
                 	STS  @0+(@1),R@2
                 	STS  @0+(@1)+1,R@3
                 	.ENDM
                 
                 	.MACRO __PUTBZR
                 	STD  Z+@1,R@0
                 	.ENDM
                 
                 	.MACRO __PUTWZR
                 	STD  Z+@2,R@0
                 	STD  Z+@2+1,R@1
                 	.ENDM
                 
                 	.MACRO __GETW1R
                 	MOV  R30,R@0
                 	MOV  R31,R@1
                 	.ENDM
                 
                 	.MACRO __GETW2R
                 	MOV  R26,R@0
                 	MOV  R27,R@1
                 	.ENDM
                 
                 	.MACRO __GETWRN
                 	LDI  R@0,LOW(@2)
                 	LDI  R@1,HIGH(@2)
                 	.ENDM
                 
                 	.MACRO __PUTW1R
                 	MOV  R@0,R30
                 	MOV  R@1,R31
                 	.ENDM
                 
                 	.MACRO __PUTW2R
                 	MOV  R@0,R26
                 	MOV  R@1,R27
                 	.ENDM
                 
                 	.MACRO __ADDWRN
                 	SUBI R@0,LOW(-@2)
                 	SBCI R@1,HIGH(-@2)
                 	.ENDM
                 
                 	.MACRO __ADDWRR
                 	ADD  R@0,R@2
                 	ADC  R@1,R@3
                 	.ENDM
                 
                 	.MACRO __SUBWRN
                 	SUBI R@0,LOW(@2)
                 	SBCI R@1,HIGH(@2)
                 	.ENDM
                 
                 	.MACRO __SUBWRR
                 	SUB  R@0,R@2
                 	SBC  R@1,R@3
                 	.ENDM
                 
                 	.MACRO __ANDWRN
                 	ANDI R@0,LOW(@2)
                 	ANDI R@1,HIGH(@2)
                 	.ENDM
                 
                 	.MACRO __ANDWRR
                 	AND  R@0,R@2
                 	AND  R@1,R@3
                 	.ENDM
                 
                 	.MACRO __ORWRN
                 	ORI  R@0,LOW(@2)
                 	ORI  R@1,HIGH(@2)
                 	.ENDM
                 
                 	.MACRO __ORWRR
                 	OR   R@0,R@2
                 	OR   R@1,R@3
                 	.ENDM
                 
                 	.MACRO __EORWRR
                 	EOR  R@0,R@2
                 	EOR  R@1,R@3
                 	.ENDM
                 
                 	.MACRO __GETWRS
                 	LDD  R@0,Y+@2
                 	LDD  R@1,Y+@2+1
                 	.ENDM
                 
                 	.MACRO __PUTBSR
                 	STD  Y+@1,R@0
                 	.ENDM
                 
                 	.MACRO __PUTWSR
                 	STD  Y+@2,R@0
                 	STD  Y+@2+1,R@1
                 	.ENDM
                 
                 	.MACRO __MOVEWRR
                 	MOV  R@0,R@2
                 	MOV  R@1,R@3
                 	.ENDM
                 
                 	.MACRO __INWR
                 	IN   R@0,@2
                 	IN   R@1,@2+1
                 	.ENDM
                 
                 	.MACRO __OUTWR
                 	OUT  @2+1,R@1
                 	OUT  @2,R@0
                 	.ENDM
                 
                 	.MACRO __CALL1MN
                 	LDS  R30,@0+(@1)
                 	LDS  R31,@0+(@1)+1
                 	ICALL
                 	.ENDM
                 
                 	.MACRO __CALL1FN
                 	LDI  R30,LOW(2*@0+(@1))
                 	LDI  R31,HIGH(2*@0+(@1))
                 	CALL __GETW1PF
                 	ICALL
                 	.ENDM
                 
                 	.MACRO __CALL2EN
                 	PUSH R26
                 	PUSH R27
                 	LDI  R26,LOW(@0+(@1))
                 	LDI  R27,HIGH(@0+(@1))
                 	CALL __EEPROMRDW
                 	POP  R27
                 	POP  R26
                 	ICALL
                 	.ENDM
                 
                 	.MACRO __CALL2EX
                 	SUBI R26,LOW(-@0)
                 	SBCI R27,HIGH(-@0)
                 	CALL __EEPROMRDD
                 	ICALL
                 	.ENDM
                 
                 	.MACRO __GETW1STACK
                 	IN   R30,SPL
                 	IN   R31,SPH
                 	ADIW R30,@0+1
                 	LD   R0,Z+
                 	LD   R31,Z
                 	MOV  R30,R0
                 	.ENDM
                 
                 	.MACRO __GETD1STACK
                 	IN   R30,SPL
                 	IN   R31,SPH
                 	ADIW R30,@0+1
                 	LD   R0,Z+
                 	LD   R1,Z+
                 	LD   R22,Z
                 	MOVW R30,R0
                 	.ENDM
                 
                 	.MACRO __NBST
                 	BST  R@0,@1
                 	IN   R30,SREG
                 	LDI  R31,0x40
                 	EOR  R30,R31
                 	OUT  SREG,R30
                 	.ENDM
                 
                 
                 	.MACRO __PUTB1SN
                 	LDD  R26,Y+@0
                 	LDD  R27,Y+@0+1
                 	SUBI R26,LOW(-@1)
                 	SBCI R27,HIGH(-@1)
                 	ST   X,R30
                 	.ENDM
                 
                 	.MACRO __PUTW1SN
                 	LDD  R26,Y+@0
                 	LDD  R27,Y+@0+1
                 	SUBI R26,LOW(-@1)
                 	SBCI R27,HIGH(-@1)
                 	ST   X+,R30
                 	ST   X,R31
                 	.ENDM
                 
                 	.MACRO __PUTD1SN
                 	LDD  R26,Y+@0
                 	LDD  R27,Y+@0+1
                 	SUBI R26,LOW(-@1)
                 	SBCI R27,HIGH(-@1)
                 	ST   X+,R30
                 	ST   X+,R31
                 	ST   X+,R22
                 	ST   X,R23
                 	.ENDM
                 
                 	.MACRO __PUTB1SNS
                 	LDD  R26,Y+@0
                 	LDD  R27,Y+@0+1
                 	ADIW R26,@1
                 	ST   X,R30
                 	.ENDM
                 
                 	.MACRO __PUTW1SNS
                 	LDD  R26,Y+@0
                 	LDD  R27,Y+@0+1
                 	ADIW R26,@1
                 	ST   X+,R30
                 	ST   X,R31
                 	.ENDM
                 
                 	.MACRO __PUTD1SNS
                 	LDD  R26,Y+@0
                 	LDD  R27,Y+@0+1
                 	ADIW R26,@1
                 	ST   X+,R30
                 	ST   X+,R31
                 	ST   X+,R22
                 	ST   X,R23
                 	.ENDM
                 
                 	.MACRO __PUTB1PMN
                 	LDS  R26,@0
                 	LDS  R27,@0+1
                 	SUBI R26,LOW(-@1)
                 	SBCI R27,HIGH(-@1)
                 	ST   X,R30
                 	.ENDM
                 
                 	.MACRO __PUTW1PMN
                 	LDS  R26,@0
                 	LDS  R27,@0+1
                 	SUBI R26,LOW(-@1)
                 	SBCI R27,HIGH(-@1)
                 	ST   X+,R30
                 	ST   X,R31
                 	.ENDM
                 
                 	.MACRO __PUTD1PMN
                 	LDS  R26,@0
                 	LDS  R27,@0+1
                 	SUBI R26,LOW(-@1)
                 	SBCI R27,HIGH(-@1)
                 	ST   X+,R30
                 	ST   X+,R31
                 	ST   X+,R22
                 	ST   X,R23
                 	.ENDM
                 
                 	.MACRO __PUTB1PMNS
                 	LDS  R26,@0
                 	LDS  R27,@0+1
                 	ADIW R26,@1
                 	ST   X,R30
                 	.ENDM
                 
                 	.MACRO __PUTW1PMNS
                 	LDS  R26,@0
                 	LDS  R27,@0+1
                 	ADIW R26,@1
                 	ST   X+,R30
                 	ST   X,R31
                 	.ENDM
                 
                 	.MACRO __PUTD1PMNS
                 	LDS  R26,@0
                 	LDS  R27,@0+1
                 	ADIW R26,@1
                 	ST   X+,R30
                 	ST   X+,R31
                 	ST   X+,R22
                 	ST   X,R23
                 	.ENDM
                 
                 	.MACRO __PUTB1RN
                 	MOVW R26,R@0
                 	SUBI R26,LOW(-@1)
                 	SBCI R27,HIGH(-@1)
                 	ST   X,R30
                 	.ENDM
                 
                 	.MACRO __PUTW1RN
                 	MOVW R26,R@0
                 	SUBI R26,LOW(-@1)
                 	SBCI R27,HIGH(-@1)
                 	ST   X+,R30
                 	ST   X,R31
                 	.ENDM
                 
                 	.MACRO __PUTD1RN
                 	MOVW R26,R@0
                 	SUBI R26,LOW(-@1)
                 	SBCI R27,HIGH(-@1)
                 	ST   X+,R30
                 	ST   X+,R31
                 	ST   X+,R22
                 	ST   X,R23
                 	.ENDM
                 
                 	.MACRO __PUTB1RNS
                 	MOVW R26,R@0
                 	ADIW R26,@1
                 	ST   X,R30
                 	.ENDM
                 
                 	.MACRO __PUTW1RNS
                 	MOVW R26,R@0
                 	ADIW R26,@1
                 	ST   X+,R30
                 	ST   X,R31
                 	.ENDM
                 
                 	.MACRO __PUTD1RNS
                 	MOVW R26,R@0
                 	ADIW R26,@1
                 	ST   X+,R30
                 	ST   X+,R31
                 	ST   X+,R22
                 	ST   X,R23
                 	.ENDM
                 
                 	.MACRO __PUTB1RON
                 	MOV  R26,R@0
                 	MOV  R27,R@1
                 	SUBI R26,LOW(-@2)
                 	SBCI R27,HIGH(-@2)
                 	ST   X,R30
                 	.ENDM
                 
                 	.MACRO __PUTW1RON
                 	MOV  R26,R@0
                 	MOV  R27,R@1
                 	SUBI R26,LOW(-@2)
                 	SBCI R27,HIGH(-@2)
                 	ST   X+,R30
                 	ST   X,R31
                 	.ENDM
                 
                 	.MACRO __PUTD1RON
                 	MOV  R26,R@0
                 	MOV  R27,R@1
                 	SUBI R26,LOW(-@2)
                 	SBCI R27,HIGH(-@2)
                 	ST   X+,R30
                 	ST   X+,R31
                 	ST   X+,R22
                 	ST   X,R23
                 	.ENDM
                 
                 	.MACRO __PUTB1RONS
                 	MOV  R26,R@0
                 	MOV  R27,R@1
                 	ADIW R26,@2
                 	ST   X,R30
                 	.ENDM
                 
                 	.MACRO __PUTW1RONS
                 	MOV  R26,R@0
                 	MOV  R27,R@1
                 	ADIW R26,@2
                 	ST   X+,R30
                 	ST   X,R31
                 	.ENDM
                 
                 	.MACRO __PUTD1RONS
                 	MOV  R26,R@0
                 	MOV  R27,R@1
                 	ADIW R26,@2
                 	ST   X+,R30
                 	ST   X+,R31
                 	ST   X+,R22
                 	ST   X,R23
                 	.ENDM
                 
                 
                 	.MACRO __GETB1SX
                 	MOVW R30,R28
                 	SUBI R30,LOW(-@0)
                 	SBCI R31,HIGH(-@0)
                 	LD   R30,Z
                 	.ENDM
                 
                 	.MACRO __GETB1HSX
                 	MOVW R30,R28
                 	SUBI R30,LOW(-@0)
                 	SBCI R31,HIGH(-@0)
                 	LD   R31,Z
                 	.ENDM
                 
                 	.MACRO __GETW1SX
                 	MOVW R30,R28
                 	SUBI R30,LOW(-@0)
                 	SBCI R31,HIGH(-@0)
                 	CALL __GETW1Z
                 	.ENDM
                 
                 	.MACRO __GETD1SX
                 	MOVW R30,R28
                 	SUBI R30,LOW(-@0)
                 	SBCI R31,HIGH(-@0)
                 	CALL __GETD1Z
                 	.ENDM
                 
                 	.MACRO __GETB2SX
                 	MOVW R26,R28
                 	SUBI R26,LOW(-@0)
                 	SBCI R27,HIGH(-@0)
                 	LD   R26,X
                 	.ENDM
                 
                 	.MACRO __GETW2SX
                 	MOVW R26,R28
                 	SUBI R26,LOW(-@0)
                 	SBCI R27,HIGH(-@0)
                 	CALL __GETW2X
                 	.ENDM
                 
                 	.MACRO __GETD2SX
                 	MOVW R26,R28
                 	SUBI R26,LOW(-@0)
                 	SBCI R27,HIGH(-@0)
                 	CALL __GETD2X
                 	.ENDM
                 
                 	.MACRO __GETBRSX
                 	MOVW R30,R28
                 	SUBI R30,LOW(-@1)
                 	SBCI R31,HIGH(-@1)
                 	LD   R@0,Z
                 	.ENDM
                 
                 	.MACRO __GETWRSX
                 	MOVW R30,R28
                 	SUBI R30,LOW(-@2)
                 	SBCI R31,HIGH(-@2)
                 	LD   R@0,Z+
                 	LD   R@1,Z
                 	.ENDM
                 
                 	.MACRO __GETBRSX2
                 	MOVW R26,R28
                 	SUBI R26,LOW(-@1)
                 	SBCI R27,HIGH(-@1)
                 	LD   R@0,X
                 	.ENDM
                 
                 	.MACRO __GETWRSX2
                 	MOVW R26,R28
                 	SUBI R26,LOW(-@2)
                 	SBCI R27,HIGH(-@2)
                 	LD   R@0,X+
                 	LD   R@1,X
                 	.ENDM
                 
                 	.MACRO __LSLW8SX
                 	MOVW R30,R28
                 	SUBI R30,LOW(-@0)
                 	SBCI R31,HIGH(-@0)
                 	LD   R31,Z
                 	CLR  R30
                 	.ENDM
                 
                 	.MACRO __PUTB1SX
                 	MOVW R26,R28
                 	SUBI R26,LOW(-@0)
                 	SBCI R27,HIGH(-@0)
                 	ST   X,R30
                 	.ENDM
                 
                 	.MACRO __PUTW1SX
                 	MOVW R26,R28
                 	SUBI R26,LOW(-@0)
                 	SBCI R27,HIGH(-@0)
                 	ST   X+,R30
                 	ST   X,R31
                 	.ENDM
                 
                 	.MACRO __PUTD1SX
                 	MOVW R26,R28
                 	SUBI R26,LOW(-@0)
                 	SBCI R27,HIGH(-@0)
                 	ST   X+,R30
                 	ST   X+,R31
                 	ST   X+,R22
                 	ST   X,R23
                 	.ENDM
                 
                 	.MACRO __CLRW1SX
                 	MOVW R26,R28
                 	SUBI R26,LOW(-@0)
                 	SBCI R27,HIGH(-@0)
                 	ST   X+,R30
                 	ST   X,R30
                 	.ENDM
                 
                 	.MACRO __CLRD1SX
                 	MOVW R26,R28
                 	SUBI R26,LOW(-@0)
                 	SBCI R27,HIGH(-@0)
                 	ST   X+,R30
                 	ST   X+,R30
                 	ST   X+,R30
                 	ST   X,R30
                 	.ENDM
                 
                 	.MACRO __PUTB2SX
                 	MOVW R30,R28
                 	SUBI R30,LOW(-@0)
                 	SBCI R31,HIGH(-@0)
                 	ST   Z,R26
                 	.ENDM
                 
                 	.MACRO __PUTW2SX
                 	MOVW R30,R28
                 	SUBI R30,LOW(-@0)
                 	SBCI R31,HIGH(-@0)
                 	ST   Z+,R26
                 	ST   Z,R27
                 	.ENDM
                 
                 	.MACRO __PUTD2SX
                 	MOVW R30,R28
                 	SUBI R30,LOW(-@0)
                 	SBCI R31,HIGH(-@0)
                 	ST   Z+,R26
                 	ST   Z+,R27
                 	ST   Z+,R24
                 	ST   Z,R25
                 	.ENDM
                 
                 	.MACRO __PUTBSRX
                 	MOVW R30,R28
                 	SUBI R30,LOW(-@1)
                 	SBCI R31,HIGH(-@1)
                 	ST   Z,R@0
                 	.ENDM
                 
                 	.MACRO __PUTWSRX
                 	MOVW R30,R28
                 	SUBI R30,LOW(-@2)
                 	SBCI R31,HIGH(-@2)
                 	ST   Z+,R@0
                 	ST   Z,R@1
                 	.ENDM
                 
                 	.MACRO __PUTB1SNX
                 	MOVW R26,R28
                 	SUBI R26,LOW(-@0)
                 	SBCI R27,HIGH(-@0)
                 	LD   R0,X+
                 	LD   R27,X
                 	MOV  R26,R0
                 	SUBI R26,LOW(-@1)
                 	SBCI R27,HIGH(-@1)
                 	ST   X,R30
                 	.ENDM
                 
                 	.MACRO __PUTW1SNX
                 	MOVW R26,R28
                 	SUBI R26,LOW(-@0)
                 	SBCI R27,HIGH(-@0)
                 	LD   R0,X+
                 	LD   R27,X
                 	MOV  R26,R0
                 	SUBI R26,LOW(-@1)
                 	SBCI R27,HIGH(-@1)
                 	ST   X+,R30
                 	ST   X,R31
                 	.ENDM
                 
                 	.MACRO __PUTD1SNX
                 	MOVW R26,R28
                 	SUBI R26,LOW(-@0)
                 	SBCI R27,HIGH(-@0)
                 	LD   R0,X+
                 	LD   R27,X
                 	MOV  R26,R0
                 	SUBI R26,LOW(-@1)
                 	SBCI R27,HIGH(-@1)
                 	ST   X+,R30
                 	ST   X+,R31
                 	ST   X+,R22
                 	ST   X,R23
                 	.ENDM
                 
                 	.MACRO __MULBRR
                 	MULS R@0,R@1
                 	MOVW R30,R0
                 	.ENDM
                 
                 	.MACRO __MULBRRU
                 	MUL  R@0,R@1
                 	MOVW R30,R0
                 	.ENDM
                 
                 	.MACRO __MULBRR0
                 	MULS R@0,R@1
                 	.ENDM
                 
                 	.MACRO __MULBRRU0
                 	MUL  R@0,R@1
                 	.ENDM
                 
                 	.MACRO __MULBNWRU
                 	LDI  R26,@2
                 	MUL  R26,R@0
                 	MOVW R30,R0
                 	MUL  R26,R@1
                 	ADD  R31,R0
                 	.ENDM
                 
                 	.CSEG
                 	.ORG 0x00
                 
                 ;START OF CODE MARKER
                 __START_OF_CODE:
                 
                 ;INTERRUPT VECTORS
000000 940c 0070 	JMP  __RESET
000002 940c 0000 	JMP  0x00
000004 940c 0000 	JMP  0x00
000006 940c 0000 	JMP  0x00
000008 940c 0000 	JMP  0x00
00000a 940c 0000 	JMP  0x00
00000c 940c 0000 	JMP  0x00
00000e 940c 0000 	JMP  0x00
000010 940c 0000 	JMP  0x00
000012 940c 0000 	JMP  0x00
000014 940c 0000 	JMP  0x00
000016 940c 0000 	JMP  0x00
000018 940c 0000 	JMP  0x00
00001a 940c 0000 	JMP  0x00
00001c 940c 0000 	JMP  0x00
00001e 940c 0000 	JMP  0x00
000020 940c 0000 	JMP  0x00
000022 940c 0000 	JMP  0x00
000024 940c 0000 	JMP  0x00
000026 940c 0000 	JMP  0x00
000028 940c 0000 	JMP  0x00
00002a 940c 0000 	JMP  0x00
00002c 940c 0000 	JMP  0x00
00002e 940c 0000 	JMP  0x00
000030 940c 0000 	JMP  0x00
000032 940c 0000 	JMP  0x00
000034 940c 0000 	JMP  0x00
000036 940c 0000 	JMP  0x00
000038 940c 0000 	JMP  0x00
00003a 940c 0000 	JMP  0x00
00003c 940c 0000 	JMP  0x00
00003e 940c 0000 	JMP  0x00
000040 940c 0000 	JMP  0x00
000042 940c 0000 	JMP  0x00
000044 940c 0000 	JMP  0x00
                 
                 _tbl10_G100:
000046 2710
000047 03e8
000048 0064
000049 000a      	.DB  0x10,0x27,0xE8,0x3,0x64,0x0,0xA,0x0
00004a 0001      	.DB  0x1,0x0
                 _tbl16_G100:
00004b 1000
00004c 0100
00004d 0010
00004e 0001      	.DB  0x0,0x10,0x0,0x1,0x10,0x0,0x1,0x0
                 
                 _0x0:
00004f 7953
000050 7473
000051 6d65
000052 5220      	.DB  0x53,0x79,0x73,0x74,0x65,0x6D,0x20,0x52
000053 6165
000054 7964
000055 202e
000056 6c50      	.DB  0x65,0x61,0x64,0x79,0x2E,0x20,0x50,0x6C
000057 6361
000058 2065
000059 6f79
00005a 7275      	.DB  0x61,0x63,0x65,0x20,0x79,0x6F,0x75,0x72
00005b 6620
00005c 6e69
00005d 6567
00005e 2e72      	.DB  0x20,0x66,0x69,0x6E,0x67,0x65,0x72,0x2E
00005f 0a0d
000060 4e00
000061 206f
000062 6946      	.DB  0xD,0xA,0x0,0x4E,0x6F,0x20,0x46,0x69
000063 676e
000064 7265
000065 0a0d
000066 4200      	.DB  0x6E,0x67,0x65,0x72,0xD,0xA,0x0,0x42
000067 4d50
000068 253a
000069 2c64
00006a 4920      	.DB  0x50,0x4D,0x3A,0x25,0x64,0x2C,0x20,0x49
00006b 5f52
00006c 4341
00006d 253a
00006e 0d64      	.DB  0x52,0x5F,0x41,0x43,0x3A,0x25,0x64,0xD
00006f 000a      	.DB  0xA,0x0
                 __RESET:
000070 94f8      	CLI
                 
000071 27ee      	CLR  R30
000072 bbec      	OUT  EECR,R30
                 
                 ;INTERRUPT VECTORS ARE PLACED
                 ;AT THE START OF FLASH
000073 e0f1      	LDI  R31,1
000074 bff5      	OUT  MCUCR,R31
000075 bfe5      	OUT  MCUCR,R30
000076 93e0 006c 	STS  XMCRB,R30
                 
                 ;CLEAR R2-R14
000078 e08d      	LDI  R24,(14-2)+1
000079 e0a2      	LDI  R26,2
00007a 27bb      	CLR  R27
                 __CLEAR_REG:
00007b 93ed      	ST   X+,R30
00007c 958a      	DEC  R24
00007d f7e9      	BRNE __CLEAR_REG
                 
                 ;CLEAR SRAM
00007e e080      	LDI  R24,LOW(__CLEAR_SRAM_SIZE)
00007f e190      	LDI  R25,HIGH(__CLEAR_SRAM_SIZE)
000080 e0a0      	LDI  R26,LOW(__SRAM_START)
000081 e0b1      	LDI  R27,HIGH(__SRAM_START)
                 __CLEAR_SRAM:
000082 93ed      	ST   X+,R30
000083 9701      	SBIW R24,1
000084 f7e9      	BRNE __CLEAR_SRAM
                 
000085 bf8b      	OUT  RAMPZ,R24
                 
                 ;HARDWARE STACK POINTER INITIALIZATION
000086 efef      	LDI  R30,LOW(__SRAM_END-__HEAP_SIZE)
000087 bfed      	OUT  SPL,R30
000088 e1e0      	LDI  R30,HIGH(__SRAM_END-__HEAP_SIZE)
000089 bfee      	OUT  SPH,R30
                 
                 ;DATA STACK POINTER INITIALIZATION
00008a e0c0      	LDI  R28,LOW(__SRAM_START+__DSTACK_SIZE)
00008b e0d5      	LDI  R29,HIGH(__SRAM_START+__DSTACK_SIZE)
                 
00008c 940c 014c 	JMP  _main
                 
                 	.ESEG
                 	.ORG 0x00
                 
                 	.DSEG
                 	.ORG 0x500
                 
                 	.CSEG
                 	#ifndef __SLEEP_DEFINED__
                 	#define __SLEEP_DEFINED__
                 	.EQU __se_bit=0x20
                 	.EQU __sm_mask=0x1C
                 	.EQU __sm_powerdown=0x10
                 	.EQU __sm_powersave=0x18
                 	.EQU __sm_standby=0x14
                 	.EQU __sm_ext_standby=0x1C
                 	.EQU __sm_adc_noise_red=0x08
                 	.SET power_ctrl_reg=mcucr
                 	#endif
                 ;void UART0_init(void) {
                 ; 0000 0018 void UART0_init(void) {
                 
                 	.CSEG
                 _UART0_init:
                 ; .FSTART _UART0_init
                 ; 0000 0019 UBRR0H = 0; UBRR0L = 103; // 9600bps
00008e e0e0      	LDI  R30,LOW(0)
00008f 93e0 0090 	STS  144,R30
000091 e6e7      	LDI  R30,LOW(103)
000092 b9e9      	OUT  0x9,R30
                 ; 0000 001A UCSR0B = (1 << RXEN0) | (1 << TXEN0);
000093 e1e8      	LDI  R30,LOW(24)
000094 b9ea      	OUT  0xA,R30
                 ; 0000 001B UCSR0C = (1 << UCSZ01) | (1 << UCSZ00);
000095 e0e6      	LDI  R30,LOW(6)
000096 93e0 0095 	STS  149,R30
                 ; 0000 001C }
000098 9508      	RET
                 ; .FEND
                 ;void putchar_avr(char c) { while (!(UCSR0A & (1 << 5       ))); UDR0 = c; }
                 ; 0000 0020 void putchar_avr(char c) { while (!(UCSR0A & (1 << 5       ))); UDR0 = c; }
                 ;	c -> R17
                 ;void TWI_init(void) { (*(unsigned char *) 0x71)=0x00; (*(unsigned char *) 0x70)=72; }
                 ; 0000 0023 void TWI_init(void) { (*(unsigned char *) 0x71)=0x00; (*(unsigned char *) 0x70)=72; }
                 _TWI_init:
                 ; .FSTART _TWI_init
000099 e0e0      	LDI  R30,LOW(0)
00009a 93e0 0071 	STS  113,R30
00009c e4e8      	LDI  R30,LOW(72)
00009d 93e0 0070 	STS  112,R30
00009f 9508      	RET
                 ; .FEND
                 ;void TWI_start(void) { (*(unsigned char *) 0x74)=(1<<7       )|(1<<5       )|(1<<2       ); while(!((*(unsigned char *) 0x74)&(1<<7       ))); }
                 ; 0000 0024 void TWI_start(void) { (*(unsigned char *) 0x74)=(1<<7       )|(1<<5       )|(1<<2       ); while(!((*(unsigned char *) 0x74)&(1<<7       ))); }
                 _TWI_start:
                 ; .FSTART _TWI_start
0000a0 eae4      	LDI  R30,LOW(164)
0000a1 93e0 0074 	STS  116,R30
                 _0x6:
0000a3 91e0 0074 	LDS  R30,116
0000a5 78e0      	ANDI R30,LOW(0x80)
0000a6 f3e1      	BREQ _0x6
0000a7 9508      	RET
                 ; .FEND
                 ;void TWI_stop(void) { (*(unsigned char *) 0x74)=(1<<7       )|(1<<4       )|(1<<2       ); }
                 ; 0000 0025 void TWI_stop(void) { (*(unsigned char *) 0x74)=(1<<7       )|(1<<4       )|(1<<2       ); }
                 _TWI_stop:
                 ; .FSTART _TWI_stop
0000a8 e9e4      	LDI  R30,LOW(148)
0000a9 93e0 0074 	STS  116,R30
0000ab 9508      	RET
                 ; .FEND
                 ;void TWI_write(uint8_t data) { (*(unsigned char *) 0x73)=data; (*(unsigned char *) 0x74)=(1<<7       )|(1<<2       ); while(!((*(unsigned char *) 0x74)&(1<<7       ))); }
                 ; 0000 0026 void TWI_write(uint8_t data) { (*(unsigned char *) 0x73)=data; (*(unsigned char *) 0x74)=(1<<7       )|(1<<2       ); while(!((*(unsigned char *) 0x74)&(1<<7       ))); }
                 _TWI_write:
                 ; .FSTART _TWI_write
0000ac 931a      	ST   -Y,R17
0000ad 2f1a      	MOV  R17,R26
                 ;	data -> R17
0000ae 9310 0073 	STS  115,R17
0000b0 e8e4      	LDI  R30,LOW(132)
0000b1 93e0 0074 	STS  116,R30
                 _0x9:
0000b3 91e0 0074 	LDS  R30,116
0000b5 78e0      	ANDI R30,LOW(0x80)
0000b6 f3e1      	BREQ _0x9
0000b7 9119      	LD   R17,Y+
0000b8 9508      	RET
                 ; .FEND
                 ;uint8_t TWI_read_ack(void) { (*(unsigned char *) 0x74)=(1<<7       )|(1<<2       )|(1<<6       ); while(!((*(unsigned char *) 0x74)&(1<<7       ))); return (*(unsigned char *) 0x73); }
                 ; 0000 0027 uint8_t TWI_read_ack(void) { (*(unsigned char *) 0x74)=(1<<7       )|(1<<2       )|(1<<6       ); while(!((*(unsigned char *) 0x74)&(1<<7       ))); return (*(unsigned char *) 0x73); }
                 _TWI_read_ack:
                 ; .FSTART _TWI_read_ack
0000b9 ece4      	LDI  R30,LOW(196)
0000ba 93e0 0074 	STS  116,R30
                 _0xC:
0000bc 91e0 0074 	LDS  R30,116
0000be 78e0      	ANDI R30,LOW(0x80)
0000bf f3e1      	BREQ _0xC
0000c0 c007      	RJMP _0x2060001
                 ; .FEND
                 ;uint8_t TWI_read_nack(void) { (*(unsigned char *) 0x74)=(1<<7       )|(1<<2       ); while(!((*(unsigned char *) 0x74)&(1<<7       ))); return (*(unsigned char *) 0x73); }
                 ; 0000 0028 uint8_t TWI_read_nack(void) { (*(unsigned char *) 0x74)=(1<<7       )|(1<<2       ); while(!((*(unsigned char *) 0x74)&(1<<7       ))); return (*(unsigned char *) 0x73); }
                 _TWI_read_nack:
                 ; .FSTART _TWI_read_nack
0000c1 e8e4      	LDI  R30,LOW(132)
0000c2 93e0 0074 	STS  116,R30
                 _0xF:
0000c4 91e0 0074 	LDS  R30,116
0000c6 78e0      	ANDI R30,LOW(0x80)
0000c7 f3e1      	BREQ _0xF
                 _0x2060001:
0000c8 91e0 0073 	LDS  R30,115
0000ca 9508      	RET
                 ; .FEND
                 ;void MAX30102_WriteReg(uint8_t reg, uint8_t val) {
                 ; 0000 002A void MAX30102_WriteReg(uint8_t reg, uint8_t val) {
                 _MAX30102_WriteReg:
                 ; .FSTART _MAX30102_WriteReg
                 ; 0000 002B TWI_start(); TWI_write(MAX30102_ADDR_W); TWI_write(reg); TWI_write(val); TWI_stop();
0000cb 931a      	ST   -Y,R17
0000cc 930a      	ST   -Y,R16
0000cd 2f1a      	MOV  R17,R26
0000ce 810a      	LDD  R16,Y+2
                 ;	reg -> R16
                 ;	val -> R17
0000cf dfd0      	RCALL _TWI_start
0000d0 eaae      	LDI  R26,LOW(174)
0000d1 dfda      	RCALL _TWI_write
0000d2 2fa0      	MOV  R26,R16
0000d3 dfd8      	RCALL _TWI_write
0000d4 2fa1      	MOV  R26,R17
0000d5 dfd6      	RCALL _TWI_write
0000d6 dfd1      	RCALL _TWI_stop
                 ; 0000 002C }
0000d7 8119      	LDD  R17,Y+1
0000d8 8108      	LDD  R16,Y+0
0000d9 9623      	ADIW R28,3
0000da 9508      	RET
                 ; .FEND
                 ;void MAX30102_Init() {
                 ; 0000 002F void MAX30102_Init() {
                 _MAX30102_Init:
                 ; .FSTART _MAX30102_Init
                 ; 0000 0030 MAX30102_WriteReg(REG_MODE_CONFIG, 0x40); delay_ms(100);
0000db e0e9      	LDI  R30,LOW(9)
0000dc 93ea      	ST   -Y,R30
0000dd e4a0      	LDI  R26,LOW(64)
0000de dfec      	RCALL _MAX30102_WriteReg
0000df e6a4      	LDI  R26,LOW(100)
0000e0 e0b0      	LDI  R27,0
0000e1 d4f9      	RCALL _delay_ms
                 ; 0000 0031 MAX30102_WriteReg(REG_INTR_ENABLE_1, 0xC0);
0000e2 e0e2      	LDI  R30,LOW(2)
0000e3 93ea      	ST   -Y,R30
0000e4 eca0      	LDI  R26,LOW(192)
0000e5 dfe5      	RCALL _MAX30102_WriteReg
                 ; 0000 0032 MAX30102_WriteReg(REG_FIFO_CONFIG, 0x50);
0000e6 e0e8      	LDI  R30,LOW(8)
0000e7 93ea      	ST   -Y,R30
0000e8 e5a0      	LDI  R26,LOW(80)
0000e9 dfe1      	RCALL _MAX30102_WriteReg
                 ; 0000 0033 MAX30102_WriteReg(REG_SPO2_CONFIG, 0x27);
0000ea e0ea      	LDI  R30,LOW(10)
0000eb 93ea      	ST   -Y,R30
0000ec e2a7      	LDI  R26,LOW(39)
0000ed dfdd      	RCALL _MAX30102_WriteReg
                 ; 0000 0034 MAX30102_WriteReg(REG_LED1_PA, 0x24);
0000ee e0ec      	LDI  R30,LOW(12)
0000ef 93ea      	ST   -Y,R30
0000f0 e2a4      	LDI  R26,LOW(36)
0000f1 dfd9      	RCALL _MAX30102_WriteReg
                 ; 0000 0035 MAX30102_WriteReg(REG_LED2_PA, 0x24);
0000f2 e0ed      	LDI  R30,LOW(13)
0000f3 93ea      	ST   -Y,R30
0000f4 e2a4      	LDI  R26,LOW(36)
0000f5 dfd5      	RCALL _MAX30102_WriteReg
                 ; 0000 0036 MAX30102_WriteReg(REG_MODE_CONFIG, 0x03);
0000f6 e0e9      	LDI  R30,LOW(9)
0000f7 93ea      	ST   -Y,R30
0000f8 e0a3      	LDI  R26,LOW(3)
0000f9 dfd1      	RCALL _MAX30102_WriteReg
                 ; 0000 0037 }
0000fa 9508      	RET
                 ; .FEND
                 ;void MAX30102_ReadFIFO(uint32_t *red, uint32_t *ir) {
                 ; 0000 003A void MAX30102_ReadFIFO(uint32_t *red, uint32_t *ir) {
                 _MAX30102_ReadFIFO:
                 ; .FSTART _MAX30102_ReadFIFO
                 ; 0000 003B uint8_t temp[6];
                 ; 0000 003C int i; // 변수 선언을 여기로 옮겼습니다!
                 ; 0000 003D 
                 ; 0000 003E TWI_start(); TWI_write(MAX30102_ADDR_W); TWI_write(REG_FIFO_DATA);
0000fb 9726      	SBIW R28,6
0000fc d323      	RCALL __SAVELOCR6
0000fd 019d      	MOVW R18,R26
                +
0000fe 854c     +LDD R20 , Y + 12
0000ff 855d     +LDD R21 , Y + 12 + 1
                 	__GETWRS 20,21,12
                 ;	*red -> R20,R21
                 ;	*ir -> R18,R19
                 ;	temp -> Y+6
                 ;	i -> R16,R17
000100 df9f      	RCALL _TWI_start
000101 eaae      	LDI  R26,LOW(174)
000102 dfa9      	RCALL _TWI_write
000103 e0a7      	LDI  R26,LOW(7)
000104 dfa7      	RCALL _TWI_write
                 ; 0000 003F TWI_start(); TWI_write(MAX30102_ADDR_R);
000105 df9a      	RCALL _TWI_start
000106 eaaf      	LDI  R26,LOW(175)
000107 dfa4      	RCALL _TWI_write
                 ; 0000 0040 
                 ; 0000 0041 // for문 안에서 int 선언을 뺐습니다.
                 ; 0000 0042 for(i=0; i<5; i++) {
                +
000108 e000     +LDI R16 , LOW ( 0 )
000109 e010     +LDI R17 , HIGH ( 0 )
                 	__GETWRN 16,17,0
                 _0x13:
                +
00010a 3005     +CPI R16 , LOW ( 5 )
00010b e0e0     +LDI R30 , HIGH ( 5 )
00010c 071e     +CPC R17 , R30
                 	__CPWRN 16,17,5
00010d f474      	BRGE _0x14
                 ; 0000 0043 temp[i] = TWI_read_ack();
00010e 01f8      	MOVW R30,R16
00010f 01de      	MOVW R26,R28
000110 9616      	ADIW R26,6
000111 0fea      	ADD  R30,R26
000112 1ffb      	ADC  R31,R27
000113 93ff      	PUSH R31
000114 93ef      	PUSH R30
000115 dfa3      	RCALL _TWI_read_ack
000116 91af      	POP  R26
000117 91bf      	POP  R27
000118 93ec      	ST   X,R30
                 ; 0000 0044 }
                +
000119 5f0f     +SUBI R16 , LOW ( - 1 )
00011a 4f1f     +SBCI R17 , HIGH ( - 1 )
                 	__ADDWRN 16,17,1
00011b cfee      	RJMP _0x13
                 _0x14:
                 ; 0000 0045 temp[5] = TWI_read_nack();
00011c dfa4      	RCALL _TWI_read_nack
00011d 87eb      	STD  Y+11,R30
                 ; 0000 0046 TWI_stop();
00011e df89      	RCALL _TWI_stop
                 ; 0000 0047 
                 ; 0000 0048 *red = ((uint32_t)temp[0]<<16 | (uint32_t)temp[1]<<8 | temp[2]) & 0x3FFFF;
00011f 81ee      	LDD  R30,Y+6
000120 d274      	RCALL SUBOPT_0x0
000121 d279      	RCALL SUBOPT_0x1
000122 937f      	PUSH R23
000123 936f      	PUSH R22
000124 93ff      	PUSH R31
000125 93ef      	PUSH R30
000126 81ef      	LDD  R30,Y+7
000127 d26d      	RCALL SUBOPT_0x0
000128 d277      	RCALL SUBOPT_0x2
000129 91af      	POP  R26
00012a 91bf      	POP  R27
00012b 918f      	POP  R24
00012c 919f      	POP  R25
00012d d277      	RCALL SUBOPT_0x3
00012e 01df      	MOVW R26,R30
00012f 01cb      	MOVW R24,R22
000130 85e8      	LDD  R30,Y+8
000131 d278      	RCALL SUBOPT_0x4
000132 01da      	MOVW R26,R20
000133 d27f      	RCALL SUBOPT_0x5
                 ; 0000 0049 *ir  = ((uint32_t)temp[3]<<16 | (uint32_t)temp[4]<<8 | temp[5]) & 0x3FFFF;
000134 85e9      	LDD  R30,Y+9
000135 d25f      	RCALL SUBOPT_0x0
000136 d264      	RCALL SUBOPT_0x1
000137 937f      	PUSH R23
000138 936f      	PUSH R22
000139 93ff      	PUSH R31
00013a 93ef      	PUSH R30
00013b 85ea      	LDD  R30,Y+10
00013c d258      	RCALL SUBOPT_0x0
00013d d262      	RCALL SUBOPT_0x2
00013e 91af      	POP  R26
00013f 91bf      	POP  R27
000140 918f      	POP  R24
000141 919f      	POP  R25
000142 d262      	RCALL SUBOPT_0x3
000143 01df      	MOVW R26,R30
000144 01cb      	MOVW R24,R22
000145 85eb      	LDD  R30,Y+11
000146 d263      	RCALL SUBOPT_0x4
000147 01d9      	MOVW R26,R18
000148 d26a      	RCALL SUBOPT_0x5
                 ; 0000 004A }
000149 d2dd      	RCALL __LOADLOCR6
00014a 962e      	ADIW R28,14
00014b 9508      	RET
                 ; .FEND
                 ;void main(void) {
                 ; 0000 0059 void main(void) {
                 _main:
                 ; .FSTART _main
                 ; 0000 005A uint32_t red_val, ir_val;
                 ; 0000 005B int bpm = 0;
                 ; 0000 005C // CodeVision 구버전은 main 함수 내 변수 선언도 맨 위에 있어야 안전합니다.
                 ; 0000 005D unsigned long delta = 0;
                 ; 0000 005E 
                 ; 0000 005F UART0_init();
00014c 972c      	SBIW R28,12
00014d e0e0      	LDI  R30,LOW(0)
00014e 83e8      	ST   Y,R30
00014f 83e9      	STD  Y+1,R30
000150 83ea      	STD  Y+2,R30
000151 83eb      	STD  Y+3,R30
                 ;	red_val -> Y+8
                 ;	ir_val -> Y+4
                 ;	bpm -> R16,R17
                 ;	delta -> Y+0
                +
000152 e000     +LDI R16 , LOW ( 0 )
000153 e010     +LDI R17 , HIGH ( 0 )
                 	__GETWRN 16,17,0
000154 df39      	RCALL _UART0_init
                 ; 0000 0060 TWI_init();
000155 df43      	RCALL _TWI_init
                 ; 0000 0061 delay_ms(1000);
000156 eea8      	LDI  R26,LOW(1000)
000157 e0b3      	LDI  R27,HIGH(1000)
000158 d482      	RCALL _delay_ms
                 ; 0000 0062 
                 ; 0000 0063 printf("System Ready. Place your finger.\r\n");
                +
000159 e9ee     +LDI R30 , LOW ( 2 * _0x0 + ( 0 ) )
00015a e0f0     +LDI R31 , HIGH ( 2 * _0x0 + ( 0 ) )
                 	__POINTW1FN _0x0,0
00015b d25c      	RCALL SUBOPT_0x6
                 ; 0000 0064 MAX30102_Init();
00015c df7e      	RCALL _MAX30102_Init
                 ; 0000 0065 
                 ; 0000 0066 while (1) {
                 _0x15:
                 ; 0000 0067 MAX30102_ReadFIFO(&red_val, &ir_val);
00015d 01fe      	MOVW R30,R28
00015e 9638      	ADIW R30,8
00015f 93fa      	ST   -Y,R31
000160 93ea      	ST   -Y,R30
000161 01de      	MOVW R26,R28
000162 9616      	ADIW R26,6
000163 df97      	RCALL _MAX30102_ReadFIFO
                 ; 0000 0068 
                 ; 0000 0069 if (ir_val < FINGER_ON_THRESHOLD) {
                +
000164 81ac     +LDD R26 , Y + 4
000165 81bd     +LDD R27 , Y + 4 + 1
000166 818e     +LDD R24 , Y + 4 + 2
000167 819f     +LDD R25 , Y + 4 + 3
                 	__GETD2S 4
                +
000168 35a0     +CPI R26 , LOW ( 0xC350 )
000169 ece3     +LDI R30 , HIGH ( 0xC350 )
00016a 07be     +CPC R27 , R30
00016b e0e0     +LDI R30 , BYTE3 ( 0xC350 )
00016c 078e     +CPC R24 , R30
00016d e0e0     +LDI R30 , BYTE4 ( 0xC350 )
00016e 079e     +CPC R25 , R30
                 	__CPD2N 0xC350
00016f f4d8      	BRSH _0x18
                 ; 0000 006A ir_val = 0;
000170 e0e0      	LDI  R30,LOW(0)
                +
000171 83ec     +STD Y + 4 , R30
000172 83ed     +STD Y + 4 + 1 , R30
000173 83ee     +STD Y + 4 + 2 , R30
000174 83ef     +STD Y + 4 + 3 , R30
                 	__CLRD1S 4
                 ; 0000 006B ac_signal_ir = 0;
000175 93e0 0504 	STS  _ac_signal_ir,R30
000177 93e0 0505 	STS  _ac_signal_ir+1,R30
000179 93e0 0506 	STS  _ac_signal_ir+2,R30
00017b 93e0 0507 	STS  _ac_signal_ir+3,R30
                 ; 0000 006C dc_filter_ir = 0;
00017d 93e0 0500 	STS  _dc_filter_ir,R30
00017f 93e0 0501 	STS  _dc_filter_ir+1,R30
000181 93e0 0502 	STS  _dc_filter_ir+2,R30
000183 93e0 0503 	STS  _dc_filter_ir+3,R30
                 ; 0000 006D bpm = 0;
                +
000185 e000     +LDI R16 , LOW ( 0 )
000186 e010     +LDI R17 , HIGH ( 0 )
                 	__GETWRN 16,17,0
                 ; 0000 006E printf("No Finger\r\n");
                +
000187 ece1     +LDI R30 , LOW ( 2 * _0x0 + ( 35 ) )
000188 e0f0     +LDI R31 , HIGH ( 2 * _0x0 + ( 35 ) )
                 	__POINTW1FN _0x0,35
000189 d22e      	RCALL SUBOPT_0x6
                 ; 0000 006F }
                 ; 0000 0070 else {
00018a c065      	RJMP _0x19
                 _0x18:
                 ; 0000 0071 dc_filter_ir = (float)ir_val * 0.05 + dc_filter_ir * 0.95;
00018b d232      	RCALL SUBOPT_0x7
                +
00018c ecad     +LDI R26 , LOW ( 0x3D4CCCCD )
00018d ecbc     +LDI R27 , HIGH ( 0x3D4CCCCD )
00018e e48c     +LDI R24 , BYTE3 ( 0x3D4CCCCD )
00018f e39d     +LDI R25 , BYTE4 ( 0x3D4CCCCD )
                 	__GETD2N 0x3D4CCCCD
000190 d3dc      	RCALL __MULF12
000191 937f      	PUSH R23
000192 936f      	PUSH R22
000193 93ff      	PUSH R31
000194 93ef      	PUSH R30
000195 d22e      	RCALL SUBOPT_0x8
                +
000196 e3e3     +LDI R30 , LOW ( 0x3F733333 )
000197 e3f3     +LDI R31 , HIGH ( 0x3F733333 )
000198 e763     +LDI R22 , BYTE3 ( 0x3F733333 )
000199 e37f     +LDI R23 , BYTE4 ( 0x3F733333 )
                 	__GETD1N 0x3F733333
00019a d3d2      	RCALL __MULF12
00019b 91af      	POP  R26
00019c 91bf      	POP  R27
00019d 918f      	POP  R24
00019e 919f      	POP  R25
00019f d37e      	RCALL __ADDF12
0001a0 93e0 0500 	STS  _dc_filter_ir,R30
0001a2 93f0 0501 	STS  _dc_filter_ir+1,R31
0001a4 9360 0502 	STS  _dc_filter_ir+2,R22
0001a6 9370 0503 	STS  _dc_filter_ir+3,R23
                 ; 0000 0072 ac_signal_ir = (float)ir_val - dc_filter_ir;
0001a8 d215      	RCALL SUBOPT_0x7
0001a9 d21a      	RCALL SUBOPT_0x8
0001aa d36c      	RCALL __SUBF12
0001ab 93e0 0504 	STS  _ac_signal_ir,R30
0001ad 93f0 0505 	STS  _ac_signal_ir+1,R31
0001af 9360 0506 	STS  _ac_signal_ir+2,R22
0001b1 9370 0507 	STS  _ac_signal_ir+3,R23
                 ; 0000 0073 
                 ; 0000 0074 if (ac_signal_ir < -100 && ac_signal_ir < last_ac_signal_ir) {
0001b3 d219      	RCALL SUBOPT_0x9
                +
0001b4 e0e0     +LDI R30 , LOW ( 0xC2C80000 )
0001b5 e0f0     +LDI R31 , HIGH ( 0xC2C80000 )
0001b6 ec68     +LDI R22 , BYTE3 ( 0xC2C80000 )
0001b7 ec72     +LDI R23 , BYTE4 ( 0xC2C80000 )
                 	__GETD1N 0xC2C80000
0001b8 d402      	RCALL __CMPF12
0001b9 f458      	BRSH _0x1B
0001ba 91e0 0508 	LDS  R30,_last_ac_signal_ir
0001bc 91f0 0509 	LDS  R31,_last_ac_signal_ir+1
0001be 9160 050a 	LDS  R22,_last_ac_signal_ir+2
0001c0 9170 050b 	LDS  R23,_last_ac_signal_ir+3
0001c2 d20a      	RCALL SUBOPT_0x9
0001c3 d3f7      	RCALL __CMPF12
0001c4 f008      	BRLO _0x1C
                 _0x1B:
0001c5 c021      	RJMP _0x1A
                 _0x1C:
                 ; 0000 0075 if ((current_time_ms - last_beat_time) > BEAT_MIN_TIME_MS) {
0001c6 d20f      	RCALL SUBOPT_0xA
                +
0001c7 32ed     +CPI R30 , LOW ( 0x12D )
0001c8 e0a1     +LDI R26 , HIGH ( 0x12D )
0001c9 07fa     +CPC R31 , R26
0001ca e0a0     +LDI R26 , BYTE3 ( 0x12D )
0001cb 076a     +CPC R22 , R26
0001cc e0a0     +LDI R26 , BYTE4 ( 0x12D )
0001cd 077a     +CPC R23 , R26
                 	__CPD1N 0x12D
0001ce f0c0      	BRLO _0x1D
                 ; 0000 0076 delta = current_time_ms - last_beat_time;
0001cf d206      	RCALL SUBOPT_0xA
                +
0001d0 83e8     +STD Y + 0 , R30
0001d1 83f9     +STD Y + 0 + 1 , R31
0001d2 836a     +STD Y + 0 + 2 , R22
0001d3 837b     +STD Y + 0 + 3 , R23
                 	__PUTD1S 0
                 ; 0000 0077 last_beat_time = current_time_ms;
0001d4 d216      	RCALL SUBOPT_0xB
0001d5 93e0 0510 	STS  _last_beat_time,R30
0001d7 93f0 0511 	STS  _last_beat_time+1,R31
0001d9 9360 0512 	STS  _last_beat_time+2,R22
0001db 9370 0513 	STS  _last_beat_time+3,R23
                 ; 0000 0078 bpm = 60000 / delta;
                +
0001dd 81e8     +LDD R30 , Y + 0
0001de 81f9     +LDD R31 , Y + 0 + 1
0001df 816a     +LDD R22 , Y + 0 + 2
0001e0 817b     +LDD R23 , Y + 0 + 3
                 	__GETD1S 0
                +
0001e1 e6a0     +LDI R26 , LOW ( 0xEA60 )
0001e2 eeba     +LDI R27 , HIGH ( 0xEA60 )
0001e3 e080     +LDI R24 , BYTE3 ( 0xEA60 )
0001e4 e090     +LDI R25 , BYTE4 ( 0xEA60 )
                 	__GETD2N 0xEA60
0001e5 d26b      	RCALL __DIVD21U
0001e6 018f      	MOVW R16,R30
                 ; 0000 0079 }
                 ; 0000 007A }
                 _0x1D:
                 ; 0000 007B last_ac_signal_ir = ac_signal_ir;
                 _0x1A:
0001e7 d20c      	RCALL SUBOPT_0xC
0001e8 93e0 0508 	STS  _last_ac_signal_ir,R30
0001ea 93f0 0509 	STS  _last_ac_signal_ir+1,R31
0001ec 9360 050a 	STS  _last_ac_signal_ir+2,R22
0001ee 9370 050b 	STS  _last_ac_signal_ir+3,R23
                 ; 0000 007C }
                 _0x19:
                 ; 0000 007D 
                 ; 0000 007E if(bpm > 200 || bpm < 40) bpm = 0;
                +
0001f0 3c09     +CPI R16 , LOW ( 201 )
0001f1 e0e0     +LDI R30 , HIGH ( 201 )
0001f2 071e     +CPC R17 , R30
                 	__CPWRN 16,17,201
0001f3 f424      	BRGE _0x1F
                +
0001f4 3208     +CPI R16 , LOW ( 40 )
0001f5 e0e0     +LDI R30 , HIGH ( 40 )
0001f6 071e     +CPC R17 , R30
                 	__CPWRN 16,17,40
0001f7 f414      	BRGE _0x1E
                 _0x1F:
                +
0001f8 e000     +LDI R16 , LOW ( 0 )
0001f9 e010     +LDI R17 , HIGH ( 0 )
                 	__GETWRN 16,17,0
                 ; 0000 007F 
                 ; 0000 0080 // float를 int로 캐스팅하여 출력
                 ; 0000 0081 printf("BPM:%d, IR_AC:%d\r\n", bpm, (int)ac_signal_ir);
                 _0x1E:
                +
0001fa eced     +LDI R30 , LOW ( 2 * _0x0 + ( 47 ) )
0001fb e0f0     +LDI R31 , HIGH ( 2 * _0x0 + ( 47 ) )
                 	__POINTW1FN _0x0,47
0001fc 93fa      	ST   -Y,R31
0001fd 93ea      	ST   -Y,R30
0001fe 01f8      	MOVW R30,R16
0001ff d1fd      	RCALL SUBOPT_0xD
000200 d1f3      	RCALL SUBOPT_0xC
000201 d2ab      	RCALL __CFD1
000202 d1fa      	RCALL SUBOPT_0xD
000203 e088      	LDI  R24,8
000204 d150      	RCALL _printf
000205 962a      	ADIW R28,10
                 ; 0000 0082 
                 ; 0000 0083 delay_ms(20);
000206 e1a4      	LDI  R26,LOW(20)
000207 e0b0      	LDI  R27,0
000208 d3d2      	RCALL _delay_ms
                 ; 0000 0084 current_time_ms += 20;
000209 d1e1      	RCALL SUBOPT_0xB
                +
00020a 5eec     +SUBI R30 , LOW ( - 20 )
00020b 4fff     +SBCI R31 , HIGH ( - 20 )
00020c 4f6f     +SBCI R22 , BYTE3 ( - 20 )
00020d 4f7f     +SBCI R23 , BYTE4 ( - 20 )
                 	__ADDD1N 20
00020e 93e0 050c 	STS  _current_time_ms,R30
000210 93f0 050d 	STS  _current_time_ms+1,R31
000212 9360 050e 	STS  _current_time_ms+2,R22
000214 9370 050f 	STS  _current_time_ms+3,R23
                 ; 0000 0085 }
000216 cf46      	RJMP _0x15
                 ; 0000 0086 }
                 _0x21:
000217 cfff      	RJMP _0x21
                 ; .FEND
                 	#ifndef __SLEEP_DEFINED__
                 	#endif
                 
                 	.CSEG
                 _putchar:
                 ; .FSTART _putchar
000218 93aa      	ST   -Y,R26
                 putchar0:
000219 9b5d           sbis usr,udre
00021a cffe           rjmp putchar0
00021b 81e8           ld   r30,y
00021c b9ec           out  udr,r30
00021d 9621      	ADIW R28,1
00021e 9508      	RET
                 ; .FEND
                 _put_usart_G100:
                 ; .FSTART _put_usart_G100
00021f d202      	RCALL __SAVELOCR4
000220 018d      	MOVW R16,R26
000221 813c      	LDD  R19,Y+4
000222 2fa3      	MOV  R26,R19
000223 dff4      	RCALL _putchar
000224 01d8      	MOVW R26,R16
000225 91ed      	LD   R30,X+
000226 91fd      	LD   R31,X+
000227 9631      	ADIW R30,1
000228 93fe      	ST   -X,R31
000229 93ee      	ST   -X,R30
00022a d1fe      	RCALL __LOADLOCR4
00022b 9625      	ADIW R28,5
00022c 9508      	RET
                 ; .FEND
                 __print_G100:
                 ; .FSTART __print_G100
00022d 93ba      	ST   -Y,R27
00022e 93aa      	ST   -Y,R26
00022f 9726      	SBIW R28,6
000230 d1ef      	RCALL __SAVELOCR6
000231 e010      	LDI  R17,0
000232 85ac      	LDD  R26,Y+12
000233 85bd      	LDD  R27,Y+12+1
000234 e0e0      	LDI  R30,LOW(0)
000235 e0f0      	LDI  R31,HIGH(0)
000236 93ed      	ST   X+,R30
000237 93fc      	ST   X,R31
                 _0x2000016:
000238 89ea      	LDD  R30,Y+18
000239 89fb      	LDD  R31,Y+18+1
00023a 9631      	ADIW R30,1
00023b 8bea      	STD  Y+18,R30
00023c 8bfb      	STD  Y+18+1,R31
00023d 9731      	SBIW R30,1
00023e 91e4      	LPM  R30,Z
00023f 2f2e      	MOV  R18,R30
000240 30e0      	CPI  R30,0
000241 f409      	BRNE PC+2
000242 c10b      	RJMP _0x2000018
000243 2fe1      	MOV  R30,R17
000244 30e0      	CPI  R30,0
000245 f431      	BRNE _0x200001C
000246 3225      	CPI  R18,37
000247 f411      	BRNE _0x200001D
000248 e011      	LDI  R17,LOW(1)
000249 c001      	RJMP _0x200001E
                 _0x200001D:
00024a d1b8      	RCALL SUBOPT_0xE
                 _0x200001E:
00024b c101      	RJMP _0x200001B
                 _0x200001C:
00024c 30e1      	CPI  R30,LOW(0x1)
00024d f4a1      	BRNE _0x200001F
00024e 3225      	CPI  R18,37
00024f f411      	BRNE _0x2000020
000250 d1b2      	RCALL SUBOPT_0xE
000251 c0fa      	RJMP _0x20000CC
                 _0x2000020:
000252 e012      	LDI  R17,LOW(2)
000253 e040      	LDI  R20,LOW(0)
000254 e000      	LDI  R16,LOW(0)
000255 322d      	CPI  R18,45
000256 f411      	BRNE _0x2000021
000257 e001      	LDI  R16,LOW(1)
000258 c0f4      	RJMP _0x200001B
                 _0x2000021:
000259 322b      	CPI  R18,43
00025a f411      	BRNE _0x2000022
00025b e24b      	LDI  R20,LOW(43)
00025c c0f0      	RJMP _0x200001B
                 _0x2000022:
00025d 3220      	CPI  R18,32
00025e f411      	BRNE _0x2000023
00025f e240      	LDI  R20,LOW(32)
000260 c0ec      	RJMP _0x200001B
                 _0x2000023:
000261 c002      	RJMP _0x2000024
                 _0x200001F:
000262 30e2      	CPI  R30,LOW(0x2)
000263 f439      	BRNE _0x2000025
                 _0x2000024:
000264 e050      	LDI  R21,LOW(0)
000265 e013      	LDI  R17,LOW(3)
000266 3320      	CPI  R18,48
000267 f411      	BRNE _0x2000026
000268 6800      	ORI  R16,LOW(128)
000269 c0e3      	RJMP _0x200001B
                 _0x2000026:
00026a c003      	RJMP _0x2000027
                 _0x2000025:
00026b 30e3      	CPI  R30,LOW(0x3)
00026c f009      	BREQ PC+2
00026d c0df      	RJMP _0x200001B
                 _0x2000027:
00026e 3320      	CPI  R18,48
00026f f010      	BRLO _0x200002A
000270 332a      	CPI  R18,58
000271 f008      	BRLO _0x200002B
                 _0x200002A:
000272 c007      	RJMP _0x2000029
                 _0x200002B:
000273 e0aa      	LDI  R26,LOW(10)
000274 9f5a      	MUL  R21,R26
000275 2d50      	MOV  R21,R0
000276 2fe2      	MOV  R30,R18
000277 53e0      	SUBI R30,LOW(48)
000278 0f5e      	ADD  R21,R30
000279 c0d3      	RJMP _0x200001B
                 _0x2000029:
00027a 2fe2      	MOV  R30,R18
00027b 36e3      	CPI  R30,LOW(0x63)
00027c f439      	BRNE _0x200002F
00027d d18c      	RCALL SUBOPT_0xF
00027e 89e8      	LDD  R30,Y+16
00027f 89f9      	LDD  R31,Y+16+1
000280 81a4      	LDD  R26,Z+4
000281 93aa      	ST   -Y,R26
000282 d18d      	RCALL SUBOPT_0x10
000283 c0c8      	RJMP _0x2000030
                 _0x200002F:
000284 37e3      	CPI  R30,LOW(0x73)
000285 f429      	BRNE _0x2000032
000286 d183      	RCALL SUBOPT_0xF
000287 d18e      	RCALL SUBOPT_0x11
000288 d0f3      	RCALL _strlen
000289 2f1e      	MOV  R17,R30
00028a c007      	RJMP _0x2000033
                 _0x2000032:
00028b 37e0      	CPI  R30,LOW(0x70)
00028c f449      	BRNE _0x2000035
00028d d17c      	RCALL SUBOPT_0xF
00028e d187      	RCALL SUBOPT_0x11
00028f d0f8      	RCALL _strlenf
000290 2f1e      	MOV  R17,R30
000291 6008      	ORI  R16,LOW(8)
                 _0x2000033:
000292 6002      	ORI  R16,LOW(2)
000293 770f      	ANDI R16,LOW(127)
000294 e030      	LDI  R19,LOW(0)
000295 c03a      	RJMP _0x2000036
                 _0x2000035:
000296 36e4      	CPI  R30,LOW(0x64)
000297 f011      	BREQ _0x2000039
000298 36e9      	CPI  R30,LOW(0x69)
000299 f411      	BRNE _0x200003A
                 _0x2000039:
00029a 6004      	ORI  R16,LOW(4)
00029b c002      	RJMP _0x200003B
                 _0x200003A:
00029c 37e5      	CPI  R30,LOW(0x75)
00029d f431      	BRNE _0x200003C
                 _0x200003B:
00029e e8ec      	LDI  R30,LOW(_tbl10_G100*2)
00029f e0f0      	LDI  R31,HIGH(_tbl10_G100*2)
0002a0 83ee      	STD  Y+6,R30
0002a1 83ff      	STD  Y+6+1,R31
0002a2 e015      	LDI  R17,LOW(5)
0002a3 c00c      	RJMP _0x200003D
                 _0x200003C:
0002a4 35e8      	CPI  R30,LOW(0x58)
0002a5 f411      	BRNE _0x200003F
0002a6 6008      	ORI  R16,LOW(8)
0002a7 c003      	RJMP _0x2000040
                 _0x200003F:
0002a8 37e8      	CPI  R30,LOW(0x78)
0002a9 f009      	BREQ PC+2
0002aa c0a1      	RJMP _0x2000071
                 _0x2000040:
0002ab e9e6      	LDI  R30,LOW(_tbl16_G100*2)
0002ac e0f0      	LDI  R31,HIGH(_tbl16_G100*2)
0002ad 83ee      	STD  Y+6,R30
0002ae 83ff      	STD  Y+6+1,R31
0002af e014      	LDI  R17,LOW(4)
                 _0x200003D:
0002b0 ff02      	SBRS R16,2
0002b1 c015      	RJMP _0x2000042
0002b2 d157      	RCALL SUBOPT_0xF
0002b3 89a8      	LDD  R26,Y+16
0002b4 89b9      	LDD  R27,Y+16+1
0002b5 9614      	ADIW R26,4
0002b6 91ed      	LD   R30,X+
0002b7 91fd      	LD   R31,X+
0002b8 87ea      	STD  Y+10,R30
0002b9 87fb      	STD  Y+10+1,R31
0002ba 85ab      	LDD  R26,Y+11
0002bb 23aa      	TST  R26
0002bc f422      	BRPL _0x2000043
0002bd d170      	RCALL __ANEGW1
0002be 87ea      	STD  Y+10,R30
0002bf 87fb      	STD  Y+10+1,R31
0002c0 e24d      	LDI  R20,LOW(45)
                 _0x2000043:
0002c1 3040      	CPI  R20,0
0002c2 f011      	BREQ _0x2000044
0002c3 5f1f      	SUBI R17,-LOW(1)
0002c4 c001      	RJMP _0x2000045
                 _0x2000044:
0002c5 7f0b      	ANDI R16,LOW(251)
                 _0x2000045:
0002c6 c009      	RJMP _0x2000046
                 _0x2000042:
0002c7 d142      	RCALL SUBOPT_0xF
0002c8 89a8      	LDD  R26,Y+16
0002c9 89b9      	LDD  R27,Y+16+1
0002ca 9614      	ADIW R26,4
                +
0002cb 91ed     +LD R30 , X +
0002cc 91fc     +LD R31 , X
0002cd 9711     +SBIW R26 , 1
                 	__GETW1P
0002ce 87ea      	STD  Y+10,R30
0002cf 87fb      	STD  Y+10+1,R31
                 _0x2000046:
                 _0x2000036:
0002d0 fd00      	SBRC R16,0
0002d1 c010      	RJMP _0x2000047
                 _0x2000048:
0002d2 1715      	CP   R17,R21
0002d3 f470      	BRSH _0x200004A
0002d4 ff07      	SBRS R16,7
0002d5 c008      	RJMP _0x200004B
0002d6 ff02      	SBRS R16,2
0002d7 c004      	RJMP _0x200004C
0002d8 7f0b      	ANDI R16,LOW(251)
0002d9 2f24      	MOV  R18,R20
0002da 5011      	SUBI R17,LOW(1)
0002db c001      	RJMP _0x200004D
                 _0x200004C:
0002dc e320      	LDI  R18,LOW(48)
                 _0x200004D:
0002dd c001      	RJMP _0x200004E
                 _0x200004B:
0002de e220      	LDI  R18,LOW(32)
                 _0x200004E:
0002df d123      	RCALL SUBOPT_0xE
0002e0 5051      	SUBI R21,LOW(1)
0002e1 cff0      	RJMP _0x2000048
                 _0x200004A:
                 _0x2000047:
0002e2 2f31      	MOV  R19,R17
0002e3 ff01      	SBRS R16,1
0002e4 c016      	RJMP _0x200004F
                 _0x2000050:
0002e5 3030      	CPI  R19,0
0002e6 f099      	BREQ _0x2000052
0002e7 ff03      	SBRS R16,3
0002e8 c006      	RJMP _0x2000053
0002e9 81ee      	LDD  R30,Y+6
0002ea 81ff      	LDD  R31,Y+6+1
0002eb 9125      	LPM  R18,Z+
0002ec 83ee      	STD  Y+6,R30
0002ed 83ff      	STD  Y+6+1,R31
0002ee c005      	RJMP _0x2000054
                 _0x2000053:
0002ef 81ae      	LDD  R26,Y+6
0002f0 81bf      	LDD  R27,Y+6+1
0002f1 912d      	LD   R18,X+
0002f2 83ae      	STD  Y+6,R26
0002f3 83bf      	STD  Y+6+1,R27
                 _0x2000054:
0002f4 d10e      	RCALL SUBOPT_0xE
0002f5 3050      	CPI  R21,0
0002f6 f009      	BREQ _0x2000055
0002f7 5051      	SUBI R21,LOW(1)
                 _0x2000055:
0002f8 5031      	SUBI R19,LOW(1)
0002f9 cfeb      	RJMP _0x2000050
                 _0x2000052:
0002fa c048      	RJMP _0x2000056
                 _0x200004F:
                 _0x2000058:
0002fb e320      	LDI  R18,LOW(48)
0002fc 81ee      	LDD  R30,Y+6
0002fd 81ff      	LDD  R31,Y+6+1
0002fe d176      	RCALL __GETW1PF
0002ff 87e8      	STD  Y+8,R30
000300 87f9      	STD  Y+8+1,R31
000301 81ee      	LDD  R30,Y+6
000302 81ff      	LDD  R31,Y+6+1
000303 9632      	ADIW R30,2
000304 83ee      	STD  Y+6,R30
000305 83ff      	STD  Y+6+1,R31
                 _0x200005A:
000306 85e8      	LDD  R30,Y+8
000307 85f9      	LDD  R31,Y+8+1
000308 85aa      	LDD  R26,Y+10
000309 85bb      	LDD  R27,Y+10+1
00030a 17ae      	CP   R26,R30
00030b 07bf      	CPC  R27,R31
00030c f050      	BRLO _0x200005C
00030d 5f2f      	SUBI R18,-LOW(1)
00030e 85a8      	LDD  R26,Y+8
00030f 85b9      	LDD  R27,Y+8+1
000310 85ea      	LDD  R30,Y+10
000311 85fb      	LDD  R31,Y+10+1
000312 1bea      	SUB  R30,R26
000313 0bfb      	SBC  R31,R27
000314 87ea      	STD  Y+10,R30
000315 87fb      	STD  Y+10+1,R31
000316 cfef      	RJMP _0x200005A
                 _0x200005C:
000317 332a      	CPI  R18,58
000318 f028      	BRLO _0x200005D
000319 ff03      	SBRS R16,3
00031a c002      	RJMP _0x200005E
00031b 5f29      	SUBI R18,-LOW(7)
00031c c001      	RJMP _0x200005F
                 _0x200005E:
00031d 5d29      	SUBI R18,-LOW(39)
                 _0x200005F:
                 _0x200005D:
00031e fd04      	SBRC R16,4
00031f c019      	RJMP _0x2000061
000320 3321      	CPI  R18,49
000321 f420      	BRSH _0x2000063
000322 85a8      	LDD  R26,Y+8
000323 85b9      	LDD  R27,Y+8+1
000324 9711      	SBIW R26,1
000325 f409      	BRNE _0x2000062
                 _0x2000063:
000326 c009      	RJMP _0x20000CD
                 _0x2000062:
000327 1753      	CP   R21,R19
000328 f010      	BRLO _0x2000067
000329 ff00      	SBRS R16,0
00032a c001      	RJMP _0x2000068
                 _0x2000067:
00032b c011      	RJMP _0x2000066
                 _0x2000068:
00032c e220      	LDI  R18,LOW(32)
00032d ff07      	SBRS R16,7
00032e c00a      	RJMP _0x2000069
00032f e320      	LDI  R18,LOW(48)
                 _0x20000CD:
000330 6100      	ORI  R16,LOW(16)
000331 ff02      	SBRS R16,2
000332 c006      	RJMP _0x200006A
000333 7f0b      	ANDI R16,LOW(251)
000334 934a      	ST   -Y,R20
000335 d0da      	RCALL SUBOPT_0x10
000336 3050      	CPI  R21,0
000337 f009      	BREQ _0x200006B
000338 5051      	SUBI R21,LOW(1)
                 _0x200006B:
                 _0x200006A:
                 _0x2000069:
                 _0x2000061:
000339 d0c9      	RCALL SUBOPT_0xE
00033a 3050      	CPI  R21,0
00033b f009      	BREQ _0x200006C
00033c 5051      	SUBI R21,LOW(1)
                 _0x200006C:
                 _0x2000066:
00033d 5031      	SUBI R19,LOW(1)
00033e 85a8      	LDD  R26,Y+8
00033f 85b9      	LDD  R27,Y+8+1
000340 9712      	SBIW R26,2
000341 f008      	BRLO _0x2000059
000342 cfb8      	RJMP _0x2000058
                 _0x2000059:
                 _0x2000056:
000343 ff00      	SBRS R16,0
000344 c007      	RJMP _0x200006D
                 _0x200006E:
000345 3050      	CPI  R21,0
000346 f029      	BREQ _0x2000070
000347 5051      	SUBI R21,LOW(1)
000348 e2e0      	LDI  R30,LOW(32)
000349 93ea      	ST   -Y,R30
00034a d0c5      	RCALL SUBOPT_0x10
00034b cff9      	RJMP _0x200006E
                 _0x2000070:
                 _0x200006D:
                 _0x2000071:
                 _0x2000030:
                 _0x20000CC:
00034c e010      	LDI  R17,LOW(0)
                 _0x200001B:
00034d ceea      	RJMP _0x2000016
                 _0x2000018:
00034e 85ac      	LDD  R26,Y+12
00034f 85bd      	LDD  R27,Y+12+1
000350 91ed      	LD   R30,X+
000351 91fd      	LD   R31,X+
000352 d0d4      	RCALL __LOADLOCR6
000353 9664      	ADIW R28,20
000354 9508      	RET
                 ; .FEND
                 _printf:
                 ; .FSTART _printf
000355 92ff      	PUSH R15
000356 2ef8      	MOV  R15,R24
000357 9726      	SBIW R28,6
000358 931a      	ST   -Y,R17
000359 930a      	ST   -Y,R16
00035a 01de      	MOVW R26,R28
00035b 9614      	ADIW R26,4
                +
00035c 2400     +CLR R0
00035d 0daf     +ADD R26 , R15
00035e 1db0     +ADC R27 , R0
                 	__ADDW2R15
00035f 018d      	MOVW R16,R26
000360 e0e0      	LDI  R30,LOW(0)
000361 83ec      	STD  Y+4,R30
000362 83ed      	STD  Y+4+1,R30
000363 83ee      	STD  Y+6,R30
000364 83ef      	STD  Y+6+1,R30
000365 01de      	MOVW R26,R28
000366 9618      	ADIW R26,8
                +
000367 2400     +CLR R0
000368 0daf     +ADD R26 , R15
000369 1db0     +ADC R27 , R0
                 	__ADDW2R15
00036a 91ed      	LD   R30,X+
00036b 91fd      	LD   R31,X+
00036c 93fa      	ST   -Y,R31
00036d 93ea      	ST   -Y,R30
00036e 931a      	ST   -Y,R17
00036f 930a      	ST   -Y,R16
000370 e1ef      	LDI  R30,LOW(_put_usart_G100)
000371 e0f2      	LDI  R31,HIGH(_put_usart_G100)
000372 93fa      	ST   -Y,R31
000373 93ea      	ST   -Y,R30
000374 01de      	MOVW R26,R28
000375 9618      	ADIW R26,8
000376 deb6      	RCALL __print_G100
000377 8119      	LDD  R17,Y+1
000378 8108      	LDD  R16,Y+0
000379 9628      	ADIW R28,8
00037a 90ff      	POP  R15
00037b 9508      	RET
                 ; .FEND
                 
                 	.CSEG
                 
                 	.CSEG
                 _strlen:
                 ; .FSTART _strlen
00037c 93ba      	ST   -Y,R27
00037d 93aa      	ST   -Y,R26
00037e 91a9          ld   r26,y+
00037f 91b9          ld   r27,y+
000380 27ee          clr  r30
000381 27ff          clr  r31
                 strlen0:
000382 916d          ld   r22,x+
000383 2366          tst  r22
000384 f011          breq strlen1
000385 9631          adiw r30,1
000386 cffb          rjmp strlen0
                 strlen1:
000387 9508          ret
                 ; .FEND
                 _strlenf:
                 ; .FSTART _strlenf
000388 93ba      	ST   -Y,R27
000389 93aa      	ST   -Y,R26
00038a 27aa          clr  r26
00038b 27bb          clr  r27
00038c 91e9          ld   r30,y+
00038d 91f9          ld   r31,y+
                 strlenf0:
00038e 9005      	lpm  r0,z+
00038f 2000          tst  r0
000390 f011          breq strlenf1
000391 9611          adiw r26,1
000392 cffb          rjmp strlenf0
                 strlenf1:
000393 01fd          movw r30,r26
000394 9508          ret
                 ; .FEND
                 
                 	.DSEG
                 _dc_filter_ir:
000500           	.BYTE 0x4
                 _ac_signal_ir:
000504           	.BYTE 0x4
                 _last_ac_signal_ir:
000508           	.BYTE 0x4
                 _current_time_ms:
00050c           	.BYTE 0x4
                 _last_beat_time:
000510           	.BYTE 0x4
                 
                 	.CSEG
                 ;OPTIMIZER ADDED SUBROUTINE, CALLED 4 TIMES, CODE SIZE REDUCTION:10 WORDS
                 SUBOPT_0x0:
000395 e0f0      	LDI  R31,0
                +
000396 2f6f     +MOV R22 , R31
000397 0f66     +ADD R22 , R22
000398 0b66     +SBC R22 , R22
000399 2f76     +MOV R23 , R22
                 	__CWD1
00039a 9508      	RET
                 
                 ;OPTIMIZER ADDED SUBROUTINE, CALLED 2 TIMES, CODE SIZE REDUCTION:1 WORDS
                 SUBOPT_0x1:
                +
00039b 2f6e     +MOV R22 , R30
00039c 2f7f     +MOV R23 , R31
00039d e0e0     +LDI R30 , 0
00039e e0f0     +LDI R31 , 0
                 	__LSLD16
00039f 9508      	RET
                 
                 ;OPTIMIZER ADDED SUBROUTINE, CALLED 2 TIMES, CODE SIZE REDUCTION:1 WORDS
                 SUBOPT_0x2:
0003a0 01df      	MOVW R26,R30
0003a1 01cb      	MOVW R24,R22
0003a2 e0e8      	LDI  R30,LOW(8)
0003a3 d096      	RCALL __LSLD12
0003a4 9508      	RET
                 
                 ;OPTIMIZER ADDED SUBROUTINE, CALLED 4 TIMES, CODE SIZE REDUCTION:7 WORDS
                 SUBOPT_0x3:
                +
0003a5 2bea     +OR R30 , R26
0003a6 2bfb     +OR R31 , R27
0003a7 2b68     +OR R22 , R24
0003a8 2b79     +OR R23 , R25
                 	__ORD12
0003a9 9508      	RET
                 
                 ;OPTIMIZER ADDED SUBROUTINE, CALLED 2 TIMES, CODE SIZE REDUCTION:5 WORDS
                 SUBOPT_0x4:
0003aa 27ff      	CLR  R31
0003ab 2766      	CLR  R22
0003ac 2777      	CLR  R23
0003ad dff7      	RCALL SUBOPT_0x3
                +
0003ae 7fef     +ANDI R30 , LOW ( 0x3FFFF )
0003af 7fff     +ANDI R31 , HIGH ( 0x3FFFF )
0003b0 7063     +ANDI R22 , BYTE3 ( 0x3FFFF )
0003b1 7070     +ANDI R23 , BYTE4 ( 0x3FFFF )
                 	__ANDD1N 0x3FFFF
0003b2 9508      	RET
                 
                 ;OPTIMIZER ADDED SUBROUTINE, CALLED 2 TIMES, CODE SIZE REDUCTION:1 WORDS
                 SUBOPT_0x5:
                +
0003b3 93ed     +ST X + , R30
0003b4 93fd     +ST X + , R31
0003b5 936d     +ST X + , R22
0003b6 937c     +ST X , R23
                 	__PUTDP1
0003b7 9508      	RET
                 
                 ;OPTIMIZER ADDED SUBROUTINE, CALLED 2 TIMES, CODE SIZE REDUCTION:2 WORDS
                 SUBOPT_0x6:
0003b8 93fa      	ST   -Y,R31
0003b9 93ea      	ST   -Y,R30
0003ba e080      	LDI  R24,0
0003bb df99      	RCALL _printf
0003bc 9622      	ADIW R28,2
0003bd 9508      	RET
                 
                 ;OPTIMIZER ADDED SUBROUTINE, CALLED 2 TIMES, CODE SIZE REDUCTION:2 WORDS
                 SUBOPT_0x7:
                +
0003be 81ec     +LDD R30 , Y + 4
0003bf 81fd     +LDD R31 , Y + 4 + 1
0003c0 816e     +LDD R22 , Y + 4 + 2
0003c1 817f     +LDD R23 , Y + 4 + 3
                 	__GETD1S 4
0003c2 d11f      	RCALL __CDF1U
0003c3 9508      	RET
                 
                 ;OPTIMIZER ADDED SUBROUTINE, CALLED 2 TIMES, CODE SIZE REDUCTION:5 WORDS
                 SUBOPT_0x8:
0003c4 91a0 0500 	LDS  R26,_dc_filter_ir
0003c6 91b0 0501 	LDS  R27,_dc_filter_ir+1
0003c8 9180 0502 	LDS  R24,_dc_filter_ir+2
0003ca 9190 0503 	LDS  R25,_dc_filter_ir+3
0003cc 9508      	RET
                 
                 ;OPTIMIZER ADDED SUBROUTINE, CALLED 2 TIMES, CODE SIZE REDUCTION:5 WORDS
                 SUBOPT_0x9:
0003cd 91a0 0504 	LDS  R26,_ac_signal_ir
0003cf 91b0 0505 	LDS  R27,_ac_signal_ir+1
0003d1 9180 0506 	LDS  R24,_ac_signal_ir+2
0003d3 9190 0507 	LDS  R25,_ac_signal_ir+3
0003d5 9508      	RET
                 
                 ;OPTIMIZER ADDED SUBROUTINE, CALLED 2 TIMES, CODE SIZE REDUCTION:17 WORDS
                 SUBOPT_0xA:
0003d6 91a0 0510 	LDS  R26,_last_beat_time
0003d8 91b0 0511 	LDS  R27,_last_beat_time+1
0003da 9180 0512 	LDS  R24,_last_beat_time+2
0003dc 9190 0513 	LDS  R25,_last_beat_time+3
0003de 91e0 050c 	LDS  R30,_current_time_ms
0003e0 91f0 050d 	LDS  R31,_current_time_ms+1
0003e2 9160 050e 	LDS  R22,_current_time_ms+2
0003e4 9170 050f 	LDS  R23,_current_time_ms+3
                +
0003e6 1bea     +SUB R30 , R26
0003e7 0bfb     +SBC R31 , R27
0003e8 0b68     +SBC R22 , R24
0003e9 0b79     +SBC R23 , R25
                 	__SUBD12
0003ea 9508      	RET
                 
                 ;OPTIMIZER ADDED SUBROUTINE, CALLED 2 TIMES, CODE SIZE REDUCTION:5 WORDS
                 SUBOPT_0xB:
0003eb 91e0 050c 	LDS  R30,_current_time_ms
0003ed 91f0 050d 	LDS  R31,_current_time_ms+1
0003ef 9160 050e 	LDS  R22,_current_time_ms+2
0003f1 9170 050f 	LDS  R23,_current_time_ms+3
0003f3 9508      	RET
                 
                 ;OPTIMIZER ADDED SUBROUTINE, CALLED 2 TIMES, CODE SIZE REDUCTION:5 WORDS
                 SUBOPT_0xC:
0003f4 91e0 0504 	LDS  R30,_ac_signal_ir
0003f6 91f0 0505 	LDS  R31,_ac_signal_ir+1
0003f8 9160 0506 	LDS  R22,_ac_signal_ir+2
0003fa 9170 0507 	LDS  R23,_ac_signal_ir+3
0003fc 9508      	RET
                 
                 ;OPTIMIZER ADDED SUBROUTINE, CALLED 2 TIMES, CODE SIZE REDUCTION:2 WORDS
                 SUBOPT_0xD:
                +
0003fd 2f6f     +MOV R22 , R31
0003fe 0f66     +ADD R22 , R22
0003ff 0b66     +SBC R22 , R22
000400 2f76     +MOV R23 , R22
                 	__CWD1
000401 d077      	RCALL __PUTPARD1
000402 9508      	RET
                 
                 ;OPTIMIZER ADDED SUBROUTINE, CALLED 5 TIMES, CODE SIZE REDUCTION:18 WORDS
                 SUBOPT_0xE:
000403 932a      	ST   -Y,R18
000404 85ad      	LDD  R26,Y+13
000405 85be      	LDD  R27,Y+13+1
000406 85ef      	LDD  R30,Y+15
000407 89f8      	LDD  R31,Y+15+1
000408 9509      	ICALL
000409 9508      	RET
                 
                 ;OPTIMIZER ADDED SUBROUTINE, CALLED 5 TIMES, CODE SIZE REDUCTION:14 WORDS
                 SUBOPT_0xF:
00040a 89e8      	LDD  R30,Y+16
00040b 89f9      	LDD  R31,Y+16+1
00040c 9734      	SBIW R30,4
00040d 8be8      	STD  Y+16,R30
00040e 8bf9      	STD  Y+16+1,R31
00040f 9508      	RET
                 
                 ;OPTIMIZER ADDED SUBROUTINE, CALLED 3 TIMES, CODE SIZE REDUCTION:6 WORDS
                 SUBOPT_0x10:
000410 85ad      	LDD  R26,Y+13
000411 85be      	LDD  R27,Y+13+1
000412 85ef      	LDD  R30,Y+15
000413 89f8      	LDD  R31,Y+15+1
000414 9509      	ICALL
000415 9508      	RET
                 
                 ;OPTIMIZER ADDED SUBROUTINE, CALLED 2 TIMES, CODE SIZE REDUCTION:6 WORDS
                 SUBOPT_0x11:
000416 89a8      	LDD  R26,Y+16
000417 89b9      	LDD  R27,Y+16+1
000418 9614      	ADIW R26,4
000419 91ed      	LD   R30,X+
00041a 91fd      	LD   R31,X+
00041b 83ee      	STD  Y+6,R30
00041c 83ff      	STD  Y+6+1,R31
00041d 81ae      	LDD  R26,Y+6
00041e 81bf      	LDD  R27,Y+6+1
00041f 9508      	RET
                 
                 ;RUNTIME LIBRARY
                 
                 	.CSEG
                 __SAVELOCR6:
000420 935a      	ST   -Y,R21
                 __SAVELOCR5:
000421 934a      	ST   -Y,R20
                 __SAVELOCR4:
000422 933a      	ST   -Y,R19
                 __SAVELOCR3:
000423 932a      	ST   -Y,R18
                 __SAVELOCR2:
000424 931a      	ST   -Y,R17
000425 930a      	ST   -Y,R16
000426 9508      	RET
                 
                 __LOADLOCR6:
000427 815d      	LDD  R21,Y+5
                 __LOADLOCR5:
000428 814c      	LDD  R20,Y+4
                 __LOADLOCR4:
000429 813b      	LDD  R19,Y+3
                 __LOADLOCR3:
00042a 812a      	LDD  R18,Y+2
                 __LOADLOCR2:
00042b 8119      	LDD  R17,Y+1
00042c 8108      	LD   R16,Y
00042d 9508      	RET
                 
                 __ANEGW1:
00042e 95f1      	NEG  R31
00042f 95e1      	NEG  R30
000430 40f0      	SBCI R31,0
000431 9508      	RET
                 
                 __ANEGD1:
000432 95f0      	COM  R31
000433 9560      	COM  R22
000434 9570      	COM  R23
000435 95e1      	NEG  R30
000436 4fff      	SBCI R31,-1
000437 4f6f      	SBCI R22,-1
000438 4f7f      	SBCI R23,-1
000439 9508      	RET
                 
                 __LSLD12:
00043a 23ee      	TST  R30
00043b 2e0e      	MOV  R0,R30
00043c e0e8      	LDI  R30,8
00043d 2e1e      	MOV  R1,R30
00043e 01fd      	MOVW R30,R26
00043f 01bc      	MOVW R22,R24
000440 f079      	BREQ __LSLD12R
                 __LSLD12S8:
000441 1401      	CP   R0,R1
000442 f038      	BRLO __LSLD12L
000443 2f76      	MOV  R23,R22
000444 2f6f      	MOV  R22,R31
000445 2ffe      	MOV  R31,R30
000446 e0e0      	LDI  R30,0
000447 1801      	SUB  R0,R1
000448 f7c1      	BRNE __LSLD12S8
000449 9508      	RET
                 __LSLD12L:
00044a 0fee      	LSL  R30
00044b 1fff      	ROL  R31
00044c 1f66      	ROL  R22
00044d 1f77      	ROL  R23
00044e 940a      	DEC  R0
00044f f7d1      	BRNE __LSLD12L
                 __LSLD12R:
000450 9508      	RET
                 
                 __DIVD21U:
000451 933f      	PUSH R19
000452 934f      	PUSH R20
000453 935f      	PUSH R21
000454 2400      	CLR  R0
000455 2411      	CLR  R1
000456 01a0      	MOVW R20,R0
000457 e230      	LDI  R19,32
                 __DIVD21U1:
000458 0faa      	LSL  R26
000459 1fbb      	ROL  R27
00045a 1f88      	ROL  R24
00045b 1f99      	ROL  R25
00045c 1c00      	ROL  R0
00045d 1c11      	ROL  R1
00045e 1f44      	ROL  R20
00045f 1f55      	ROL  R21
000460 1a0e      	SUB  R0,R30
000461 0a1f      	SBC  R1,R31
000462 0b46      	SBC  R20,R22
000463 0b57      	SBC  R21,R23
000464 f428      	BRCC __DIVD21U2
000465 0e0e      	ADD  R0,R30
000466 1e1f      	ADC  R1,R31
000467 1f46      	ADC  R20,R22
000468 1f57      	ADC  R21,R23
000469 c001      	RJMP __DIVD21U3
                 __DIVD21U2:
00046a 60a1      	SBR  R26,1
                 __DIVD21U3:
00046b 953a      	DEC  R19
00046c f759      	BRNE __DIVD21U1
00046d 01fd      	MOVW R30,R26
00046e 01bc      	MOVW R22,R24
00046f 01d0      	MOVW R26,R0
000470 01ca      	MOVW R24,R20
000471 915f      	POP  R21
000472 914f      	POP  R20
000473 913f      	POP  R19
000474 9508      	RET
                 
                 __GETW1PF:
000475 9005      	LPM  R0,Z+
000476 91f4      	LPM  R31,Z
000477 2de0      	MOV  R30,R0
000478 9508      	RET
                 
                 __PUTPARD1:
000479 937a      	ST   -Y,R23
00047a 936a      	ST   -Y,R22
00047b 93fa      	ST   -Y,R31
00047c 93ea      	ST   -Y,R30
00047d 9508      	RET
                 
                 __ROUND_REPACK:
00047e 2355      	TST  R21
00047f f442      	BRPL __REPACK
000480 3850      	CPI  R21,0x80
000481 f411      	BRNE __ROUND_REPACK0
000482 ffe0      	SBRS R30,0
000483 c004      	RJMP __REPACK
                 __ROUND_REPACK0:
000484 9631      	ADIW R30,1
000485 1f69      	ADC  R22,R25
000486 1f79      	ADC  R23,R25
000487 f06b      	BRVS __REPACK1
                 
                 __REPACK:
000488 e850      	LDI  R21,0x80
000489 2757      	EOR  R21,R23
00048a f411      	BRNE __REPACK0
00048b 935f      	PUSH R21
00048c c0cf      	RJMP __ZERORES
                 __REPACK0:
00048d 3f5f      	CPI  R21,0xFF
00048e f031      	BREQ __REPACK1
00048f 0f66      	LSL  R22
000490 0c00      	LSL  R0
000491 9557      	ROR  R21
000492 9567      	ROR  R22
000493 2f75      	MOV  R23,R21
000494 9508      	RET
                 __REPACK1:
000495 935f      	PUSH R21
000496 2000      	TST  R0
000497 f00a      	BRMI __REPACK2
000498 c0ce      	RJMP __MAXRES
                 __REPACK2:
000499 c0c7      	RJMP __MINRES
                 
                 __UNPACK:
00049a e850      	LDI  R21,0x80
00049b 2e19      	MOV  R1,R25
00049c 2215      	AND  R1,R21
00049d 0f88      	LSL  R24
00049e 1f99      	ROL  R25
00049f 2795      	EOR  R25,R21
0004a0 0f55      	LSL  R21
0004a1 9587      	ROR  R24
                 
                 __UNPACK1:
0004a2 e850      	LDI  R21,0x80
0004a3 2e07      	MOV  R0,R23
0004a4 2205      	AND  R0,R21
0004a5 0f66      	LSL  R22
0004a6 1f77      	ROL  R23
0004a7 2775      	EOR  R23,R21
0004a8 0f55      	LSL  R21
0004a9 9567      	ROR  R22
0004aa 9508      	RET
                 
                 __CFD1U:
0004ab 9468      	SET
0004ac c001      	RJMP __CFD1U0
                 __CFD1:
0004ad 94e8      	CLT
                 __CFD1U0:
0004ae 935f      	PUSH R21
0004af dff2      	RCALL __UNPACK1
0004b0 3870      	CPI  R23,0x80
0004b1 f018      	BRLO __CFD10
0004b2 3f7f      	CPI  R23,0xFF
0004b3 f408      	BRCC __CFD10
0004b4 c0a7      	RJMP __ZERORES
                 __CFD10:
0004b5 e156      	LDI  R21,22
0004b6 1b57      	SUB  R21,R23
0004b7 f4aa      	BRPL __CFD11
0004b8 9551      	NEG  R21
0004b9 3058      	CPI  R21,8
0004ba f40e      	BRTC __CFD19
0004bb 3059      	CPI  R21,9
                 __CFD19:
0004bc f030      	BRLO __CFD17
0004bd efef      	SER  R30
0004be efff      	SER  R31
0004bf ef6f      	SER  R22
0004c0 e77f      	LDI  R23,0x7F
0004c1 f977      	BLD  R23,7
0004c2 c01a      	RJMP __CFD15
                 __CFD17:
0004c3 2777      	CLR  R23
0004c4 2355      	TST  R21
0004c5 f0b9      	BREQ __CFD15
                 __CFD18:
0004c6 0fee      	LSL  R30
0004c7 1fff      	ROL  R31
0004c8 1f66      	ROL  R22
0004c9 1f77      	ROL  R23
0004ca 955a      	DEC  R21
0004cb f7d1      	BRNE __CFD18
0004cc c010      	RJMP __CFD15
                 __CFD11:
0004cd 2777      	CLR  R23
                 __CFD12:
0004ce 3058      	CPI  R21,8
0004cf f028      	BRLO __CFD13
0004d0 2fef      	MOV  R30,R31
0004d1 2ff6      	MOV  R31,R22
0004d2 2f67      	MOV  R22,R23
0004d3 5058      	SUBI R21,8
0004d4 cff9      	RJMP __CFD12
                 __CFD13:
0004d5 2355      	TST  R21
0004d6 f031      	BREQ __CFD15
                 __CFD14:
0004d7 9576      	LSR  R23
0004d8 9567      	ROR  R22
0004d9 95f7      	ROR  R31
0004da 95e7      	ROR  R30
0004db 955a      	DEC  R21
0004dc f7d1      	BRNE __CFD14
                 __CFD15:
0004dd 2000      	TST  R0
0004de f40a      	BRPL __CFD16
0004df df52      	RCALL __ANEGD1
                 __CFD16:
0004e0 915f      	POP  R21
0004e1 9508      	RET
                 
                 __CDF1U:
0004e2 9468      	SET
0004e3 c001      	RJMP __CDF1U0
                 __CDF1:
0004e4 94e8      	CLT
                 __CDF1U0:
0004e5 9730      	SBIW R30,0
0004e6 4060      	SBCI R22,0
0004e7 4070      	SBCI R23,0
0004e8 f0b1      	BREQ __CDF10
0004e9 2400      	CLR  R0
0004ea f026      	BRTS __CDF11
0004eb 2377      	TST  R23
0004ec f412      	BRPL __CDF11
0004ed 9400      	COM  R0
0004ee df43      	RCALL __ANEGD1
                 __CDF11:
0004ef 2e17      	MOV  R1,R23
0004f0 e17e      	LDI  R23,30
0004f1 2011      	TST  R1
                 __CDF12:
0004f2 f032      	BRMI __CDF13
0004f3 957a      	DEC  R23
0004f4 0fee      	LSL  R30
0004f5 1fff      	ROL  R31
0004f6 1f66      	ROL  R22
0004f7 1c11      	ROL  R1
0004f8 cff9      	RJMP __CDF12
                 __CDF13:
0004f9 2fef      	MOV  R30,R31
0004fa 2ff6      	MOV  R31,R22
0004fb 2d61      	MOV  R22,R1
0004fc 935f      	PUSH R21
0004fd df8a      	RCALL __REPACK
0004fe 915f      	POP  R21
                 __CDF10:
0004ff 9508      	RET
                 
                 __SWAPACC:
000500 934f      	PUSH R20
000501 01af      	MOVW R20,R30
000502 01fd      	MOVW R30,R26
000503 01da      	MOVW R26,R20
000504 01ab      	MOVW R20,R22
000505 01bc      	MOVW R22,R24
000506 01ca      	MOVW R24,R20
000507 2d40      	MOV  R20,R0
000508 2c01      	MOV  R0,R1
000509 2e14      	MOV  R1,R20
00050a 914f      	POP  R20
00050b 9508      	RET
                 
                 __UADD12:
00050c 0fea      	ADD  R30,R26
00050d 1ffb      	ADC  R31,R27
00050e 1f68      	ADC  R22,R24
00050f 9508      	RET
                 
                 __NEGMAN1:
000510 95e0      	COM  R30
000511 95f0      	COM  R31
000512 9560      	COM  R22
000513 5fef      	SUBI R30,-1
000514 4fff      	SBCI R31,-1
000515 4f6f      	SBCI R22,-1
000516 9508      	RET
                 
                 __SUBF12:
000517 935f      	PUSH R21
000518 df81      	RCALL __UNPACK
000519 3890      	CPI  R25,0x80
00051a f171      	BREQ __ADDF129
00051b e850      	LDI  R21,0x80
00051c 2615      	EOR  R1,R21
                 
00051d c004      	RJMP __ADDF120
                 
                 __ADDF12:
00051e 935f      	PUSH R21
00051f df7a      	RCALL __UNPACK
000520 3890      	CPI  R25,0x80
000521 f139      	BREQ __ADDF129
                 
                 __ADDF120:
000522 3870      	CPI  R23,0x80
000523 f121      	BREQ __ADDF128
                 __ADDF121:
000524 2f57      	MOV  R21,R23
000525 1b59      	SUB  R21,R25
000526 f12b      	BRVS __ADDF1211
000527 f412      	BRPL __ADDF122
000528 dfd7      	RCALL __SWAPACC
000529 cffa      	RJMP __ADDF121
                 __ADDF122:
00052a 3158      	CPI  R21,24
00052b f018      	BRLO __ADDF123
00052c 27aa      	CLR  R26
00052d 27bb      	CLR  R27
00052e 2788      	CLR  R24
                 __ADDF123:
00052f 3058      	CPI  R21,8
000530 f028      	BRLO __ADDF124
000531 2fab      	MOV  R26,R27
000532 2fb8      	MOV  R27,R24
000533 2788      	CLR  R24
000534 5058      	SUBI R21,8
000535 cff9      	RJMP __ADDF123
                 __ADDF124:
000536 2355      	TST  R21
000537 f029      	BREQ __ADDF126
                 __ADDF125:
000538 9586      	LSR  R24
000539 95b7      	ROR  R27
00053a 95a7      	ROR  R26
00053b 955a      	DEC  R21
00053c f7d9      	BRNE __ADDF125
                 __ADDF126:
00053d 2d50      	MOV  R21,R0
00053e 2551      	EOR  R21,R1
00053f f072      	BRMI __ADDF127
000540 dfcb      	RCALL __UADD12
000541 f438      	BRCC __ADDF129
000542 9567      	ROR  R22
000543 95f7      	ROR  R31
000544 95e7      	ROR  R30
000545 9573      	INC  R23
000546 f413      	BRVC __ADDF129
000547 c01f      	RJMP __MAXRES
                 __ADDF128:
000548 dfb7      	RCALL __SWAPACC
                 __ADDF129:
000549 df3e      	RCALL __REPACK
00054a 915f      	POP  R21
00054b 9508      	RET
                 __ADDF1211:
00054c f7d8      	BRCC __ADDF128
00054d cffb      	RJMP __ADDF129
                 __ADDF127:
00054e 1bea      	SUB  R30,R26
00054f 0bfb      	SBC  R31,R27
000550 0b68      	SBC  R22,R24
000551 f051      	BREQ __ZERORES
000552 f410      	BRCC __ADDF1210
000553 9400      	COM  R0
000554 dfbb      	RCALL __NEGMAN1
                 __ADDF1210:
000555 2366      	TST  R22
000556 f392      	BRMI __ADDF129
000557 0fee      	LSL  R30
000558 1fff      	ROL  R31
000559 1f66      	ROL  R22
00055a 957a      	DEC  R23
00055b f7cb      	BRVC __ADDF1210
                 
                 __ZERORES:
00055c 27ee      	CLR  R30
00055d 27ff      	CLR  R31
00055e 01bf      	MOVW R22,R30
00055f 915f      	POP  R21
000560 9508      	RET
                 
                 __MINRES:
000561 efef      	SER  R30
000562 efff      	SER  R31
000563 e76f      	LDI  R22,0x7F
000564 ef7f      	SER  R23
000565 915f      	POP  R21
000566 9508      	RET
                 
                 __MAXRES:
000567 efef      	SER  R30
000568 efff      	SER  R31
000569 e76f      	LDI  R22,0x7F
00056a e77f      	LDI  R23,0x7F
00056b 915f      	POP  R21
00056c 9508      	RET
                 
                 __MULF12:
00056d 935f      	PUSH R21
00056e df2b      	RCALL __UNPACK
00056f 3870      	CPI  R23,0x80
000570 f359      	BREQ __ZERORES
000571 3890      	CPI  R25,0x80
000572 f349      	BREQ __ZERORES
000573 2401      	EOR  R0,R1
000574 9408      	SEC
000575 1f79      	ADC  R23,R25
000576 f423      	BRVC __MULF124
000577 f324      	BRLT __ZERORES
                 __MULF125:
000578 2000      	TST  R0
000579 f33a      	BRMI __MINRES
00057a cfec      	RJMP __MAXRES
                 __MULF124:
00057b 920f      	PUSH R0
00057c 931f      	PUSH R17
00057d 932f      	PUSH R18
00057e 933f      	PUSH R19
00057f 934f      	PUSH R20
000580 2711      	CLR  R17
000581 2722      	CLR  R18
000582 2799      	CLR  R25
000583 9f68      	MUL  R22,R24
000584 01a0      	MOVW R20,R0
000585 9f8f      	MUL  R24,R31
000586 2d30      	MOV  R19,R0
000587 0d41      	ADD  R20,R1
000588 1f59      	ADC  R21,R25
000589 9f6b      	MUL  R22,R27
00058a 0d30      	ADD  R19,R0
00058b 1d41      	ADC  R20,R1
00058c 1f59      	ADC  R21,R25
00058d 9f8e      	MUL  R24,R30
00058e d027      	RCALL __MULF126
00058f 9fbf      	MUL  R27,R31
000590 d025      	RCALL __MULF126
000591 9f6a      	MUL  R22,R26
000592 d023      	RCALL __MULF126
000593 9fbe      	MUL  R27,R30
000594 d01d      	RCALL __MULF127
000595 9faf      	MUL  R26,R31
000596 d01b      	RCALL __MULF127
000597 9fae      	MUL  R26,R30
000598 0d11      	ADD  R17,R1
000599 1f29      	ADC  R18,R25
00059a 1f39      	ADC  R19,R25
00059b 1f49      	ADC  R20,R25
00059c 1f59      	ADC  R21,R25
00059d 2fe3      	MOV  R30,R19
00059e 2ff4      	MOV  R31,R20
00059f 2f65      	MOV  R22,R21
0005a0 2f52      	MOV  R21,R18
0005a1 914f      	POP  R20
0005a2 913f      	POP  R19
0005a3 912f      	POP  R18
0005a4 911f      	POP  R17
0005a5 900f      	POP  R0
0005a6 2366      	TST  R22
0005a7 f02a      	BRMI __MULF122
0005a8 0f55      	LSL  R21
0005a9 1fee      	ROL  R30
0005aa 1fff      	ROL  R31
0005ab 1f66      	ROL  R22
0005ac c002      	RJMP __MULF123
                 __MULF122:
0005ad 9573      	INC  R23
0005ae f24b      	BRVS __MULF125
                 __MULF123:
0005af dece      	RCALL __ROUND_REPACK
0005b0 915f      	POP  R21
0005b1 9508      	RET
                 
                 __MULF127:
0005b2 0d10      	ADD  R17,R0
0005b3 1d21      	ADC  R18,R1
0005b4 1f39      	ADC  R19,R25
0005b5 c002      	RJMP __MULF128
                 __MULF126:
0005b6 0d20      	ADD  R18,R0
0005b7 1d31      	ADC  R19,R1
                 __MULF128:
0005b8 1f49      	ADC  R20,R25
0005b9 1f59      	ADC  R21,R25
0005ba 9508      	RET
                 
                 __CMPF12:
0005bb 2399      	TST  R25
0005bc f09a      	BRMI __CMPF120
0005bd 2377      	TST  R23
0005be f042      	BRMI __CMPF121
0005bf 1797      	CP   R25,R23
0005c0 f048      	BRLO __CMPF122
0005c1 f429      	BRNE __CMPF121
0005c2 17ae      	CP   R26,R30
0005c3 07bf      	CPC  R27,R31
0005c4 0786      	CPC  R24,R22
0005c5 f020      	BRLO __CMPF122
0005c6 f031      	BREQ __CMPF123
                 __CMPF121:
0005c7 9498      	CLZ
0005c8 9488      	CLC
0005c9 9508      	RET
                 __CMPF122:
0005ca 9498      	CLZ
0005cb 9408      	SEC
0005cc 9508      	RET
                 __CMPF123:
0005cd 9418      	SEZ
0005ce 9488      	CLC
0005cf 9508      	RET
                 __CMPF120:
0005d0 2377      	TST  R23
0005d1 f7c2      	BRPL __CMPF122
0005d2 1797      	CP   R25,R23
0005d3 f398      	BRLO __CMPF121
0005d4 f7a9      	BRNE __CMPF122
0005d5 17ea      	CP   R30,R26
0005d6 07fb      	CPC  R31,R27
0005d7 0768      	CPC  R22,R24
0005d8 f388      	BRLO __CMPF122
0005d9 f399      	BREQ __CMPF123
0005da cfec      	RJMP __CMPF121
                 
                 _delay_ms:
0005db 9610      	adiw r26,0
0005dc f039      	breq __delay_ms1
                 __delay_ms0:
0005dd 95a8      	wdr
                +
0005de ea80     +LDI R24 , LOW ( 0xFA0 )
0005df e09f     +LDI R25 , HIGH ( 0xFA0 )
                +__DELAY_USW_LOOP :
0005e0 9701     +SBIW R24 , 1
0005e1 f7f1     +BRNE __DELAY_USW_LOOP
                 	__DELAY_USW 0xFA0
0005e2 9711      	sbiw r26,1
0005e3 f7c9      	brne __delay_ms0
                 __delay_ms1:
0005e4 9508      	ret
                 
                 ;END OF CODE MARKER
                 __END_OF_CODE:


RESOURCE USE INFORMATION
------------------------

Notice:
The register and instruction counts are symbol table hit counts,
and hence implicitly used resources are not counted, eg, the
'lpm' instruction without operands implicitly uses r0 and z,
none of which are counted.

x,y,z are separate entities in the symbol table and are
counted separately from r26..r31 here.

.dseg memory usage only counts static data declared with .byte

ATmega128A register use summary:
r0 :  39 r1 :  23 r2 :   0 r3 :   0 r4 :   0 r5 :   0 r6 :   0 r7 :   0 
r8 :   0 r9 :   0 r10:   0 r11:   0 r12:   0 r13:   0 r14:   0 r15:   5 
r16:  47 r17:  40 r18:  36 r19:  22 r20:  34 r21:  81 r22:  86 r23:  68 
r24:  44 r25:  38 r26: 117 r27:  54 r28:  19 r29:   1 r30: 256 r31: 114 
x  :  25 y  : 173 z  :   6 
Registers used: 22 out of 35 (62.9%)

ATmega128A instruction use summary:
.lds  :   0 .lds.l:   0 .sts  :   0 .sts.l:   0 adc   :  23 add   :  13 
adiw  :  24 and   :   2 andi  :  12 asr   :   0 bclr  :   0 bld   :   1 
brbc  :   0 brbs  :   0 brcc  :   5 brcs  :   0 break :   0 breq  :  30 
brge  :   3 brhc  :   0 brhs  :   0 brid  :   0 brie  :   0 brlo  :  18 
brlt  :   1 brmi  :   8 brne  :  31 brpl  :   7 brsh  :   4 brtc  :   1 
brts  :   1 brvc  :   3 brvs  :   3 bset  :   0 bst   :   0 call  :   0 
cbi   :   0 cbr   :   0 clc   :   2 clh   :   0 cli   :   1 cln   :   0 
clr   :  25 cls   :   0 clt   :   2 clv   :   0 clz   :   2 com   :   8 
cp    :   8 cpc   :  14 cpi   :  48 cpse  :   0 dec   :   8 des   :   0 
elpm  :   0 eor   :   6 fmul  :   0 fmuls :   0 fmulsu:   0 icall :   2 
ijmp  :   0 in    :   0 inc   :   2 jmp   :  36 ld    :  21 ldd   :  79 
ldi   : 139 lds   :  33 lpm   :   7 lsl   :  12 lsr   :   2 mov   :  49 
movw  :  37 mul   :  10 muls  :   0 mulsu :   0 neg   :   4 nop   :   0 
or    :   4 ori   :   6 out   :   9 pop   :  31 push  :  31 rcall : 116 
ret   :  59 reti  :   0 rjmp  :  77 rol   :  23 ror   :  12 sbc   :  11 
sbci  :  12 sbi   :   0 sbic  :   0 sbis  :   1 sbiw  :  13 sbr   :   1 
sbrc  :   2 sbrs  :  11 sec   :   2 seh   :   0 sei   :   0 sen   :   0 
ser   :   8 ses   :   0 set   :   2 sev   :   0 sez   :   1 sleep :   0 
spm   :   0 st    :  57 std   :  42 sts   :  39 sub   :   7 subi  :  18 
swap  :   0 tst   :  18 wdr   :   1 
Instructions used: 72 out of 117 (61.5%)

ATmega128A memory use summary [bytes]:
Segment   Begin    End      Code   Data   Used    Size   Use%
---------------------------------------------------------------
[.cseg] 0x000000 0x000bca   2934     84   3018  131072   2.3%
[.dseg] 0x000100 0x000514      0     20     20    4096   0.5%
[.eseg] 0x000000 0x000000      0      0      0    4096   0.0%

Assembly complete, 0 errors, 0 warnings
