
AVRASM ver. 2.1.30  C:\working_dir\mircoprocessor\max30102\Debug\List\max_new.asm Sun Nov 23 01:13:01 2025

                 
                 
                 ;CodeVisionAVR C Compiler V4.05 Evaluation
                 ;(C) Copyright 1998-2025 Pavel Haiduc, HP InfoTech S.R.L.
                 ;http://www.hpinfotech.ro
                 
                 ;Build configuration    : Debug
                 ;Chip type              : ATmega128A
                 ;Program type           : Application
                 ;Clock frequency        : 16.000000 MHz
                 ;Memory model           : Small
                 ;Optimize for           : Size
                 ;(s)printf features     : long, width
                 ;(s)scanf features      : int, width
                 ;External RAM size      : 0
                 ;Data Stack size        : 1024 byte(s)
                 ;Heap size              : 0 byte(s)
                 ;Promote 'char' to 'int': Yes
                 ;'char' is unsigned     : Yes
                 ;8 bit enums            : Yes
                 ;Global 'const' stored in FLASH: Yes
                 ;Enhanced function parameter passing: Mode 2
                 ;Enhanced core instructions: On
                 ;Automatic register allocation for global variables: On
                 ;Smart register allocation: On
                 
                 	#define _MODEL_SMALL_
                 
                 	#pragma AVRPART ADMIN PART_NAME ATmega128A
                 	#pragma AVRPART MEMORY PROG_FLASH 131072
                 	#pragma AVRPART MEMORY EEPROM 4096
                 	#pragma AVRPART MEMORY INT_SRAM SIZE 4096
                 	#pragma AVRPART MEMORY INT_SRAM START_ADDR 0x100
                 
                 	#define CALL_SUPPORTED 1
                 
                 	.LISTMAC
                 
                 	.EQU UDRE=0x5
                 	.EQU RXC=0x7
                 	.EQU USR=0xB
                 	.EQU UDR=0xC
                 	.EQU SPSR=0xE
                 	.EQU SPDR=0xF
                 	.EQU EERE=0x0
                 	.EQU EEWE=0x1
                 	.EQU EEMWE=0x2
                 	.EQU EECR=0x1C
                 	.EQU EEDR=0x1D
                 	.EQU EEARL=0x1E
                 	.EQU EEARH=0x1F
                 	.EQU WDTCR=0x21
                 	.EQU MCUCR=0x35
                 	.EQU SPMCSR=0x68
                 	.EQU RAMPZ=0x3B
                 	.EQU SPL=0x3D
                 	.EQU SPH=0x3E
                 	.EQU SREG=0x3F
                 	.EQU XMCRA=0x6D
                 	.EQU XMCRB=0x6C
                 
                 	.DEF R0X0=R0
                 	.DEF R0X1=R1
                 	.DEF R0X2=R2
                 	.DEF R0X3=R3
                 	.DEF R0X4=R4
                 	.DEF R0X5=R5
                 	.DEF R0X6=R6
                 	.DEF R0X7=R7
                 	.DEF R0X8=R8
                 	.DEF R0X9=R9
                 	.DEF R0XA=R10
                 	.DEF R0XB=R11
                 	.DEF R0XC=R12
                 	.DEF R0XD=R13
                 	.DEF R0XE=R14
                 	.DEF R0XF=R15
                 	.DEF R0X10=R16
                 	.DEF R0X11=R17
                 	.DEF R0X12=R18
                 	.DEF R0X13=R19
                 	.DEF R0X14=R20
                 	.DEF R0X15=R21
                 	.DEF R0X16=R22
                 	.DEF R0X17=R23
                 	.DEF R0X18=R24
                 	.DEF R0X19=R25
                 	.DEF R0X1A=R26
                 	.DEF R0X1B=R27
                 	.DEF R0X1C=R28
                 	.DEF R0X1D=R29
                 	.DEF R0X1E=R30
                 	.DEF R0X1F=R31
                 
                 	.EQU __SRAM_START=0x0100
                 	.EQU __SRAM_END=0x10FF
                 	.EQU __DSTACK_SIZE=0x0400
                 	.EQU __HEAP_SIZE=0x0000
                 	.EQU __CLEAR_SRAM_SIZE=__SRAM_END-__SRAM_START+1
                 
                 	.EQU __FLASH_PAGE_SIZE=0x80
                 
                 	.MACRO __CPD1N
                 	CPI  R30,LOW(@0)
                 	LDI  R26,HIGH(@0)
                 	CPC  R31,R26
                 	LDI  R26,BYTE3(@0)
                 	CPC  R22,R26
                 	LDI  R26,BYTE4(@0)
                 	CPC  R23,R26
                 	.ENDM
                 
                 	.MACRO __CPD2N
                 	CPI  R26,LOW(@0)
                 	LDI  R30,HIGH(@0)
                 	CPC  R27,R30
                 	LDI  R30,BYTE3(@0)
                 	CPC  R24,R30
                 	LDI  R30,BYTE4(@0)
                 	CPC  R25,R30
                 	.ENDM
                 
                 	.MACRO __CPWRR
                 	CP   R@0,R@2
                 	CPC  R@1,R@3
                 	.ENDM
                 
                 	.MACRO __CPWRN
                 	CPI  R@0,LOW(@2)
                 	LDI  R30,HIGH(@2)
                 	CPC  R@1,R30
                 	.ENDM
                 
                 	.MACRO __ADDB1MN
                 	SUBI R30,LOW(-@0-(@1))
                 	.ENDM
                 
                 	.MACRO __ADDB2MN
                 	SUBI R26,LOW(-@0-(@1))
                 	.ENDM
                 
                 	.MACRO __ADDW1MN
                 	SUBI R30,LOW(-@0-(@1))
                 	SBCI R31,HIGH(-@0-(@1))
                 	.ENDM
                 
                 	.MACRO __ADDW2MN
                 	SUBI R26,LOW(-@0-(@1))
                 	SBCI R27,HIGH(-@0-(@1))
                 	.ENDM
                 
                 	.MACRO __ADDW1FN
                 	SUBI R30,LOW(-2*@0-(@1))
                 	SBCI R31,HIGH(-2*@0-(@1))
                 	.ENDM
                 
                 	.MACRO __ADDD1FN
                 	SUBI R30,LOW(-2*@0-(@1))
                 	SBCI R31,HIGH(-2*@0-(@1))
                 	SBCI R22,BYTE3(-2*@0-(@1))
                 	.ENDM
                 
                 	.MACRO __ADDD1N
                 	SUBI R30,LOW(-@0)
                 	SBCI R31,HIGH(-@0)
                 	SBCI R22,BYTE3(-@0)
                 	SBCI R23,BYTE4(-@0)
                 	.ENDM
                 
                 	.MACRO __ADDD2N
                 	SUBI R26,LOW(-@0)
                 	SBCI R27,HIGH(-@0)
                 	SBCI R24,BYTE3(-@0)
                 	SBCI R25,BYTE4(-@0)
                 	.ENDM
                 
                 	.MACRO __SUBD1N
                 	SUBI R30,LOW(@0)
                 	SBCI R31,HIGH(@0)
                 	SBCI R22,BYTE3(@0)
                 	SBCI R23,BYTE4(@0)
                 	.ENDM
                 
                 	.MACRO __SUBD2N
                 	SUBI R26,LOW(@0)
                 	SBCI R27,HIGH(@0)
                 	SBCI R24,BYTE3(@0)
                 	SBCI R25,BYTE4(@0)
                 	.ENDM
                 
                 	.MACRO __ANDBMNN
                 	LDS  R30,@0+(@1)
                 	ANDI R30,LOW(@2)
                 	STS  @0+(@1),R30
                 	.ENDM
                 
                 	.MACRO __ANDWMNN
                 	LDS  R30,@0+(@1)
                 	ANDI R30,LOW(@2)
                 	STS  @0+(@1),R30
                 	LDS  R30,@0+(@1)+1
                 	ANDI R30,HIGH(@2)
                 	STS  @0+(@1)+1,R30
                 	.ENDM
                 
                 	.MACRO __ANDD1N
                 	ANDI R30,LOW(@0)
                 	ANDI R31,HIGH(@0)
                 	ANDI R22,BYTE3(@0)
                 	ANDI R23,BYTE4(@0)
                 	.ENDM
                 
                 	.MACRO __ANDD2N
                 	ANDI R26,LOW(@0)
                 	ANDI R27,HIGH(@0)
                 	ANDI R24,BYTE3(@0)
                 	ANDI R25,BYTE4(@0)
                 	.ENDM
                 
                 	.MACRO __ORBMNN
                 	LDS  R30,@0+(@1)
                 	ORI  R30,LOW(@2)
                 	STS  @0+(@1),R30
                 	.ENDM
                 
                 	.MACRO __ORWMNN
                 	LDS  R30,@0+(@1)
                 	ORI  R30,LOW(@2)
                 	STS  @0+(@1),R30
                 	LDS  R30,@0+(@1)+1
                 	ORI  R30,HIGH(@2)
                 	STS  @0+(@1)+1,R30
                 	.ENDM
                 
                 	.MACRO __ORD1N
                 	ORI  R30,LOW(@0)
                 	ORI  R31,HIGH(@0)
                 	ORI  R22,BYTE3(@0)
                 	ORI  R23,BYTE4(@0)
                 	.ENDM
                 
                 	.MACRO __ORD2N
                 	ORI  R26,LOW(@0)
                 	ORI  R27,HIGH(@0)
                 	ORI  R24,BYTE3(@0)
                 	ORI  R25,BYTE4(@0)
                 	.ENDM
                 
                 	.MACRO __DELAY_USB
                 	LDI  R24,LOW(@0)
                 __DELAY_USB_LOOP:
                 	DEC  R24
                 	BRNE __DELAY_USB_LOOP
                 	.ENDM
                 
                 	.MACRO __DELAY_USW
                 	LDI  R24,LOW(@0)
                 	LDI  R25,HIGH(@0)
                 __DELAY_USW_LOOP:
                 	SBIW R24,1
                 	BRNE __DELAY_USW_LOOP
                 	.ENDM
                 
                 	.MACRO __GETW1P
                 	LD   R30,X+
                 	LD   R31,X
                 	SBIW R26,1
                 	.ENDM
                 
                 	.MACRO __GETD1S
                 	LDD  R30,Y+@0
                 	LDD  R31,Y+@0+1
                 	LDD  R22,Y+@0+2
                 	LDD  R23,Y+@0+3
                 	.ENDM
                 
                 	.MACRO __GETD2S
                 	LDD  R26,Y+@0
                 	LDD  R27,Y+@0+1
                 	LDD  R24,Y+@0+2
                 	LDD  R25,Y+@0+3
                 	.ENDM
                 
                 	.MACRO __GETD1P_INC
                 	LD   R30,X+
                 	LD   R31,X+
                 	LD   R22,X+
                 	LD   R23,X+
                 	.ENDM
                 
                 	.MACRO __GETD1P_DEC
                 	LD   R23,-X
                 	LD   R22,-X
                 	LD   R31,-X
                 	LD   R30,-X
                 	.ENDM
                 
                 	.MACRO __PUTDP1
                 	ST   X+,R30
                 	ST   X+,R31
                 	ST   X+,R22
                 	ST   X,R23
                 	.ENDM
                 
                 	.MACRO __PUTDP1_DEC
                 	ST   -X,R23
                 	ST   -X,R22
                 	ST   -X,R31
                 	ST   -X,R30
                 	.ENDM
                 
                 	.MACRO __PUTD1S
                 	STD  Y+@0,R30
                 	STD  Y+@0+1,R31
                 	STD  Y+@0+2,R22
                 	STD  Y+@0+3,R23
                 	.ENDM
                 
                 	.MACRO __PUTD2S
                 	STD  Y+@0,R26
                 	STD  Y+@0+1,R27
                 	STD  Y+@0+2,R24
                 	STD  Y+@0+3,R25
                 	.ENDM
                 
                 	.MACRO __PUTDZ2
                 	STD  Z+@0,R26
                 	STD  Z+@0+1,R27
                 	STD  Z+@0+2,R24
                 	STD  Z+@0+3,R25
                 	.ENDM
                 
                 	.MACRO __CLRD1S
                 	STD  Y+@0,R30
                 	STD  Y+@0+1,R30
                 	STD  Y+@0+2,R30
                 	STD  Y+@0+3,R30
                 	.ENDM
                 
                 	.MACRO __CPD10
                 	SBIW R30,0
                 	SBCI R22,0
                 	SBCI R23,0
                 	.ENDM
                 
                 	.MACRO __CPD20
                 	SBIW R26,0
                 	SBCI R24,0
                 	SBCI R25,0
                 	.ENDM
                 
                 	.MACRO __ADDD12
                 	ADD  R30,R26
                 	ADC  R31,R27
                 	ADC  R22,R24
                 	ADC  R23,R25
                 	.ENDM
                 
                 	.MACRO __ADDD21
                 	ADD  R26,R30
                 	ADC  R27,R31
                 	ADC  R24,R22
                 	ADC  R25,R23
                 	.ENDM
                 
                 	.MACRO __SUBD12
                 	SUB  R30,R26
                 	SBC  R31,R27
                 	SBC  R22,R24
                 	SBC  R23,R25
                 	.ENDM
                 
                 	.MACRO __SUBD21
                 	SUB  R26,R30
                 	SBC  R27,R31
                 	SBC  R24,R22
                 	SBC  R25,R23
                 	.ENDM
                 
                 	.MACRO __ANDD12
                 	AND  R30,R26
                 	AND  R31,R27
                 	AND  R22,R24
                 	AND  R23,R25
                 	.ENDM
                 
                 	.MACRO __ORD12
                 	OR   R30,R26
                 	OR   R31,R27
                 	OR   R22,R24
                 	OR   R23,R25
                 	.ENDM
                 
                 	.MACRO __XORD12
                 	EOR  R30,R26
                 	EOR  R31,R27
                 	EOR  R22,R24
                 	EOR  R23,R25
                 	.ENDM
                 
                 	.MACRO __XORD21
                 	EOR  R26,R30
                 	EOR  R27,R31
                 	EOR  R24,R22
                 	EOR  R25,R23
                 	.ENDM
                 
                 	.MACRO __COMD1
                 	COM  R30
                 	COM  R31
                 	COM  R22
                 	COM  R23
                 	.ENDM
                 
                 	.MACRO __MULD2_2
                 	LSL  R26
                 	ROL  R27
                 	ROL  R24
                 	ROL  R25
                 	.ENDM
                 
                 	.MACRO __LSRD1
                 	LSR  R23
                 	ROR  R22
                 	ROR  R31
                 	ROR  R30
                 	.ENDM
                 
                 	.MACRO __LSLD1
                 	LSL  R30
                 	ROL  R31
                 	ROL  R22
                 	ROL  R23
                 	.ENDM
                 
                 	.MACRO __ASRB4
                 	ASR  R30
                 	ASR  R30
                 	ASR  R30
                 	ASR  R30
                 	.ENDM
                 
                 	.MACRO __ASRW8
                 	MOV  R30,R31
                 	CLR  R31
                 	SBRC R30,7
                 	SER  R31
                 	.ENDM
                 
                 	.MACRO __LSRD16
                 	MOV  R30,R22
                 	MOV  R31,R23
                 	LDI  R22,0
                 	LDI  R23,0
                 	.ENDM
                 
                 	.MACRO __LSLD16
                 	MOV  R22,R30
                 	MOV  R23,R31
                 	LDI  R30,0
                 	LDI  R31,0
                 	.ENDM
                 
                 	.MACRO __CWD1
                 	MOV  R22,R31
                 	ADD  R22,R22
                 	SBC  R22,R22
                 	MOV  R23,R22
                 	.ENDM
                 
                 	.MACRO __CWD2
                 	MOV  R24,R27
                 	ADD  R24,R24
                 	SBC  R24,R24
                 	MOV  R25,R24
                 	.ENDM
                 
                 	.MACRO __SETMSD1
                 	SER  R31
                 	SER  R22
                 	SER  R23
                 	.ENDM
                 
                 	.MACRO __ADDW1R15
                 	CLR  R0
                 	ADD  R30,R15
                 	ADC  R31,R0
                 	.ENDM
                 
                 	.MACRO __ADDW2R15
                 	CLR  R0
                 	ADD  R26,R15
                 	ADC  R27,R0
                 	.ENDM
                 
                 	.MACRO __EQB12
                 	CP   R30,R26
                 	LDI  R30,1
                 	BREQ PC+2
                 	CLR  R30
                 	.ENDM
                 
                 	.MACRO __NEB12
                 	CP   R30,R26
                 	LDI  R30,1
                 	BRNE PC+2
                 	CLR  R30
                 	.ENDM
                 
                 	.MACRO __LEB12
                 	CP   R30,R26
                 	LDI  R30,1
                 	BRGE PC+2
                 	CLR  R30
                 	.ENDM
                 
                 	.MACRO __GEB12
                 	CP   R26,R30
                 	LDI  R30,1
                 	BRGE PC+2
                 	CLR  R30
                 	.ENDM
                 
                 	.MACRO __LTB12
                 	CP   R26,R30
                 	LDI  R30,1
                 	BRLT PC+2
                 	CLR  R30
                 	.ENDM
                 
                 	.MACRO __GTB12
                 	CP   R30,R26
                 	LDI  R30,1
                 	BRLT PC+2
                 	CLR  R30
                 	.ENDM
                 
                 	.MACRO __LEB12U
                 	CP   R30,R26
                 	LDI  R30,1
                 	BRSH PC+2
                 	CLR  R30
                 	.ENDM
                 
                 	.MACRO __GEB12U
                 	CP   R26,R30
                 	LDI  R30,1
                 	BRSH PC+2
                 	CLR  R30
                 	.ENDM
                 
                 	.MACRO __LTB12U
                 	CP   R26,R30
                 	LDI  R30,1
                 	BRLO PC+2
                 	CLR  R30
                 	.ENDM
                 
                 	.MACRO __GTB12U
                 	CP   R30,R26
                 	LDI  R30,1
                 	BRLO PC+2
                 	CLR  R30
                 	.ENDM
                 
                 	.MACRO __CPW01
                 	CLR  R0
                 	CP   R0,R30
                 	CPC  R0,R31
                 	.ENDM
                 
                 	.MACRO __CPW02
                 	CLR  R0
                 	CP   R0,R26
                 	CPC  R0,R27
                 	.ENDM
                 
                 	.MACRO __CPD12
                 	CP   R30,R26
                 	CPC  R31,R27
                 	CPC  R22,R24
                 	CPC  R23,R25
                 	.ENDM
                 
                 	.MACRO __CPD21
                 	CP   R26,R30
                 	CPC  R27,R31
                 	CPC  R24,R22
                 	CPC  R25,R23
                 	.ENDM
                 
                 	.MACRO __BSTB1
                 	CLT
                 	TST  R30
                 	BREQ PC+2
                 	SET
                 	.ENDM
                 
                 	.MACRO __LNEGB1
                 	TST  R30
                 	LDI  R30,1
                 	BREQ PC+2
                 	CLR  R30
                 	.ENDM
                 
                 	.MACRO __LNEGW1
                 	OR   R30,R31
                 	LDI  R30,1
                 	BREQ PC+2
                 	LDI  R30,0
                 	.ENDM
                 
                 	.MACRO __POINTB1MN
                 	LDI  R30,LOW(@0+(@1))
                 	.ENDM
                 
                 	.MACRO __POINTW1MN
                 	LDI  R30,LOW(@0+(@1))
                 	LDI  R31,HIGH(@0+(@1))
                 	.ENDM
                 
                 	.MACRO __POINTD1M
                 	LDI  R30,LOW(@0)
                 	LDI  R31,HIGH(@0)
                 	LDI  R22,BYTE3(@0)
                 	LDI  R23,BYTE4(@0)
                 	.ENDM
                 
                 	.MACRO __POINTW1FN
                 	LDI  R30,LOW(2*@0+(@1))
                 	LDI  R31,HIGH(2*@0+(@1))
                 	.ENDM
                 
                 	.MACRO __POINTD1FN
                 	LDI  R30,LOW(2*@0+(@1))
                 	LDI  R31,HIGH(2*@0+(@1))
                 	LDI  R22,BYTE3(2*@0+(@1))
                 	LDI  R23,BYTE4(2*@0+(@1))
                 	.ENDM
                 
                 	.MACRO __POINTB2MN
                 	LDI  R26,LOW(@0+(@1))
                 	.ENDM
                 
                 	.MACRO __POINTW2MN
                 	LDI  R26,LOW(@0+(@1))
                 	LDI  R27,HIGH(@0+(@1))
                 	.ENDM
                 
                 	.MACRO __POINTD2M
                 	LDI  R26,LOW(@0)
                 	LDI  R27,HIGH(@0)
                 	LDI  R24,BYTE3(@0)
                 	LDI  R25,BYTE4(@0)
                 	.ENDM
                 
                 	.MACRO __POINTW2FN
                 	LDI  R26,LOW(2*@0+(@1))
                 	LDI  R27,HIGH(2*@0+(@1))
                 	.ENDM
                 
                 	.MACRO __POINTD2FN
                 	LDI  R26,LOW(2*@0+(@1))
                 	LDI  R27,HIGH(2*@0+(@1))
                 	LDI  R24,BYTE3(2*@0+(@1))
                 	LDI  R25,BYTE4(2*@0+(@1))
                 	.ENDM
                 
                 	.MACRO __POINTBRM
                 	LDI  R@0,LOW(@1)
                 	.ENDM
                 
                 	.MACRO __POINTWRM
                 	LDI  R@0,LOW(@2)
                 	LDI  R@1,HIGH(@2)
                 	.ENDM
                 
                 	.MACRO __POINTBRMN
                 	LDI  R@0,LOW(@1+(@2))
                 	.ENDM
                 
                 	.MACRO __POINTWRMN
                 	LDI  R@0,LOW(@2+(@3))
                 	LDI  R@1,HIGH(@2+(@3))
                 	.ENDM
                 
                 	.MACRO __POINTWRFN
                 	LDI  R@0,LOW(@2*2+(@3))
                 	LDI  R@1,HIGH(@2*2+(@3))
                 	.ENDM
                 
                 	.MACRO __GETD1N
                 	LDI  R30,LOW(@0)
                 	LDI  R31,HIGH(@0)
                 	LDI  R22,BYTE3(@0)
                 	LDI  R23,BYTE4(@0)
                 	.ENDM
                 
                 	.MACRO __GETD2N
                 	LDI  R26,LOW(@0)
                 	LDI  R27,HIGH(@0)
                 	LDI  R24,BYTE3(@0)
                 	LDI  R25,BYTE4(@0)
                 	.ENDM
                 
                 	.MACRO __GETB1MN
                 	LDS  R30,@0+(@1)
                 	.ENDM
                 
                 	.MACRO __GETB1HMN
                 	LDS  R31,@0+(@1)
                 	.ENDM
                 
                 	.MACRO __GETW1MN
                 	LDS  R30,@0+(@1)
                 	LDS  R31,@0+(@1)+1
                 	.ENDM
                 
                 	.MACRO __GETD1MN
                 	LDS  R30,@0+(@1)
                 	LDS  R31,@0+(@1)+1
                 	LDS  R22,@0+(@1)+2
                 	LDS  R23,@0+(@1)+3
                 	.ENDM
                 
                 	.MACRO __GETBRMN
                 	LDS  R@0,@1+(@2)
                 	.ENDM
                 
                 	.MACRO __GETWRMN
                 	LDS  R@0,@2+(@3)
                 	LDS  R@1,@2+(@3)+1
                 	.ENDM
                 
                 	.MACRO __GETWRZ
                 	LDD  R@0,Z+@2
                 	LDD  R@1,Z+@2+1
                 	.ENDM
                 
                 	.MACRO __GETD2Z
                 	LDD  R26,Z+@0
                 	LDD  R27,Z+@0+1
                 	LDD  R24,Z+@0+2
                 	LDD  R25,Z+@0+3
                 	.ENDM
                 
                 	.MACRO __GETB2MN
                 	LDS  R26,@0+(@1)
                 	.ENDM
                 
                 	.MACRO __GETW2MN
                 	LDS  R26,@0+(@1)
                 	LDS  R27,@0+(@1)+1
                 	.ENDM
                 
                 	.MACRO __GETD2MN
                 	LDS  R26,@0+(@1)
                 	LDS  R27,@0+(@1)+1
                 	LDS  R24,@0+(@1)+2
                 	LDS  R25,@0+(@1)+3
                 	.ENDM
                 
                 	.MACRO __PUTB1MN
                 	STS  @0+(@1),R30
                 	.ENDM
                 
                 	.MACRO __PUTW1MN
                 	STS  @0+(@1),R30
                 	STS  @0+(@1)+1,R31
                 	.ENDM
                 
                 	.MACRO __PUTD1MN
                 	STS  @0+(@1),R30
                 	STS  @0+(@1)+1,R31
                 	STS  @0+(@1)+2,R22
                 	STS  @0+(@1)+3,R23
                 	.ENDM
                 
                 	.MACRO __PUTB1EN
                 	LDI  R26,LOW(@0+(@1))
                 	LDI  R27,HIGH(@0+(@1))
                 	CALL __EEPROMWRB
                 	.ENDM
                 
                 	.MACRO __PUTW1EN
                 	LDI  R26,LOW(@0+(@1))
                 	LDI  R27,HIGH(@0+(@1))
                 	CALL __EEPROMWRW
                 	.ENDM
                 
                 	.MACRO __PUTD1EN
                 	LDI  R26,LOW(@0+(@1))
                 	LDI  R27,HIGH(@0+(@1))
                 	CALL __EEPROMWRD
                 	.ENDM
                 
                 	.MACRO __PUTBR0MN
                 	STS  @0+(@1),R0
                 	.ENDM
                 
                 	.MACRO __PUTBMRN
                 	STS  @0+(@1),R@2
                 	.ENDM
                 
                 	.MACRO __PUTWMRN
                 	STS  @0+(@1),R@2
                 	STS  @0+(@1)+1,R@3
                 	.ENDM
                 
                 	.MACRO __PUTBZR
                 	STD  Z+@1,R@0
                 	.ENDM
                 
                 	.MACRO __PUTWZR
                 	STD  Z+@2,R@0
                 	STD  Z+@2+1,R@1
                 	.ENDM
                 
                 	.MACRO __GETW1R
                 	MOV  R30,R@0
                 	MOV  R31,R@1
                 	.ENDM
                 
                 	.MACRO __GETW2R
                 	MOV  R26,R@0
                 	MOV  R27,R@1
                 	.ENDM
                 
                 	.MACRO __GETWRN
                 	LDI  R@0,LOW(@2)
                 	LDI  R@1,HIGH(@2)
                 	.ENDM
                 
                 	.MACRO __PUTW1R
                 	MOV  R@0,R30
                 	MOV  R@1,R31
                 	.ENDM
                 
                 	.MACRO __PUTW2R
                 	MOV  R@0,R26
                 	MOV  R@1,R27
                 	.ENDM
                 
                 	.MACRO __ADDWRN
                 	SUBI R@0,LOW(-@2)
                 	SBCI R@1,HIGH(-@2)
                 	.ENDM
                 
                 	.MACRO __ADDWRR
                 	ADD  R@0,R@2
                 	ADC  R@1,R@3
                 	.ENDM
                 
                 	.MACRO __SUBWRN
                 	SUBI R@0,LOW(@2)
                 	SBCI R@1,HIGH(@2)
                 	.ENDM
                 
                 	.MACRO __SUBWRR
                 	SUB  R@0,R@2
                 	SBC  R@1,R@3
                 	.ENDM
                 
                 	.MACRO __ANDWRN
                 	ANDI R@0,LOW(@2)
                 	ANDI R@1,HIGH(@2)
                 	.ENDM
                 
                 	.MACRO __ANDWRR
                 	AND  R@0,R@2
                 	AND  R@1,R@3
                 	.ENDM
                 
                 	.MACRO __ORWRN
                 	ORI  R@0,LOW(@2)
                 	ORI  R@1,HIGH(@2)
                 	.ENDM
                 
                 	.MACRO __ORWRR
                 	OR   R@0,R@2
                 	OR   R@1,R@3
                 	.ENDM
                 
                 	.MACRO __EORWRR
                 	EOR  R@0,R@2
                 	EOR  R@1,R@3
                 	.ENDM
                 
                 	.MACRO __GETWRS
                 	LDD  R@0,Y+@2
                 	LDD  R@1,Y+@2+1
                 	.ENDM
                 
                 	.MACRO __PUTBSR
                 	STD  Y+@1,R@0
                 	.ENDM
                 
                 	.MACRO __PUTWSR
                 	STD  Y+@2,R@0
                 	STD  Y+@2+1,R@1
                 	.ENDM
                 
                 	.MACRO __MOVEWRR
                 	MOV  R@0,R@2
                 	MOV  R@1,R@3
                 	.ENDM
                 
                 	.MACRO __INWR
                 	IN   R@0,@2
                 	IN   R@1,@2+1
                 	.ENDM
                 
                 	.MACRO __OUTWR
                 	OUT  @2+1,R@1
                 	OUT  @2,R@0
                 	.ENDM
                 
                 	.MACRO __CALL1MN
                 	LDS  R30,@0+(@1)
                 	LDS  R31,@0+(@1)+1
                 	ICALL
                 	.ENDM
                 
                 	.MACRO __CALL1FN
                 	LDI  R30,LOW(2*@0+(@1))
                 	LDI  R31,HIGH(2*@0+(@1))
                 	CALL __GETW1PF
                 	ICALL
                 	.ENDM
                 
                 	.MACRO __CALL2EN
                 	PUSH R26
                 	PUSH R27
                 	LDI  R26,LOW(@0+(@1))
                 	LDI  R27,HIGH(@0+(@1))
                 	CALL __EEPROMRDW
                 	POP  R27
                 	POP  R26
                 	ICALL
                 	.ENDM
                 
                 	.MACRO __CALL2EX
                 	SUBI R26,LOW(-@0)
                 	SBCI R27,HIGH(-@0)
                 	CALL __EEPROMRDD
                 	ICALL
                 	.ENDM
                 
                 	.MACRO __GETW1STACK
                 	IN   R30,SPL
                 	IN   R31,SPH
                 	ADIW R30,@0+1
                 	LD   R0,Z+
                 	LD   R31,Z
                 	MOV  R30,R0
                 	.ENDM
                 
                 	.MACRO __GETD1STACK
                 	IN   R30,SPL
                 	IN   R31,SPH
                 	ADIW R30,@0+1
                 	LD   R0,Z+
                 	LD   R1,Z+
                 	LD   R22,Z
                 	MOVW R30,R0
                 	.ENDM
                 
                 	.MACRO __NBST
                 	BST  R@0,@1
                 	IN   R30,SREG
                 	LDI  R31,0x40
                 	EOR  R30,R31
                 	OUT  SREG,R30
                 	.ENDM
                 
                 
                 	.MACRO __PUTB1SN
                 	LDD  R26,Y+@0
                 	LDD  R27,Y+@0+1
                 	SUBI R26,LOW(-@1)
                 	SBCI R27,HIGH(-@1)
                 	ST   X,R30
                 	.ENDM
                 
                 	.MACRO __PUTW1SN
                 	LDD  R26,Y+@0
                 	LDD  R27,Y+@0+1
                 	SUBI R26,LOW(-@1)
                 	SBCI R27,HIGH(-@1)
                 	ST   X+,R30
                 	ST   X,R31
                 	.ENDM
                 
                 	.MACRO __PUTD1SN
                 	LDD  R26,Y+@0
                 	LDD  R27,Y+@0+1
                 	SUBI R26,LOW(-@1)
                 	SBCI R27,HIGH(-@1)
                 	ST   X+,R30
                 	ST   X+,R31
                 	ST   X+,R22
                 	ST   X,R23
                 	.ENDM
                 
                 	.MACRO __PUTB1SNS
                 	LDD  R26,Y+@0
                 	LDD  R27,Y+@0+1
                 	ADIW R26,@1
                 	ST   X,R30
                 	.ENDM
                 
                 	.MACRO __PUTW1SNS
                 	LDD  R26,Y+@0
                 	LDD  R27,Y+@0+1
                 	ADIW R26,@1
                 	ST   X+,R30
                 	ST   X,R31
                 	.ENDM
                 
                 	.MACRO __PUTD1SNS
                 	LDD  R26,Y+@0
                 	LDD  R27,Y+@0+1
                 	ADIW R26,@1
                 	ST   X+,R30
                 	ST   X+,R31
                 	ST   X+,R22
                 	ST   X,R23
                 	.ENDM
                 
                 	.MACRO __PUTB1PMN
                 	LDS  R26,@0
                 	LDS  R27,@0+1
                 	SUBI R26,LOW(-@1)
                 	SBCI R27,HIGH(-@1)
                 	ST   X,R30
                 	.ENDM
                 
                 	.MACRO __PUTW1PMN
                 	LDS  R26,@0
                 	LDS  R27,@0+1
                 	SUBI R26,LOW(-@1)
                 	SBCI R27,HIGH(-@1)
                 	ST   X+,R30
                 	ST   X,R31
                 	.ENDM
                 
                 	.MACRO __PUTD1PMN
                 	LDS  R26,@0
                 	LDS  R27,@0+1
                 	SUBI R26,LOW(-@1)
                 	SBCI R27,HIGH(-@1)
                 	ST   X+,R30
                 	ST   X+,R31
                 	ST   X+,R22
                 	ST   X,R23
                 	.ENDM
                 
                 	.MACRO __PUTB1PMNS
                 	LDS  R26,@0
                 	LDS  R27,@0+1
                 	ADIW R26,@1
                 	ST   X,R30
                 	.ENDM
                 
                 	.MACRO __PUTW1PMNS
                 	LDS  R26,@0
                 	LDS  R27,@0+1
                 	ADIW R26,@1
                 	ST   X+,R30
                 	ST   X,R31
                 	.ENDM
                 
                 	.MACRO __PUTD1PMNS
                 	LDS  R26,@0
                 	LDS  R27,@0+1
                 	ADIW R26,@1
                 	ST   X+,R30
                 	ST   X+,R31
                 	ST   X+,R22
                 	ST   X,R23
                 	.ENDM
                 
                 	.MACRO __PUTB1RN
                 	MOVW R26,R@0
                 	SUBI R26,LOW(-@1)
                 	SBCI R27,HIGH(-@1)
                 	ST   X,R30
                 	.ENDM
                 
                 	.MACRO __PUTW1RN
                 	MOVW R26,R@0
                 	SUBI R26,LOW(-@1)
                 	SBCI R27,HIGH(-@1)
                 	ST   X+,R30
                 	ST   X,R31
                 	.ENDM
                 
                 	.MACRO __PUTD1RN
                 	MOVW R26,R@0
                 	SUBI R26,LOW(-@1)
                 	SBCI R27,HIGH(-@1)
                 	ST   X+,R30
                 	ST   X+,R31
                 	ST   X+,R22
                 	ST   X,R23
                 	.ENDM
                 
                 	.MACRO __PUTB1RNS
                 	MOVW R26,R@0
                 	ADIW R26,@1
                 	ST   X,R30
                 	.ENDM
                 
                 	.MACRO __PUTW1RNS
                 	MOVW R26,R@0
                 	ADIW R26,@1
                 	ST   X+,R30
                 	ST   X,R31
                 	.ENDM
                 
                 	.MACRO __PUTD1RNS
                 	MOVW R26,R@0
                 	ADIW R26,@1
                 	ST   X+,R30
                 	ST   X+,R31
                 	ST   X+,R22
                 	ST   X,R23
                 	.ENDM
                 
                 	.MACRO __PUTB1RON
                 	MOV  R26,R@0
                 	MOV  R27,R@1
                 	SUBI R26,LOW(-@2)
                 	SBCI R27,HIGH(-@2)
                 	ST   X,R30
                 	.ENDM
                 
                 	.MACRO __PUTW1RON
                 	MOV  R26,R@0
                 	MOV  R27,R@1
                 	SUBI R26,LOW(-@2)
                 	SBCI R27,HIGH(-@2)
                 	ST   X+,R30
                 	ST   X,R31
                 	.ENDM
                 
                 	.MACRO __PUTD1RON
                 	MOV  R26,R@0
                 	MOV  R27,R@1
                 	SUBI R26,LOW(-@2)
                 	SBCI R27,HIGH(-@2)
                 	ST   X+,R30
                 	ST   X+,R31
                 	ST   X+,R22
                 	ST   X,R23
                 	.ENDM
                 
                 	.MACRO __PUTB1RONS
                 	MOV  R26,R@0
                 	MOV  R27,R@1
                 	ADIW R26,@2
                 	ST   X,R30
                 	.ENDM
                 
                 	.MACRO __PUTW1RONS
                 	MOV  R26,R@0
                 	MOV  R27,R@1
                 	ADIW R26,@2
                 	ST   X+,R30
                 	ST   X,R31
                 	.ENDM
                 
                 	.MACRO __PUTD1RONS
                 	MOV  R26,R@0
                 	MOV  R27,R@1
                 	ADIW R26,@2
                 	ST   X+,R30
                 	ST   X+,R31
                 	ST   X+,R22
                 	ST   X,R23
                 	.ENDM
                 
                 
                 	.MACRO __GETB1SX
                 	MOVW R30,R28
                 	SUBI R30,LOW(-@0)
                 	SBCI R31,HIGH(-@0)
                 	LD   R30,Z
                 	.ENDM
                 
                 	.MACRO __GETB1HSX
                 	MOVW R30,R28
                 	SUBI R30,LOW(-@0)
                 	SBCI R31,HIGH(-@0)
                 	LD   R31,Z
                 	.ENDM
                 
                 	.MACRO __GETW1SX
                 	MOVW R30,R28
                 	SUBI R30,LOW(-@0)
                 	SBCI R31,HIGH(-@0)
                 	CALL __GETW1Z
                 	.ENDM
                 
                 	.MACRO __GETD1SX
                 	MOVW R30,R28
                 	SUBI R30,LOW(-@0)
                 	SBCI R31,HIGH(-@0)
                 	CALL __GETD1Z
                 	.ENDM
                 
                 	.MACRO __GETB2SX
                 	MOVW R26,R28
                 	SUBI R26,LOW(-@0)
                 	SBCI R27,HIGH(-@0)
                 	LD   R26,X
                 	.ENDM
                 
                 	.MACRO __GETW2SX
                 	MOVW R26,R28
                 	SUBI R26,LOW(-@0)
                 	SBCI R27,HIGH(-@0)
                 	CALL __GETW2X
                 	.ENDM
                 
                 	.MACRO __GETD2SX
                 	MOVW R26,R28
                 	SUBI R26,LOW(-@0)
                 	SBCI R27,HIGH(-@0)
                 	CALL __GETD2X
                 	.ENDM
                 
                 	.MACRO __GETBRSX
                 	MOVW R30,R28
                 	SUBI R30,LOW(-@1)
                 	SBCI R31,HIGH(-@1)
                 	LD   R@0,Z
                 	.ENDM
                 
                 	.MACRO __GETWRSX
                 	MOVW R30,R28
                 	SUBI R30,LOW(-@2)
                 	SBCI R31,HIGH(-@2)
                 	LD   R@0,Z+
                 	LD   R@1,Z
                 	.ENDM
                 
                 	.MACRO __GETBRSX2
                 	MOVW R26,R28
                 	SUBI R26,LOW(-@1)
                 	SBCI R27,HIGH(-@1)
                 	LD   R@0,X
                 	.ENDM
                 
                 	.MACRO __GETWRSX2
                 	MOVW R26,R28
                 	SUBI R26,LOW(-@2)
                 	SBCI R27,HIGH(-@2)
                 	LD   R@0,X+
                 	LD   R@1,X
                 	.ENDM
                 
                 	.MACRO __LSLW8SX
                 	MOVW R30,R28
                 	SUBI R30,LOW(-@0)
                 	SBCI R31,HIGH(-@0)
                 	LD   R31,Z
                 	CLR  R30
                 	.ENDM
                 
                 	.MACRO __PUTB1SX
                 	MOVW R26,R28
                 	SUBI R26,LOW(-@0)
                 	SBCI R27,HIGH(-@0)
                 	ST   X,R30
                 	.ENDM
                 
                 	.MACRO __PUTW1SX
                 	MOVW R26,R28
                 	SUBI R26,LOW(-@0)
                 	SBCI R27,HIGH(-@0)
                 	ST   X+,R30
                 	ST   X,R31
                 	.ENDM
                 
                 	.MACRO __PUTD1SX
                 	MOVW R26,R28
                 	SUBI R26,LOW(-@0)
                 	SBCI R27,HIGH(-@0)
                 	ST   X+,R30
                 	ST   X+,R31
                 	ST   X+,R22
                 	ST   X,R23
                 	.ENDM
                 
                 	.MACRO __CLRW1SX
                 	MOVW R26,R28
                 	SUBI R26,LOW(-@0)
                 	SBCI R27,HIGH(-@0)
                 	ST   X+,R30
                 	ST   X,R30
                 	.ENDM
                 
                 	.MACRO __CLRD1SX
                 	MOVW R26,R28
                 	SUBI R26,LOW(-@0)
                 	SBCI R27,HIGH(-@0)
                 	ST   X+,R30
                 	ST   X+,R30
                 	ST   X+,R30
                 	ST   X,R30
                 	.ENDM
                 
                 	.MACRO __PUTB2SX
                 	MOVW R30,R28
                 	SUBI R30,LOW(-@0)
                 	SBCI R31,HIGH(-@0)
                 	ST   Z,R26
                 	.ENDM
                 
                 	.MACRO __PUTW2SX
                 	MOVW R30,R28
                 	SUBI R30,LOW(-@0)
                 	SBCI R31,HIGH(-@0)
                 	ST   Z+,R26
                 	ST   Z,R27
                 	.ENDM
                 
                 	.MACRO __PUTD2SX
                 	MOVW R30,R28
                 	SUBI R30,LOW(-@0)
                 	SBCI R31,HIGH(-@0)
                 	ST   Z+,R26
                 	ST   Z+,R27
                 	ST   Z+,R24
                 	ST   Z,R25
                 	.ENDM
                 
                 	.MACRO __PUTBSRX
                 	MOVW R30,R28
                 	SUBI R30,LOW(-@1)
                 	SBCI R31,HIGH(-@1)
                 	ST   Z,R@0
                 	.ENDM
                 
                 	.MACRO __PUTWSRX
                 	MOVW R30,R28
                 	SUBI R30,LOW(-@2)
                 	SBCI R31,HIGH(-@2)
                 	ST   Z+,R@0
                 	ST   Z,R@1
                 	.ENDM
                 
                 	.MACRO __PUTB1SNX
                 	MOVW R26,R28
                 	SUBI R26,LOW(-@0)
                 	SBCI R27,HIGH(-@0)
                 	LD   R0,X+
                 	LD   R27,X
                 	MOV  R26,R0
                 	SUBI R26,LOW(-@1)
                 	SBCI R27,HIGH(-@1)
                 	ST   X,R30
                 	.ENDM
                 
                 	.MACRO __PUTW1SNX
                 	MOVW R26,R28
                 	SUBI R26,LOW(-@0)
                 	SBCI R27,HIGH(-@0)
                 	LD   R0,X+
                 	LD   R27,X
                 	MOV  R26,R0
                 	SUBI R26,LOW(-@1)
                 	SBCI R27,HIGH(-@1)
                 	ST   X+,R30
                 	ST   X,R31
                 	.ENDM
                 
                 	.MACRO __PUTD1SNX
                 	MOVW R26,R28
                 	SUBI R26,LOW(-@0)
                 	SBCI R27,HIGH(-@0)
                 	LD   R0,X+
                 	LD   R27,X
                 	MOV  R26,R0
                 	SUBI R26,LOW(-@1)
                 	SBCI R27,HIGH(-@1)
                 	ST   X+,R30
                 	ST   X+,R31
                 	ST   X+,R22
                 	ST   X,R23
                 	.ENDM
                 
                 	.MACRO __MULBRR
                 	MULS R@0,R@1
                 	MOVW R30,R0
                 	.ENDM
                 
                 	.MACRO __MULBRRU
                 	MUL  R@0,R@1
                 	MOVW R30,R0
                 	.ENDM
                 
                 	.MACRO __MULBRR0
                 	MULS R@0,R@1
                 	.ENDM
                 
                 	.MACRO __MULBRRU0
                 	MUL  R@0,R@1
                 	.ENDM
                 
                 	.MACRO __MULBNWRU
                 	LDI  R26,@2
                 	MUL  R26,R@0
                 	MOVW R30,R0
                 	MUL  R26,R@1
                 	ADD  R31,R0
                 	.ENDM
                 
                 	.CSEG
                 	.ORG 0x00
                 
                 ;START OF CODE MARKER
                 __START_OF_CODE:
                 
                 ;INTERRUPT VECTORS
000000 940c 005b 	JMP  __RESET
000002 940c 0000 	JMP  0x00
000004 940c 0000 	JMP  0x00
000006 940c 0000 	JMP  0x00
000008 940c 0000 	JMP  0x00
00000a 940c 0000 	JMP  0x00
00000c 940c 0000 	JMP  0x00
00000e 940c 0000 	JMP  0x00
000010 940c 0000 	JMP  0x00
000012 940c 0000 	JMP  0x00
000014 940c 0000 	JMP  0x00
000016 940c 0000 	JMP  0x00
000018 940c 0000 	JMP  0x00
00001a 940c 0000 	JMP  0x00
00001c 940c 0000 	JMP  0x00
00001e 940c 0000 	JMP  0x00
000020 940c 0000 	JMP  0x00
000022 940c 0000 	JMP  0x00
000024 940c 0000 	JMP  0x00
000026 940c 0000 	JMP  0x00
000028 940c 0000 	JMP  0x00
00002a 940c 0000 	JMP  0x00
00002c 940c 0000 	JMP  0x00
00002e 940c 0000 	JMP  0x00
000030 940c 0000 	JMP  0x00
000032 940c 0000 	JMP  0x00
000034 940c 0000 	JMP  0x00
000036 940c 0000 	JMP  0x00
000038 940c 0000 	JMP  0x00
00003a 940c 0000 	JMP  0x00
00003c 940c 0000 	JMP  0x00
00003e 940c 0000 	JMP  0x00
000040 940c 0000 	JMP  0x00
000042 940c 0000 	JMP  0x00
000044 940c 0000 	JMP  0x00
                 
                 _0x0:
000046 414d
000047 3358
000048 3130
000049 3230      	.DB  0x4D,0x41,0x58,0x33,0x30,0x31,0x30,0x32
00004a 4920
00004b 696e
00004c 2e74
00004d 2e2e      	.DB  0x20,0x49,0x6E,0x69,0x74,0x2E,0x2E,0x2E
00004e 0a0d
00004f 4900
000050 696e
000051 2074      	.DB  0xD,0xA,0x0,0x49,0x6E,0x69,0x74,0x20
000052 6f44
000053 656e
000054 0d2e
000055 000a      	.DB  0x44,0x6F,0x6E,0x65,0x2E,0xD,0xA,0x0
000056 6c25
000057 2c64
000058 6c25
000059 0d64      	.DB  0x25,0x6C,0x64,0x2C,0x25,0x6C,0x64,0xD
00005a 000a      	.DB  0xA,0x0
                 __RESET:
00005b 94f8      	CLI
                 
00005c 27ee      	CLR  R30
00005d bbec      	OUT  EECR,R30
                 
                 ;INTERRUPT VECTORS ARE PLACED
                 ;AT THE START OF FLASH
00005e e0f1      	LDI  R31,1
00005f bff5      	OUT  MCUCR,R31
000060 bfe5      	OUT  MCUCR,R30
000061 93e0 006c 	STS  XMCRB,R30
                 
                 ;CLEAR R2-R14
000063 e08d      	LDI  R24,(14-2)+1
000064 e0a2      	LDI  R26,2
000065 27bb      	CLR  R27
                 __CLEAR_REG:
000066 93ed      	ST   X+,R30
000067 958a      	DEC  R24
000068 f7e9      	BRNE __CLEAR_REG
                 
                 ;CLEAR SRAM
000069 e080      	LDI  R24,LOW(__CLEAR_SRAM_SIZE)
00006a e190      	LDI  R25,HIGH(__CLEAR_SRAM_SIZE)
00006b e0a0      	LDI  R26,LOW(__SRAM_START)
00006c e0b1      	LDI  R27,HIGH(__SRAM_START)
                 __CLEAR_SRAM:
00006d 93ed      	ST   X+,R30
00006e 9701      	SBIW R24,1
00006f f7e9      	BRNE __CLEAR_SRAM
                 
000070 bf8b      	OUT  RAMPZ,R24
                 
                 ;HARDWARE STACK POINTER INITIALIZATION
000071 efef      	LDI  R30,LOW(__SRAM_END-__HEAP_SIZE)
000072 bfed      	OUT  SPL,R30
000073 e1e0      	LDI  R30,HIGH(__SRAM_END-__HEAP_SIZE)
000074 bfee      	OUT  SPH,R30
                 
                 ;DATA STACK POINTER INITIALIZATION
000075 e0c0      	LDI  R28,LOW(__SRAM_START+__DSTACK_SIZE)
000076 e0d5      	LDI  R29,HIGH(__SRAM_START+__DSTACK_SIZE)
                 
000077 940c 018b 	JMP  _main
                 
                 	.ESEG
                 	.ORG 0x00
                 
                 	.DSEG
                 	.ORG 0x500
                 
                 	.CSEG
                 	#ifndef __SLEEP_DEFINED__
                 	#define __SLEEP_DEFINED__
                 	.EQU __se_bit=0x20
                 	.EQU __sm_mask=0x1C
                 	.EQU __sm_powerdown=0x10
                 	.EQU __sm_powersave=0x18
                 	.EQU __sm_standby=0x14
                 	.EQU __sm_ext_standby=0x1C
                 	.EQU __sm_adc_noise_red=0x08
                 	.SET power_ctrl_reg=mcucr
                 	#endif
                 	#ifndef __SLEEP_DEFINED__
                 	#endif
                 ;void TWI_init(void) {
                 ; 0000 0022 void TWI_init(void) {
                 
                 	.CSEG
                 _TWI_init:
                 ; .FSTART _TWI_init
                 ; 0000 0023 // SCL 주파수 설정: 16MHz 기준 약 100kHz
                 ; 0000 0024 TWSR = 0x00; // Prescaler = 1
000079 e0e0      	LDI  R30,LOW(0)
00007a 93e0 0071 	STS  113,R30
                 ; 0000 0025 TWBR = 72;
00007c e4e8      	LDI  R30,LOW(72)
00007d 93e0 0070 	STS  112,R30
                 ; 0000 0026 TWCR = (1 << TWEN); // TWI 활성화
00007f e0e4      	LDI  R30,LOW(4)
000080 c009      	RJMP _0x2060003
                 ; 0000 0027 }
                 ; .FEND
                 ;void TWI_start(void) {
                 ; 0000 0029 void TWI_start(void) {
                 _TWI_start:
                 ; .FSTART _TWI_start
                 ; 0000 002A TWCR = (1 << TWINT) | (1 << TWSTA) | (1 << TWEN);
000081 eae4      	LDI  R30,LOW(164)
000082 93e0 0074 	STS  116,R30
                 ; 0000 002B while (!(TWCR & (1 << TWINT))); // 완료 대기
                 _0x3:
000084 91e0 0074 	LDS  R30,116
000086 78e0      	ANDI R30,LOW(0x80)
000087 f3e1      	BREQ _0x3
                 ; 0000 002C }
000088 9508      	RET
                 ; .FEND
                 ;void TWI_stop(void) {
                 ; 0000 002E void TWI_stop(void) {
                 _TWI_stop:
                 ; .FSTART _TWI_stop
                 ; 0000 002F TWCR = (1 << TWINT) | (1 << TWSTO) | (1 << TWEN);
000089 e9e4      	LDI  R30,LOW(148)
                 _0x2060003:
00008a 93e0 0074 	STS  116,R30
                 ; 0000 0030 }
00008c 9508      	RET
                 ; .FEND
                 ;void TWI_write(unsigned char data) {
                 ; 0000 0032 void TWI_write(unsigned char data) {
                 _TWI_write:
                 ; .FSTART _TWI_write
                 ; 0000 0033 TWDR = data;
00008d 931a      	ST   -Y,R17
00008e 2f1a      	MOV  R17,R26
                 ;	data -> R17
00008f 9310 0073 	STS  115,R17
                 ; 0000 0034 TWCR = (1 << TWINT) | (1 << TWEN);
000091 e8e4      	LDI  R30,LOW(132)
000092 93e0 0074 	STS  116,R30
                 ; 0000 0035 while (!(TWCR & (1 << TWINT)));
                 _0x6:
000094 91e0 0074 	LDS  R30,116
000096 78e0      	ANDI R30,LOW(0x80)
000097 f3e1      	BREQ _0x6
                 ; 0000 0036 }
000098 9119      	LD   R17,Y+
000099 9508      	RET
                 ; .FEND
                 ;unsigned char TWI_read_ack(void) {
                 ; 0000 0038 unsigned char TWI_read_ack(void) {
                 _TWI_read_ack:
                 ; .FSTART _TWI_read_ack
                 ; 0000 0039 TWCR = (1 << TWINT) | (1 << TWEN) | (1 << TWEA);
00009a ece4      	LDI  R30,LOW(196)
00009b 93e0 0074 	STS  116,R30
                 ; 0000 003A while (!(TWCR & (1 << TWINT)));
                 _0x9:
00009d 91e0 0074 	LDS  R30,116
00009f 78e0      	ANDI R30,LOW(0x80)
0000a0 f3e1      	BREQ _0x9
                 ; 0000 003B return TWDR;
0000a1 c007      	RJMP _0x2060002
                 ; 0000 003C }
                 ; .FEND
                 ;unsigned char TWI_read_nack(void) {
                 ; 0000 003E unsigned char TWI_read_nack(void) {
                 _TWI_read_nack:
                 ; .FSTART _TWI_read_nack
                 ; 0000 003F TWCR = (1 << TWINT) | (1 << TWEN);
0000a2 e8e4      	LDI  R30,LOW(132)
0000a3 93e0 0074 	STS  116,R30
                 ; 0000 0040 while (!(TWCR & (1 << TWINT)));
                 _0xC:
0000a5 91e0 0074 	LDS  R30,116
0000a7 78e0      	ANDI R30,LOW(0x80)
0000a8 f3e1      	BREQ _0xC
                 ; 0000 0041 return TWDR;
                 _0x2060002:
0000a9 91e0 0073 	LDS  R30,115
0000ab 9508      	RET
                 ; 0000 0042 }
                 ; .FEND
                 ;void MAX30102_writeReg(unsigned char reg, unsigned char value) {
                 ; 0000 0045 void MAX30102_writeReg(unsigned char reg, unsigned char value) {
                 _MAX30102_writeReg:
                 ; .FSTART _MAX30102_writeReg
                 ; 0000 0046 TWI_start();
0000ac 931a      	ST   -Y,R17
0000ad 930a      	ST   -Y,R16
0000ae 2f1a      	MOV  R17,R26
0000af 810a      	LDD  R16,Y+2
                 ;	reg -> R16
                 ;	value -> R17
0000b0 d2b1      	RCALL SUBOPT_0x0
                 ; 0000 0047 TWI_write(MAX30102_ADDR_W);
                 ; 0000 0048 TWI_write(reg);
                 ; 0000 0049 TWI_write(value);
0000b1 2fa1      	MOV  R26,R17
0000b2 dfda      	RCALL _TWI_write
                 ; 0000 004A TWI_stop();
0000b3 dfd5      	RCALL _TWI_stop
                 ; 0000 004B }
0000b4 8119      	LDD  R17,Y+1
0000b5 8108      	LDD  R16,Y+0
0000b6 9623      	ADIW R28,3
0000b7 9508      	RET
                 ; .FEND
                 ;unsigned char MAX30102_readReg(unsigned char reg) {
                 ; 0000 004D unsigned char MAX30102_readReg(unsigned char reg) {
                 _MAX30102_readReg:
                 ; .FSTART _MAX30102_readReg
                 ; 0000 004E unsigned char data;
                 ; 0000 004F TWI_start();
0000b8 931a      	ST   -Y,R17
0000b9 930a      	ST   -Y,R16
0000ba 2f0a      	MOV  R16,R26
                 ;	reg -> R16
                 ;	data -> R17
0000bb d2a6      	RCALL SUBOPT_0x0
                 ; 0000 0050 TWI_write(MAX30102_ADDR_W);
                 ; 0000 0051 TWI_write(reg);
                 ; 0000 0052 TWI_start(); // Repeated Start
0000bc dfc4      	RCALL _TWI_start
                 ; 0000 0053 TWI_write(MAX30102_ADDR_R);
0000bd eaaf      	LDI  R26,LOW(175)
0000be dfce      	RCALL _TWI_write
                 ; 0000 0054 data = TWI_read_nack();
0000bf dfe2      	RCALL _TWI_read_nack
0000c0 2f1e      	MOV  R17,R30
                 ; 0000 0055 TWI_stop();
0000c1 dfc7      	RCALL _TWI_stop
                 ; 0000 0056 return data;
0000c2 2fe1      	MOV  R30,R17
0000c3 9109      	LD   R16,Y+
0000c4 9119      	LD   R17,Y+
0000c5 9508      	RET
                 ; 0000 0057 }
                 ; .FEND
                 ;void MAX30102_init(void) {
                 ; 0000 0059 void MAX30102_init(void) {
                 _MAX30102_init:
                 ; .FSTART _MAX30102_init
                 ; 0000 005A // 1. Reset
                 ; 0000 005B MAX30102_writeReg(REG_MODE_CONFIG, 0x40);
0000c6 e0e9      	LDI  R30,LOW(9)
0000c7 93ea      	ST   -Y,R30
0000c8 e4a0      	LDI  R26,LOW(64)
0000c9 dfe2      	RCALL _MAX30102_writeReg
                 ; 0000 005C delay_ms(100);
0000ca e6a4      	LDI  R26,LOW(100)
0000cb e0b0      	LDI  R27,0
0000cc d450      	RCALL _delay_ms
                 ; 0000 005D 
                 ; 0000 005E // 2. FIFO Config: Sample Avg=4, Rollover=Enable
                 ; 0000 005F MAX30102_writeReg(REG_FIFO_CONFIG, 0x50);
0000cd e0e8      	LDI  R30,LOW(8)
0000ce 93ea      	ST   -Y,R30
0000cf e5a0      	LDI  R26,LOW(80)
0000d0 dfdb      	RCALL _MAX30102_writeReg
                 ; 0000 0060 
                 ; 0000 0061 // 3. Mode Config: SpO2 Mode (Red + IR)
                 ; 0000 0062 MAX30102_writeReg(REG_MODE_CONFIG, 0x03);
0000d1 e0e9      	LDI  R30,LOW(9)
0000d2 93ea      	ST   -Y,R30
0000d3 e0a3      	LDI  R26,LOW(3)
0000d4 dfd7      	RCALL _MAX30102_writeReg
                 ; 0000 0063 
                 ; 0000 0064 // 4. SpO2 Config: ADC Range 4096nA, 100Hz, 411us Pulse
                 ; 0000 0065 MAX30102_writeReg(REG_SPO2_CONFIG, 0x27);
0000d5 e0ea      	LDI  R30,LOW(10)
0000d6 93ea      	ST   -Y,R30
0000d7 e2a7      	LDI  R26,LOW(39)
0000d8 dfd3      	RCALL _MAX30102_writeReg
                 ; 0000 0066 
                 ; 0000 0067 // 5. LED Pulse Amplitude (약 6~7mA)
                 ; 0000 0068 MAX30102_writeReg(REG_LED1_PA, 0x24);
0000d9 e0ec      	LDI  R30,LOW(12)
0000da 93ea      	ST   -Y,R30
0000db e2a4      	LDI  R26,LOW(36)
0000dc dfcf      	RCALL _MAX30102_writeReg
                 ; 0000 0069 MAX30102_writeReg(REG_LED2_PA, 0x24);
0000dd e0ed      	LDI  R30,LOW(13)
0000de 93ea      	ST   -Y,R30
0000df e2a4      	LDI  R26,LOW(36)
0000e0 dfcb      	RCALL _MAX30102_writeReg
                 ; 0000 006A 
                 ; 0000 006B // 포인터 초기화
                 ; 0000 006C MAX30102_writeReg(REG_FIFO_WR_PTR, 0x00);
0000e1 e0e4      	LDI  R30,LOW(4)
0000e2 93ea      	ST   -Y,R30
0000e3 e0a0      	LDI  R26,LOW(0)
0000e4 dfc7      	RCALL _MAX30102_writeReg
                 ; 0000 006D MAX30102_writeReg(REG_OVF_COUNTER, 0x00);
0000e5 e0e5      	LDI  R30,LOW(5)
0000e6 93ea      	ST   -Y,R30
0000e7 e0a0      	LDI  R26,LOW(0)
0000e8 dfc3      	RCALL _MAX30102_writeReg
                 ; 0000 006E MAX30102_writeReg(REG_FIFO_RD_PTR, 0x00);
0000e9 e0e6      	LDI  R30,LOW(6)
0000ea 93ea      	ST   -Y,R30
0000eb e0a0      	LDI  R26,LOW(0)
0000ec dfbf      	RCALL _MAX30102_writeReg
                 ; 0000 006F }
0000ed 9508      	RET
                 ; .FEND
                 ;unsigned char MAX30102_readFIFO(uint32_t *red_led, uint32_t *ir_led) {
                 ; 0000 0072 unsigned char MAX30102_readFIFO(uint32_t *red_led, uint32_t *ir_led) {
                 _MAX30102_readFIFO:
                 ; .FSTART _MAX30102_readFIFO
                 ; 0000 0073 unsigned char ptr_w, ptr_r;
                 ; 0000 0074 unsigned char d[6];
                 ; 0000 0075 int i;
                 ; 0000 0076 
                 ; 0000 0077 ptr_w = MAX30102_readReg(REG_FIFO_WR_PTR);
0000ee 9726      	SBIW R28,6
0000ef d2e7      	RCALL __SAVELOCR6
0000f0 01ad      	MOVW R20,R26
                 ;	*red_led -> Y+12
                 ;	*ir_led -> R20,R21
                 ;	ptr_w -> R17
                 ;	ptr_r -> R16
                 ;	d -> Y+6
                 ;	i -> R18,R19
0000f1 e0a4      	LDI  R26,LOW(4)
0000f2 dfc5      	RCALL _MAX30102_readReg
0000f3 2f1e      	MOV  R17,R30
                 ; 0000 0078 ptr_r = MAX30102_readReg(REG_FIFO_RD_PTR);
0000f4 e0a6      	LDI  R26,LOW(6)
0000f5 dfc2      	RCALL _MAX30102_readReg
0000f6 2f0e      	MOV  R16,R30
                 ; 0000 0079 
                 ; 0000 007A if (ptr_w == ptr_r) return 0; // 데이터 없음
0000f7 1701      	CP   R16,R17
0000f8 f411      	BRNE _0xF
0000f9 e0e0      	LDI  R30,LOW(0)
0000fa c04b      	RJMP _0x2060001
                 ; 0000 007B 
                 ; 0000 007C // Burst Read
                 ; 0000 007D TWI_start();
                 _0xF:
0000fb df85      	RCALL _TWI_start
                 ; 0000 007E TWI_write(MAX30102_ADDR_W);
0000fc eaae      	LDI  R26,LOW(174)
0000fd df8f      	RCALL _TWI_write
                 ; 0000 007F TWI_write(REG_FIFO_DATA);
0000fe e0a7      	LDI  R26,LOW(7)
0000ff df8d      	RCALL _TWI_write
                 ; 0000 0080 TWI_start();
000100 df80      	RCALL _TWI_start
                 ; 0000 0081 TWI_write(MAX30102_ADDR_R);
000101 eaaf      	LDI  R26,LOW(175)
000102 df8a      	RCALL _TWI_write
                 ; 0000 0082 
                 ; 0000 0083 for(i=0; i<5; i++) d[i] = TWI_read_ack();
                +
000103 e020     +LDI R18 , LOW ( 0 )
000104 e030     +LDI R19 , HIGH ( 0 )
                 	__GETWRN 18,19,0
                 _0x11:
                +
000105 3025     +CPI R18 , LOW ( 5 )
000106 e0e0     +LDI R30 , HIGH ( 5 )
000107 073e     +CPC R19 , R30
                 	__CPWRN 18,19,5
000108 f474      	BRGE _0x12
000109 01f9      	MOVW R30,R18
00010a 01de      	MOVW R26,R28
00010b 9616      	ADIW R26,6
00010c 0fea      	ADD  R30,R26
00010d 1ffb      	ADC  R31,R27
00010e 93ff      	PUSH R31
00010f 93ef      	PUSH R30
000110 df89      	RCALL _TWI_read_ack
000111 91af      	POP  R26
000112 91bf      	POP  R27
000113 93ec      	ST   X,R30
                +
000114 5f2f     +SUBI R18 , LOW ( - 1 )
000115 4f3f     +SBCI R19 , HIGH ( - 1 )
                 	__ADDWRN 18,19,1
000116 cfee      	RJMP _0x11
                 _0x12:
                 ; 0000 0084 d[5] = TWI_read_nack();
000117 df8a      	RCALL _TWI_read_nack
000118 87eb      	STD  Y+11,R30
                 ; 0000 0085 TWI_stop();
000119 df6f      	RCALL _TWI_stop
                 ; 0000 0086 
                 ; 0000 0087 // 데이터 조합 (18비트)
                 ; 0000 0088 *red_led = ((uint32_t)d[0] << 16 | (uint32_t)d[1] << 8 | d[2]) & 0x03FFFF;
00011a 81ee      	LDD  R30,Y+6
00011b d24b      	RCALL SUBOPT_0x1
00011c d250      	RCALL SUBOPT_0x2
00011d 937f      	PUSH R23
00011e 936f      	PUSH R22
00011f 93ff      	PUSH R31
000120 93ef      	PUSH R30
000121 81ef      	LDD  R30,Y+7
000122 d244      	RCALL SUBOPT_0x1
000123 d24e      	RCALL SUBOPT_0x3
000124 91af      	POP  R26
000125 91bf      	POP  R27
000126 918f      	POP  R24
000127 919f      	POP  R25
000128 d24e      	RCALL SUBOPT_0x4
000129 01df      	MOVW R26,R30
00012a 01cb      	MOVW R24,R22
00012b 85e8      	LDD  R30,Y+8
00012c d24f      	RCALL SUBOPT_0x5
00012d 85ac      	LDD  R26,Y+12
00012e 85bd      	LDD  R27,Y+12+1
00012f d255      	RCALL SUBOPT_0x6
                 ; 0000 0089 *ir_led  = ((uint32_t)d[3] << 16 | (uint32_t)d[4] << 8 | d[5]) & 0x03FFFF;
000130 85e9      	LDD  R30,Y+9
000131 d235      	RCALL SUBOPT_0x1
000132 d23a      	RCALL SUBOPT_0x2
000133 937f      	PUSH R23
000134 936f      	PUSH R22
000135 93ff      	PUSH R31
000136 93ef      	PUSH R30
000137 85ea      	LDD  R30,Y+10
000138 d22e      	RCALL SUBOPT_0x1
000139 d238      	RCALL SUBOPT_0x3
00013a 91af      	POP  R26
00013b 91bf      	POP  R27
00013c 918f      	POP  R24
00013d 919f      	POP  R25
00013e d238      	RCALL SUBOPT_0x4
00013f 01df      	MOVW R26,R30
000140 01cb      	MOVW R24,R22
000141 85eb      	LDD  R30,Y+11
000142 d239      	RCALL SUBOPT_0x5
000143 01da      	MOVW R26,R20
000144 d240      	RCALL SUBOPT_0x6
                 ; 0000 008A 
                 ; 0000 008B return 1;
000145 e0e1      	LDI  R30,LOW(1)
                 _0x2060001:
000146 d297      	RCALL __LOADLOCR6
000147 962e      	ADIW R28,14
000148 9508      	RET
                 ; 0000 008C }
                 ; .FEND
                 ;long getDCremoved(uint32_t raw_value) {
                 ; 0000 008F long getDCremoved(uint32_t raw_value) {
                 _getDCremoved:
                 ; .FSTART _getDCremoved
                 ; 0000 0090 static long prev_w = 0;
                 ; 0000 0091 long w;
                 ; 0000 0092 long result;
                 ; 0000 0093 
                 ; 0000 0094 // Low pass filter logic to remove DC
                 ; 0000 0095 w = raw_value + (long)(0.95 * prev_w);
000149 d2ed      	RCALL __PUTPARD2
00014a 9728      	SBIW R28,8
                 ;	raw_value -> Y+8
                 ;	w -> Y+4
                 ;	result -> Y+0
00014b 91e0 0500 	LDS  R30,_prev_w_S000000A000
00014d 91f0 0501 	LDS  R31,_prev_w_S000000A000+1
00014f 9160 0502 	LDS  R22,_prev_w_S000000A000+2
000151 9170 0503 	LDS  R23,_prev_w_S000000A000+3
000153 d34e      	RCALL __CDF1
                +
000154 e3a3     +LDI R26 , LOW ( 0x3F733333 )
000155 e3b3     +LDI R27 , HIGH ( 0x3F733333 )
000156 e783     +LDI R24 , BYTE3 ( 0x3F733333 )
000157 e39f     +LDI R25 , BYTE4 ( 0x3F733333 )
                 	__GETD2N 0x3F733333
000158 d376      	RCALL __MULF12
000159 d311      	RCALL __CFD1
00015a d22f      	RCALL SUBOPT_0x7
                +
00015b 0fea     +ADD R30 , R26
00015c 1ffb     +ADC R31 , R27
00015d 1f68     +ADC R22 , R24
00015e 1f79     +ADC R23 , R25
                 	__ADDD12
00015f d22f      	RCALL SUBOPT_0x8
                 ; 0000 0096 result = w - prev_w;
000160 91a0 0500 	LDS  R26,_prev_w_S000000A000
000162 91b0 0501 	LDS  R27,_prev_w_S000000A000+1
000164 9180 0502 	LDS  R24,_prev_w_S000000A000+2
000166 9190 0503 	LDS  R25,_prev_w_S000000A000+3
000168 d22b      	RCALL SUBOPT_0x9
                +
000169 1bea     +SUB R30 , R26
00016a 0bfb     +SBC R31 , R27
00016b 0b68     +SBC R22 , R24
00016c 0b79     +SBC R23 , R25
                 	__SUBD12
                +
00016d 83e8     +STD Y + 0 , R30
00016e 83f9     +STD Y + 0 + 1 , R31
00016f 836a     +STD Y + 0 + 2 , R22
000170 837b     +STD Y + 0 + 3 , R23
                 	__PUTD1S 0
                 ; 0000 0097 prev_w = w;
000171 d222      	RCALL SUBOPT_0x9
000172 93e0 0500 	STS  _prev_w_S000000A000,R30
000174 93f0 0501 	STS  _prev_w_S000000A000+1,R31
000176 9360 0502 	STS  _prev_w_S000000A000+2,R22
000178 9370 0503 	STS  _prev_w_S000000A000+3,R23
                 ; 0000 0098 
                 ; 0000 0099 return result;
                +
00017a 81e8     +LDD R30 , Y + 0
00017b 81f9     +LDD R31 , Y + 0 + 1
00017c 816a     +LDD R22 , Y + 0 + 2
00017d 817b     +LDD R23 , Y + 0 + 3
                 	__GETD1S 0
00017e 962c      	ADIW R28,12
00017f 9508      	RET
                 ; 0000 009A }
                 ; .FEND
                 ;void UART0_init(void) {
                 ; 0000 009D void UART0_init(void) {
                 _UART0_init:
                 ; .FSTART _UART0_init
                 ; 0000 009E UCSR0B = 0x18; // RXEN, TXEN
000180 e1e8      	LDI  R30,LOW(24)
000181 b9ea      	OUT  0xA,R30
                 ; 0000 009F UCSR0C = 0x06; // 8 Data, 1 Stop, No Parity
000182 e0e6      	LDI  R30,LOW(6)
000183 93e0 0095 	STS  149,R30
                 ; 0000 00A0 UBRR0L = 103;  // 9600bps @ 16MHz
000185 e6e7      	LDI  R30,LOW(103)
000186 b9e9      	OUT  0x9,R30
                 ; 0000 00A1 UBRR0H = 0;
000187 e0e0      	LDI  R30,LOW(0)
000188 93e0 0090 	STS  144,R30
                 ; 0000 00A2 }
00018a 9508      	RET
                 ; .FEND
                 ;void main(void) {
                 ; 0000 00A7 void main(void) {
                 _main:
                 ; .FSTART _main
                 ; 0000 00A8 uint32_t red_val, ir_val;
                 ; 0000 00A9 long red_filtered;
                 ; 0000 00AA long threshold = 100; // 감지 임계값 (상황에 맞춰 조절 필요)
                 ; 0000 00AB 
                 ; 0000 00AC // 하드웨어 초기화
                 ; 0000 00AD UART0_init();
00018b 9760      	SBIW R28,16
00018c e6e4      	LDI  R30,LOW(100)
00018d 83e8      	ST   Y,R30
00018e e0e0      	LDI  R30,LOW(0)
00018f 83e9      	STD  Y+1,R30
000190 83ea      	STD  Y+2,R30
000191 83eb      	STD  Y+3,R30
                 ;	red_val -> Y+12
                 ;	ir_val -> Y+8
                 ;	red_filtered -> Y+4
                 ;	threshold -> Y+0
000192 dfed      	RCALL _UART0_init
                 ; 0000 00AE TWI_init();
000193 dee5      	RCALL _TWI_init
                 ; 0000 00AF 
                 ; 0000 00B0 printf("MAX30102 Init...\r\n");
                +
000194 e8ec     +LDI R30 , LOW ( 2 * _0x0 + ( 0 ) )
000195 e0f0     +LDI R31 , HIGH ( 2 * _0x0 + ( 0 ) )
                 	__POINTW1FN _0x0,0
000196 d202      	RCALL SUBOPT_0xA
                 ; 0000 00B1 MAX30102_init();
000197 df2e      	RCALL _MAX30102_init
                 ; 0000 00B2 printf("Init Done.\r\n");
                +
000198 e9ef     +LDI R30 , LOW ( 2 * _0x0 + ( 19 ) )
000199 e0f0     +LDI R31 , HIGH ( 2 * _0x0 + ( 19 ) )
                 	__POINTW1FN _0x0,19
00019a d1fe      	RCALL SUBOPT_0xA
                 ; 0000 00B3 
                 ; 0000 00B4 while (1) {
                 _0x13:
                 ; 0000 00B5 if (MAX30102_readFIFO(&red_val, &ir_val)) {
00019b 01fe      	MOVW R30,R28
00019c 963c      	ADIW R30,12
00019d 93fa      	ST   -Y,R31
00019e 93ea      	ST   -Y,R30
00019f 01de      	MOVW R26,R28
0001a0 961a      	ADIW R26,10
0001a1 df4c      	RCALL _MAX30102_readFIFO
0001a2 30e0      	CPI  R30,0
0001a3 f0a1      	BREQ _0x16
                 ; 0000 00B6 // 필터링
                 ; 0000 00B7 red_filtered = getDCremoved(red_val);
0001a4 d1fa      	RCALL SUBOPT_0xB
0001a5 dfa3      	RCALL _getDCremoved
0001a6 d1e8      	RCALL SUBOPT_0x8
                 ; 0000 00B8 
                 ; 0000 00B9 // 간단한 출력 (Serial Plotter용)
                 ; 0000 00BA // Raw 값과 필터링된 값을 출력
                 ; 0000 00BB printf("%ld,%ld\r\n", red_val, red_filtered);
                +
0001a7 eaec     +LDI R30 , LOW ( 2 * _0x0 + ( 32 ) )
0001a8 e0f0     +LDI R31 , HIGH ( 2 * _0x0 + ( 32 ) )
                 	__POINTW1FN _0x0,32
0001a9 93fa      	ST   -Y,R31
0001aa 93ea      	ST   -Y,R30
                +
0001ab 85ee     +LDD R30 , Y + 14
0001ac 85ff     +LDD R31 , Y + 14 + 1
0001ad 8968     +LDD R22 , Y + 14 + 2
0001ae 8979     +LDD R23 , Y + 14 + 3
                 	__GETD1S 14
0001af d282      	RCALL __PUTPARD1
                +
0001b0 85ea     +LDD R30 , Y + 10
0001b1 85fb     +LDD R31 , Y + 10 + 1
0001b2 856c     +LDD R22 , Y + 10 + 2
0001b3 857d     +LDD R23 , Y + 10 + 3
                 	__GETD1S 10
0001b4 d27d      	RCALL __PUTPARD1
0001b5 e088      	LDI  R24,8
0001b6 d16b      	RCALL _printf
0001b7 962a      	ADIW R28,10
                 ; 0000 00BC 
                 ; 0000 00BD // 심박 감지 로직은 필터링된 값이 threshold를 넘길 때를 체크하면 됩니다.
                 ; 0000 00BE }
                 ; 0000 00BF delay_ms(5);
                 _0x16:
0001b8 e0a5      	LDI  R26,LOW(5)
0001b9 e0b0      	LDI  R27,0
0001ba d362      	RCALL _delay_ms
                 ; 0000 00C0 }
0001bb cfdf      	RJMP _0x13
                 ; 0000 00C1 }
                 _0x17:
0001bc cfff      	RJMP _0x17
                 ; .FEND
                 	#ifndef __SLEEP_DEFINED__
                 	#endif
                 
                 	.CSEG
                 _putchar:
                 ; .FSTART _putchar
0001bd 93aa      	ST   -Y,R26
                 putchar0:
0001be 9b5d           sbis usr,udre
0001bf cffe           rjmp putchar0
0001c0 81e8           ld   r30,y
0001c1 b9ec           out  udr,r30
0001c2 9621      	ADIW R28,1
0001c3 9508      	RET
                 ; .FEND
                 _put_usart_G100:
                 ; .FSTART _put_usart_G100
0001c4 d214      	RCALL __SAVELOCR4
0001c5 018d      	MOVW R16,R26
0001c6 813c      	LDD  R19,Y+4
0001c7 2fa3      	MOV  R26,R19
0001c8 dff4      	RCALL _putchar
0001c9 01d8      	MOVW R26,R16
0001ca 91ed      	LD   R30,X+
0001cb 91fd      	LD   R31,X+
0001cc 9631      	ADIW R30,1
0001cd 93fe      	ST   -X,R31
0001ce 93ee      	ST   -X,R30
0001cf d210      	RCALL __LOADLOCR4
0001d0 9625      	ADIW R28,5
0001d1 9508      	RET
                 ; .FEND
                 __print_G100:
                 ; .FSTART __print_G100
0001d2 93ba      	ST   -Y,R27
0001d3 93aa      	ST   -Y,R26
0001d4 972b      	SBIW R28,11
0001d5 d201      	RCALL __SAVELOCR6
0001d6 e010      	LDI  R17,0
0001d7 89a9      	LDD  R26,Y+17
0001d8 89ba      	LDD  R27,Y+17+1
0001d9 e0e0      	LDI  R30,LOW(0)
0001da e0f0      	LDI  R31,HIGH(0)
0001db 93ed      	ST   X+,R30
0001dc 93fc      	ST   X,R31
                 _0x2000016:
0001dd 89ef      	LDD  R30,Y+23
0001de 8df8      	LDD  R31,Y+23+1
0001df 9631      	ADIW R30,1
0001e0 8bef      	STD  Y+23,R30
0001e1 8ff8      	STD  Y+23+1,R31
0001e2 9731      	SBIW R30,1
0001e3 91e4      	LPM  R30,Z
0001e4 2f2e      	MOV  R18,R30
0001e5 30e0      	CPI  R30,0
0001e6 f409      	BRNE PC+2
0001e7 c133      	RJMP _0x2000018
0001e8 2fe1      	MOV  R30,R17
0001e9 30e0      	CPI  R30,0
0001ea f431      	BRNE _0x200001C
0001eb 3225      	CPI  R18,37
0001ec f411      	BRNE _0x200001D
0001ed e011      	LDI  R17,LOW(1)
0001ee c001      	RJMP _0x200001E
                 _0x200001D:
0001ef d1b4      	RCALL SUBOPT_0xC
                 _0x200001E:
0001f0 c129      	RJMP _0x200001B
                 _0x200001C:
0001f1 30e1      	CPI  R30,LOW(0x1)
0001f2 f4a1      	BRNE _0x200001F
0001f3 3225      	CPI  R18,37
0001f4 f411      	BRNE _0x2000020
0001f5 d1ae      	RCALL SUBOPT_0xC
0001f6 c122      	RJMP _0x20000D2
                 _0x2000020:
0001f7 e012      	LDI  R17,LOW(2)
0001f8 e040      	LDI  R20,LOW(0)
0001f9 e000      	LDI  R16,LOW(0)
0001fa 322d      	CPI  R18,45
0001fb f411      	BRNE _0x2000021
0001fc e001      	LDI  R16,LOW(1)
0001fd c11c      	RJMP _0x200001B
                 _0x2000021:
0001fe 322b      	CPI  R18,43
0001ff f411      	BRNE _0x2000022
000200 e24b      	LDI  R20,LOW(43)
000201 c118      	RJMP _0x200001B
                 _0x2000022:
000202 3220      	CPI  R18,32
000203 f411      	BRNE _0x2000023
000204 e240      	LDI  R20,LOW(32)
000205 c114      	RJMP _0x200001B
                 _0x2000023:
000206 c002      	RJMP _0x2000024
                 _0x200001F:
000207 30e2      	CPI  R30,LOW(0x2)
000208 f439      	BRNE _0x2000025
                 _0x2000024:
000209 e050      	LDI  R21,LOW(0)
00020a e013      	LDI  R17,LOW(3)
00020b 3320      	CPI  R18,48
00020c f411      	BRNE _0x2000026
00020d 6800      	ORI  R16,LOW(128)
00020e c10b      	RJMP _0x200001B
                 _0x2000026:
00020f c002      	RJMP _0x2000027
                 _0x2000025:
000210 30e3      	CPI  R30,LOW(0x3)
000211 f491      	BRNE _0x2000028
                 _0x2000027:
000212 3320      	CPI  R18,48
000213 f010      	BRLO _0x200002A
000214 332a      	CPI  R18,58
000215 f008      	BRLO _0x200002B
                 _0x200002A:
000216 c007      	RJMP _0x2000029
                 _0x200002B:
000217 e0aa      	LDI  R26,LOW(10)
000218 9f5a      	MUL  R21,R26
000219 2d50      	MOV  R21,R0
00021a 2fe2      	MOV  R30,R18
00021b 53e0      	SUBI R30,LOW(48)
00021c 0f5e      	ADD  R21,R30
00021d c0fc      	RJMP _0x200001B
                 _0x2000029:
00021e 362c      	CPI  R18,108
00021f f419      	BRNE _0x200002C
000220 6002      	ORI  R16,LOW(2)
000221 e015      	LDI  R17,LOW(5)
000222 c0f7      	RJMP _0x200001B
                 _0x200002C:
000223 c003      	RJMP _0x200002D
                 _0x2000028:
000224 30e5      	CPI  R30,LOW(0x5)
000225 f009      	BREQ PC+2
000226 c0f3      	RJMP _0x200001B
                 _0x200002D:
000227 2fe2      	MOV  R30,R18
000228 36e3      	CPI  R30,LOW(0x63)
000229 f439      	BRNE _0x2000032
00022a d180      	RCALL SUBOPT_0xD
00022b 89ed      	LDD  R30,Y+21
00022c 89fe      	LDD  R31,Y+21+1
00022d 81a4      	LDD  R26,Z+4
00022e 93aa      	ST   -Y,R26
00022f d181      	RCALL SUBOPT_0xE
000230 c0e8      	RJMP _0x2000033
                 _0x2000032:
000231 37e3      	CPI  R30,LOW(0x73)
000232 f429      	BRNE _0x2000035
000233 d177      	RCALL SUBOPT_0xD
000234 d182      	RCALL SUBOPT_0xF
000235 d113      	RCALL _strlen
000236 2f1e      	MOV  R17,R30
000237 c007      	RJMP _0x2000036
                 _0x2000035:
000238 37e0      	CPI  R30,LOW(0x70)
000239 f451      	BRNE _0x2000038
00023a d170      	RCALL SUBOPT_0xD
00023b d17b      	RCALL SUBOPT_0xF
00023c d118      	RCALL _strlenf
00023d 2f1e      	MOV  R17,R30
00023e 6008      	ORI  R16,LOW(8)
                 _0x2000036:
00023f 770f      	ANDI R16,LOW(127)
000240 e0e0      	LDI  R30,LOW(0)
000241 8be8      	STD  Y+16,R30
000242 e030      	LDI  R19,LOW(0)
000243 c05c      	RJMP _0x2000039
                 _0x2000038:
000244 36e4      	CPI  R30,LOW(0x64)
000245 f011      	BREQ _0x200003C
000246 36e9      	CPI  R30,LOW(0x69)
000247 f411      	BRNE _0x200003D
                 _0x200003C:
000248 6004      	ORI  R16,LOW(4)
000249 c002      	RJMP _0x200003E
                 _0x200003D:
00024a 37e5      	CPI  R30,LOW(0x75)
00024b f491      	BRNE _0x200003F
                 _0x200003E:
00024c e0ea      	LDI  R30,LOW(10)
00024d 8be8      	STD  Y+16,R30
00024e ff01      	SBRS R16,1
00024f c007      	RJMP _0x2000040
                +
000250 e0e0     +LDI R30 , LOW ( 0x3B9ACA00 )
000251 ecfa     +LDI R31 , HIGH ( 0x3B9ACA00 )
000252 e96a     +LDI R22 , BYTE3 ( 0x3B9ACA00 )
000253 e37b     +LDI R23 , BYTE4 ( 0x3B9ACA00 )
                 	__GETD1N 0x3B9ACA00
000254 d16c      	RCALL SUBOPT_0x10
000255 e01a      	LDI  R17,LOW(10)
000256 c01f      	RJMP _0x2000041
                 _0x2000040:
                +
000257 e1e0     +LDI R30 , LOW ( 0x2710 )
000258 e2f7     +LDI R31 , HIGH ( 0x2710 )
000259 e060     +LDI R22 , BYTE3 ( 0x2710 )
00025a e070     +LDI R23 , BYTE4 ( 0x2710 )
                 	__GETD1N 0x2710
00025b d165      	RCALL SUBOPT_0x10
00025c e015      	LDI  R17,LOW(5)
00025d c018      	RJMP _0x2000041
                 _0x200003F:
00025e 35e8      	CPI  R30,LOW(0x58)
00025f f411      	BRNE _0x2000043
000260 6008      	ORI  R16,LOW(8)
000261 c003      	RJMP _0x2000044
                 _0x2000043:
000262 37e8      	CPI  R30,LOW(0x78)
000263 f009      	BREQ PC+2
000264 c0b4      	RJMP _0x2000077
                 _0x2000044:
000265 e1e0      	LDI  R30,LOW(16)
000266 8be8      	STD  Y+16,R30
000267 ff01      	SBRS R16,1
000268 c007      	RJMP _0x2000046
                +
000269 e0e0     +LDI R30 , LOW ( 0x10000000 )
00026a e0f0     +LDI R31 , HIGH ( 0x10000000 )
00026b e060     +LDI R22 , BYTE3 ( 0x10000000 )
00026c e170     +LDI R23 , BYTE4 ( 0x10000000 )
                 	__GETD1N 0x10000000
00026d d153      	RCALL SUBOPT_0x10
00026e e018      	LDI  R17,LOW(8)
00026f c006      	RJMP _0x2000041
                 _0x2000046:
                +
000270 e0e0     +LDI R30 , LOW ( 0x1000 )
000271 e1f0     +LDI R31 , HIGH ( 0x1000 )
000272 e060     +LDI R22 , BYTE3 ( 0x1000 )
000273 e070     +LDI R23 , BYTE4 ( 0x1000 )
                 	__GETD1N 0x1000
000274 d14c      	RCALL SUBOPT_0x10
000275 e014      	LDI  R17,LOW(4)
                 _0x2000041:
000276 ff01      	SBRS R16,1
000277 c006      	RJMP _0x2000047
000278 d132      	RCALL SUBOPT_0xD
000279 89ad      	LDD  R26,Y+21
00027a 89be      	LDD  R27,Y+21+1
00027b 9614      	ADIW R26,4
00027c d1af      	RCALL __GETD1P
00027d c00d      	RJMP _0x20000D3
                 _0x2000047:
00027e ff02      	SBRS R16,2
00027f c007      	RJMP _0x2000049
000280 d12a      	RCALL SUBOPT_0xD
000281 d144      	RCALL SUBOPT_0x11
                +
000282 2f6f     +MOV R22 , R31
000283 0f66     +ADD R22 , R22
000284 0b66     +SBC R22 , R22
000285 2f76     +MOV R23 , R22
                 	__CWD1
000286 c004      	RJMP _0x20000D3
                 _0x2000049:
000287 d123      	RCALL SUBOPT_0xD
000288 d13d      	RCALL SUBOPT_0x11
000289 2766      	CLR  R22
00028a 2777      	CLR  R23
                 _0x20000D3:
                +
00028b 87ec     +STD Y + 12 , R30
00028c 87fd     +STD Y + 12 + 1 , R31
00028d 876e     +STD Y + 12 + 2 , R22
00028e 877f     +STD Y + 12 + 3 , R23
                 	__PUTD1S 12
00028f ff02      	SBRS R16,2
000290 c00f      	RJMP _0x200004B
000291 85af      	LDD  R26,Y+15
000292 23aa      	TST  R26
000293 f43a      	BRPL _0x200004C
                +
000294 85ec     +LDD R30 , Y + 12
000295 85fd     +LDD R31 , Y + 12 + 1
000296 856e     +LDD R22 , Y + 12 + 2
000297 857f     +LDD R23 , Y + 12 + 3
                 	__GETD1S 12
000298 d14c      	RCALL __ANEGD1
000299 d133      	RCALL SUBOPT_0x12
00029a e24d      	LDI  R20,LOW(45)
                 _0x200004C:
00029b 3040      	CPI  R20,0
00029c f011      	BREQ _0x200004D
00029d 5f1f      	SUBI R17,-LOW(1)
00029e c001      	RJMP _0x200004E
                 _0x200004D:
00029f 7f0b      	ANDI R16,LOW(251)
                 _0x200004E:
                 _0x200004B:
                 _0x2000039:
0002a0 fd00      	SBRC R16,0
0002a1 c010      	RJMP _0x200004F
                 _0x2000050:
0002a2 1715      	CP   R17,R21
0002a3 f470      	BRSH _0x2000052
0002a4 ff07      	SBRS R16,7
0002a5 c008      	RJMP _0x2000053
0002a6 ff02      	SBRS R16,2
0002a7 c004      	RJMP _0x2000054
0002a8 7f0b      	ANDI R16,LOW(251)
0002a9 2f24      	MOV  R18,R20
0002aa 5011      	SUBI R17,LOW(1)
0002ab c001      	RJMP _0x2000055
                 _0x2000054:
0002ac e320      	LDI  R18,LOW(48)
                 _0x2000055:
0002ad c001      	RJMP _0x2000056
                 _0x2000053:
0002ae e220      	LDI  R18,LOW(32)
                 _0x2000056:
0002af d0f4      	RCALL SUBOPT_0xC
0002b0 5051      	SUBI R21,LOW(1)
0002b1 cff0      	RJMP _0x2000050
                 _0x2000052:
                 _0x200004F:
0002b2 2f31      	MOV  R19,R17
0002b3 89e8      	LDD  R30,Y+16
0002b4 30e0      	CPI  R30,0
0002b5 f4b1      	BRNE _0x2000057
                 _0x2000058:
0002b6 3030      	CPI  R19,0
0002b7 f099      	BREQ _0x200005A
0002b8 ff03      	SBRS R16,3
0002b9 c006      	RJMP _0x200005B
0002ba 81ee      	LDD  R30,Y+6
0002bb 81ff      	LDD  R31,Y+6+1
0002bc 9125      	LPM  R18,Z+
0002bd 83ee      	STD  Y+6,R30
0002be 83ff      	STD  Y+6+1,R31
0002bf c005      	RJMP _0x200005C
                 _0x200005B:
0002c0 81ae      	LDD  R26,Y+6
0002c1 81bf      	LDD  R27,Y+6+1
0002c2 912d      	LD   R18,X+
0002c3 83ae      	STD  Y+6,R26
0002c4 83bf      	STD  Y+6+1,R27
                 _0x200005C:
0002c5 d0de      	RCALL SUBOPT_0xC
0002c6 3050      	CPI  R21,0
0002c7 f009      	BREQ _0x200005D
0002c8 5051      	SUBI R21,LOW(1)
                 _0x200005D:
0002c9 5031      	SUBI R19,LOW(1)
0002ca cfeb      	RJMP _0x2000058
                 _0x200005A:
0002cb c044      	RJMP _0x200005E
                 _0x2000057:
                 _0x2000060:
0002cc d105      	RCALL SUBOPT_0x13
0002cd d136      	RCALL __DIVD21U
0002ce 2f2e      	MOV  R18,R30
0002cf 302a      	CPI  R18,10
0002d0 f030      	BRLO _0x2000062
0002d1 ff03      	SBRS R16,3
0002d2 c002      	RJMP _0x2000063
0002d3 5c29      	SUBI R18,-LOW(55)
0002d4 c001      	RJMP _0x2000064
                 _0x2000063:
0002d5 5a29      	SUBI R18,-LOW(87)
                 _0x2000064:
0002d6 c001      	RJMP _0x2000065
                 _0x2000062:
0002d7 5d20      	SUBI R18,-LOW(48)
                 _0x2000065:
0002d8 fd04      	SBRC R16,4
0002d9 c01e      	RJMP _0x2000067
0002da 3321      	CPI  R18,49
0002db f448      	BRSH _0x2000069
0002dc d0ad      	RCALL SUBOPT_0x7
                +
0002dd 30a1     +CPI R26 , LOW ( 0x1 )
0002de e0e0     +LDI R30 , HIGH ( 0x1 )
0002df 07be     +CPC R27 , R30
0002e0 e0e0     +LDI R30 , BYTE3 ( 0x1 )
0002e1 078e     +CPC R24 , R30
0002e2 e0e0     +LDI R30 , BYTE4 ( 0x1 )
0002e3 079e     +CPC R25 , R30
                 	__CPD2N 0x1
0002e4 f409      	BRNE _0x2000068
                 _0x2000069:
0002e5 c009      	RJMP _0x200006B
                 _0x2000068:
0002e6 1753      	CP   R21,R19
0002e7 f010      	BRLO _0x200006D
0002e8 ff00      	SBRS R16,0
0002e9 c001      	RJMP _0x200006E
                 _0x200006D:
0002ea c011      	RJMP _0x200006C
                 _0x200006E:
0002eb e220      	LDI  R18,LOW(32)
0002ec ff07      	SBRS R16,7
0002ed c00a      	RJMP _0x200006F
0002ee e320      	LDI  R18,LOW(48)
                 _0x200006B:
0002ef 6100      	ORI  R16,LOW(16)
0002f0 ff02      	SBRS R16,2
0002f1 c006      	RJMP _0x2000070
0002f2 7f0b      	ANDI R16,LOW(251)
0002f3 934a      	ST   -Y,R20
0002f4 d0bc      	RCALL SUBOPT_0xE
0002f5 3050      	CPI  R21,0
0002f6 f009      	BREQ _0x2000071
0002f7 5051      	SUBI R21,LOW(1)
                 _0x2000071:
                 _0x2000070:
                 _0x200006F:
                 _0x2000067:
0002f8 d0ab      	RCALL SUBOPT_0xC
0002f9 3050      	CPI  R21,0
0002fa f009      	BREQ _0x2000072
0002fb 5051      	SUBI R21,LOW(1)
                 _0x2000072:
                 _0x200006C:
0002fc 5031      	SUBI R19,LOW(1)
0002fd d0d4      	RCALL SUBOPT_0x13
0002fe d129      	RCALL __MODD21U
0002ff d0cd      	RCALL SUBOPT_0x12
000300 89e8      	LDD  R30,Y+16
000301 d088      	RCALL SUBOPT_0x7
000302 27ff      	CLR  R31
000303 2766      	CLR  R22
000304 2777      	CLR  R23
000305 d0fe      	RCALL __DIVD21U
000306 d0ba      	RCALL SUBOPT_0x10
                +
000307 85e8     +LDD R30 , Y + 8
000308 85f9     +LDD R31 , Y + 8 + 1
000309 856a     +LDD R22 , Y + 8 + 2
00030a 857b     +LDD R23 , Y + 8 + 3
                 	__GETD1S 8
                +
00030b 9730     +SBIW R30 , 0
00030c 4060     +SBCI R22 , 0
00030d 4070     +SBCI R23 , 0
                 	__CPD10
00030e f009      	BREQ _0x2000061
00030f cfbc      	RJMP _0x2000060
                 _0x2000061:
                 _0x200005E:
000310 ff00      	SBRS R16,0
000311 c007      	RJMP _0x2000073
                 _0x2000074:
000312 3050      	CPI  R21,0
000313 f029      	BREQ _0x2000076
000314 5051      	SUBI R21,LOW(1)
000315 e2e0      	LDI  R30,LOW(32)
000316 93ea      	ST   -Y,R30
000317 d099      	RCALL SUBOPT_0xE
000318 cff9      	RJMP _0x2000074
                 _0x2000076:
                 _0x2000073:
                 _0x2000077:
                 _0x2000033:
                 _0x20000D2:
000319 e010      	LDI  R17,LOW(0)
                 _0x200001B:
00031a cec2      	RJMP _0x2000016
                 _0x2000018:
00031b 89a9      	LDD  R26,Y+17
00031c 89ba      	LDD  R27,Y+17+1
00031d 91ed      	LD   R30,X+
00031e 91fd      	LD   R31,X+
00031f d0be      	RCALL __LOADLOCR6
000320 9669      	ADIW R28,25
000321 9508      	RET
                 ; .FEND
                 _printf:
                 ; .FSTART _printf
000322 92ff      	PUSH R15
000323 2ef8      	MOV  R15,R24
000324 9726      	SBIW R28,6
000325 931a      	ST   -Y,R17
000326 930a      	ST   -Y,R16
000327 01de      	MOVW R26,R28
000328 9614      	ADIW R26,4
                +
000329 2400     +CLR R0
00032a 0daf     +ADD R26 , R15
00032b 1db0     +ADC R27 , R0
                 	__ADDW2R15
00032c 018d      	MOVW R16,R26
00032d e0e0      	LDI  R30,LOW(0)
00032e 83ec      	STD  Y+4,R30
00032f 83ed      	STD  Y+4+1,R30
000330 83ee      	STD  Y+6,R30
000331 83ef      	STD  Y+6+1,R30
000332 01de      	MOVW R26,R28
000333 9618      	ADIW R26,8
                +
000334 2400     +CLR R0
000335 0daf     +ADD R26 , R15
000336 1db0     +ADC R27 , R0
                 	__ADDW2R15
000337 91ed      	LD   R30,X+
000338 91fd      	LD   R31,X+
000339 93fa      	ST   -Y,R31
00033a 93ea      	ST   -Y,R30
00033b 931a      	ST   -Y,R17
00033c 930a      	ST   -Y,R16
00033d ece4      	LDI  R30,LOW(_put_usart_G100)
00033e e0f1      	LDI  R31,HIGH(_put_usart_G100)
00033f 93fa      	ST   -Y,R31
000340 93ea      	ST   -Y,R30
000341 01de      	MOVW R26,R28
000342 9618      	ADIW R26,8
000343 de8e      	RCALL __print_G100
000344 8119      	LDD  R17,Y+1
000345 8108      	LDD  R16,Y+0
000346 9628      	ADIW R28,8
000347 90ff      	POP  R15
000348 9508      	RET
                 ; .FEND
                 
                 	.CSEG
                 
                 	.CSEG
                 _strlen:
                 ; .FSTART _strlen
000349 93ba      	ST   -Y,R27
00034a 93aa      	ST   -Y,R26
00034b 91a9          ld   r26,y+
00034c 91b9          ld   r27,y+
00034d 27ee          clr  r30
00034e 27ff          clr  r31
                 strlen0:
00034f 916d          ld   r22,x+
000350 2366          tst  r22
000351 f011          breq strlen1
000352 9631          adiw r30,1
000353 cffb          rjmp strlen0
                 strlen1:
000354 9508          ret
                 ; .FEND
                 _strlenf:
                 ; .FSTART _strlenf
000355 93ba      	ST   -Y,R27
000356 93aa      	ST   -Y,R26
000357 27aa          clr  r26
000358 27bb          clr  r27
000359 91e9          ld   r30,y+
00035a 91f9          ld   r31,y+
                 strlenf0:
00035b 9005      	lpm  r0,z+
00035c 2000          tst  r0
00035d f011          breq strlenf1
00035e 9611          adiw r26,1
00035f cffb          rjmp strlenf0
                 strlenf1:
000360 01fd          movw r30,r26
000361 9508          ret
                 ; .FEND
                 
                 	.DSEG
                 _prev_w_S000000A000:
000500           	.BYTE 0x4
                 
                 	.CSEG
                 ;OPTIMIZER ADDED SUBROUTINE, CALLED 2 TIMES, CODE SIZE REDUCTION:2 WORDS
                 SUBOPT_0x0:
000362 dd1e      	RCALL _TWI_start
000363 eaae      	LDI  R26,LOW(174)
000364 dd28      	RCALL _TWI_write
000365 2fa0      	MOV  R26,R16
000366 cd26      	RJMP _TWI_write
                 
                 ;OPTIMIZER ADDED SUBROUTINE, CALLED 4 TIMES, CODE SIZE REDUCTION:10 WORDS
                 SUBOPT_0x1:
000367 e0f0      	LDI  R31,0
                +
000368 2f6f     +MOV R22 , R31
000369 0f66     +ADD R22 , R22
00036a 0b66     +SBC R22 , R22
00036b 2f76     +MOV R23 , R22
                 	__CWD1
00036c 9508      	RET
                 
                 ;OPTIMIZER ADDED SUBROUTINE, CALLED 2 TIMES, CODE SIZE REDUCTION:1 WORDS
                 SUBOPT_0x2:
                +
00036d 2f6e     +MOV R22 , R30
00036e 2f7f     +MOV R23 , R31
00036f e0e0     +LDI R30 , 0
000370 e0f0     +LDI R31 , 0
                 	__LSLD16
000371 9508      	RET
                 
                 ;OPTIMIZER ADDED SUBROUTINE, CALLED 2 TIMES, CODE SIZE REDUCTION:1 WORDS
                 SUBOPT_0x3:
000372 01df      	MOVW R26,R30
000373 01cb      	MOVW R24,R22
000374 e0e8      	LDI  R30,LOW(8)
000375 d077      	RCALL __LSLD12
000376 9508      	RET
                 
                 ;OPTIMIZER ADDED SUBROUTINE, CALLED 4 TIMES, CODE SIZE REDUCTION:7 WORDS
                 SUBOPT_0x4:
                +
000377 2bea     +OR R30 , R26
000378 2bfb     +OR R31 , R27
000379 2b68     +OR R22 , R24
00037a 2b79     +OR R23 , R25
                 	__ORD12
00037b 9508      	RET
                 
                 ;OPTIMIZER ADDED SUBROUTINE, CALLED 2 TIMES, CODE SIZE REDUCTION:5 WORDS
                 SUBOPT_0x5:
00037c 27ff      	CLR  R31
00037d 2766      	CLR  R22
00037e 2777      	CLR  R23
00037f dff7      	RCALL SUBOPT_0x4
                +
000380 7fef     +ANDI R30 , LOW ( 0x3FFFF )
000381 7fff     +ANDI R31 , HIGH ( 0x3FFFF )
000382 7063     +ANDI R22 , BYTE3 ( 0x3FFFF )
000383 7070     +ANDI R23 , BYTE4 ( 0x3FFFF )
                 	__ANDD1N 0x3FFFF
000384 9508      	RET
                 
                 ;OPTIMIZER ADDED SUBROUTINE, CALLED 2 TIMES, CODE SIZE REDUCTION:1 WORDS
                 SUBOPT_0x6:
                +
000385 93ed     +ST X + , R30
000386 93fd     +ST X + , R31
000387 936d     +ST X + , R22
000388 937c     +ST X , R23
                 	__PUTDP1
000389 9508      	RET
                 
                 ;OPTIMIZER ADDED SUBROUTINE, CALLED 3 TIMES, CODE SIZE REDUCTION:4 WORDS
                 SUBOPT_0x7:
                +
00038a 85a8     +LDD R26 , Y + 8
00038b 85b9     +LDD R27 , Y + 8 + 1
00038c 858a     +LDD R24 , Y + 8 + 2
00038d 859b     +LDD R25 , Y + 8 + 3
                 	__GETD2S 8
00038e 9508      	RET
                 
                 ;OPTIMIZER ADDED SUBROUTINE, CALLED 2 TIMES, CODE SIZE REDUCTION:1 WORDS
                 SUBOPT_0x8:
                +
00038f 83ec     +STD Y + 4 , R30
000390 83fd     +STD Y + 4 + 1 , R31
000391 836e     +STD Y + 4 + 2 , R22
000392 837f     +STD Y + 4 + 3 , R23
                 	__PUTD1S 4
000393 9508      	RET
                 
                 ;OPTIMIZER ADDED SUBROUTINE, CALLED 2 TIMES, CODE SIZE REDUCTION:1 WORDS
                 SUBOPT_0x9:
                +
000394 81ec     +LDD R30 , Y + 4
000395 81fd     +LDD R31 , Y + 4 + 1
000396 816e     +LDD R22 , Y + 4 + 2
000397 817f     +LDD R23 , Y + 4 + 3
                 	__GETD1S 4
000398 9508      	RET
                 
                 ;OPTIMIZER ADDED SUBROUTINE, CALLED 2 TIMES, CODE SIZE REDUCTION:2 WORDS
                 SUBOPT_0xA:
000399 93fa      	ST   -Y,R31
00039a 93ea      	ST   -Y,R30
00039b e080      	LDI  R24,0
00039c df85      	RCALL _printf
00039d 9622      	ADIW R28,2
00039e 9508      	RET
                 
                 ;OPTIMIZER ADDED SUBROUTINE, CALLED 3 TIMES, CODE SIZE REDUCTION:4 WORDS
                 SUBOPT_0xB:
                +
00039f 85ac     +LDD R26 , Y + 12
0003a0 85bd     +LDD R27 , Y + 12 + 1
0003a1 858e     +LDD R24 , Y + 12 + 2
0003a2 859f     +LDD R25 , Y + 12 + 3
                 	__GETD2S 12
0003a3 9508      	RET
                 
                 ;OPTIMIZER ADDED SUBROUTINE, CALLED 5 TIMES, CODE SIZE REDUCTION:18 WORDS
                 SUBOPT_0xC:
0003a4 932a      	ST   -Y,R18
0003a5 89aa      	LDD  R26,Y+18
0003a6 89bb      	LDD  R27,Y+18+1
0003a7 89ec      	LDD  R30,Y+20
0003a8 89fd      	LDD  R31,Y+20+1
0003a9 9509      	ICALL
0003aa 9508      	RET
                 
                 ;OPTIMIZER ADDED SUBROUTINE, CALLED 6 TIMES, CODE SIZE REDUCTION:18 WORDS
                 SUBOPT_0xD:
0003ab 89ed      	LDD  R30,Y+21
0003ac 89fe      	LDD  R31,Y+21+1
0003ad 9734      	SBIW R30,4
0003ae 8bed      	STD  Y+21,R30
0003af 8bfe      	STD  Y+21+1,R31
0003b0 9508      	RET
                 
                 ;OPTIMIZER ADDED SUBROUTINE, CALLED 3 TIMES, CODE SIZE REDUCTION:6 WORDS
                 SUBOPT_0xE:
0003b1 89aa      	LDD  R26,Y+18
0003b2 89bb      	LDD  R27,Y+18+1
0003b3 89ec      	LDD  R30,Y+20
0003b4 89fd      	LDD  R31,Y+20+1
0003b5 9509      	ICALL
0003b6 9508      	RET
                 
                 ;OPTIMIZER ADDED SUBROUTINE, CALLED 2 TIMES, CODE SIZE REDUCTION:6 WORDS
                 SUBOPT_0xF:
0003b7 89ad      	LDD  R26,Y+21
0003b8 89be      	LDD  R27,Y+21+1
0003b9 9614      	ADIW R26,4
0003ba 91ed      	LD   R30,X+
0003bb 91fd      	LD   R31,X+
0003bc 83ee      	STD  Y+6,R30
0003bd 83ff      	STD  Y+6+1,R31
0003be 81ae      	LDD  R26,Y+6
0003bf 81bf      	LDD  R27,Y+6+1
0003c0 9508      	RET
                 
                 ;OPTIMIZER ADDED SUBROUTINE, CALLED 5 TIMES, CODE SIZE REDUCTION:10 WORDS
                 SUBOPT_0x10:
                +
0003c1 87e8     +STD Y + 8 , R30
0003c2 87f9     +STD Y + 8 + 1 , R31
0003c3 876a     +STD Y + 8 + 2 , R22
0003c4 877b     +STD Y + 8 + 3 , R23
                 	__PUTD1S 8
0003c5 9508      	RET
                 
                 ;OPTIMIZER ADDED SUBROUTINE, CALLED 2 TIMES, CODE SIZE REDUCTION:3 WORDS
                 SUBOPT_0x11:
0003c6 89ad      	LDD  R26,Y+21
0003c7 89be      	LDD  R27,Y+21+1
0003c8 9614      	ADIW R26,4
                +
0003c9 91ed     +LD R30 , X +
0003ca 91fc     +LD R31 , X
0003cb 9711     +SBIW R26 , 1
                 	__GETW1P
0003cc 9508      	RET
                 
                 ;OPTIMIZER ADDED SUBROUTINE, CALLED 2 TIMES, CODE SIZE REDUCTION:1 WORDS
                 SUBOPT_0x12:
                +
0003cd 87ec     +STD Y + 12 , R30
0003ce 87fd     +STD Y + 12 + 1 , R31
0003cf 876e     +STD Y + 12 + 2 , R22
0003d0 877f     +STD Y + 12 + 3 , R23
                 	__PUTD1S 12
0003d1 9508      	RET
                 
                 ;OPTIMIZER ADDED SUBROUTINE, CALLED 2 TIMES, CODE SIZE REDUCTION:2 WORDS
                 SUBOPT_0x13:
                +
0003d2 85e8     +LDD R30 , Y + 8
0003d3 85f9     +LDD R31 , Y + 8 + 1
0003d4 856a     +LDD R22 , Y + 8 + 2
0003d5 857b     +LDD R23 , Y + 8 + 3
                 	__GETD1S 8
0003d6 cfc8      	RJMP SUBOPT_0xB
                 
                 ;RUNTIME LIBRARY
                 
                 	.CSEG
                 __SAVELOCR6:
0003d7 935a      	ST   -Y,R21
                 __SAVELOCR5:
0003d8 934a      	ST   -Y,R20
                 __SAVELOCR4:
0003d9 933a      	ST   -Y,R19
                 __SAVELOCR3:
0003da 932a      	ST   -Y,R18
                 __SAVELOCR2:
0003db 931a      	ST   -Y,R17
0003dc 930a      	ST   -Y,R16
0003dd 9508      	RET
                 
                 __LOADLOCR6:
0003de 815d      	LDD  R21,Y+5
                 __LOADLOCR5:
0003df 814c      	LDD  R20,Y+4
                 __LOADLOCR4:
0003e0 813b      	LDD  R19,Y+3
                 __LOADLOCR3:
0003e1 812a      	LDD  R18,Y+2
                 __LOADLOCR2:
0003e2 8119      	LDD  R17,Y+1
0003e3 8108      	LD   R16,Y
0003e4 9508      	RET
                 
                 __ANEGD1:
0003e5 95f0      	COM  R31
0003e6 9560      	COM  R22
0003e7 9570      	COM  R23
0003e8 95e1      	NEG  R30
0003e9 4fff      	SBCI R31,-1
0003ea 4f6f      	SBCI R22,-1
0003eb 4f7f      	SBCI R23,-1
0003ec 9508      	RET
                 
                 __LSLD12:
0003ed 23ee      	TST  R30
0003ee 2e0e      	MOV  R0,R30
0003ef e0e8      	LDI  R30,8
0003f0 2e1e      	MOV  R1,R30
0003f1 01fd      	MOVW R30,R26
0003f2 01bc      	MOVW R22,R24
0003f3 f079      	BREQ __LSLD12R
                 __LSLD12S8:
0003f4 1401      	CP   R0,R1
0003f5 f038      	BRLO __LSLD12L
0003f6 2f76      	MOV  R23,R22
0003f7 2f6f      	MOV  R22,R31
0003f8 2ffe      	MOV  R31,R30
0003f9 e0e0      	LDI  R30,0
0003fa 1801      	SUB  R0,R1
0003fb f7c1      	BRNE __LSLD12S8
0003fc 9508      	RET
                 __LSLD12L:
0003fd 0fee      	LSL  R30
0003fe 1fff      	ROL  R31
0003ff 1f66      	ROL  R22
000400 1f77      	ROL  R23
000401 940a      	DEC  R0
000402 f7d1      	BRNE __LSLD12L
                 __LSLD12R:
000403 9508      	RET
                 
                 __DIVD21U:
000404 933f      	PUSH R19
000405 934f      	PUSH R20
000406 935f      	PUSH R21
000407 2400      	CLR  R0
000408 2411      	CLR  R1
000409 01a0      	MOVW R20,R0
00040a e230      	LDI  R19,32
                 __DIVD21U1:
00040b 0faa      	LSL  R26
00040c 1fbb      	ROL  R27
00040d 1f88      	ROL  R24
00040e 1f99      	ROL  R25
00040f 1c00      	ROL  R0
000410 1c11      	ROL  R1
000411 1f44      	ROL  R20
000412 1f55      	ROL  R21
000413 1a0e      	SUB  R0,R30
000414 0a1f      	SBC  R1,R31
000415 0b46      	SBC  R20,R22
000416 0b57      	SBC  R21,R23
000417 f428      	BRCC __DIVD21U2
000418 0e0e      	ADD  R0,R30
000419 1e1f      	ADC  R1,R31
00041a 1f46      	ADC  R20,R22
00041b 1f57      	ADC  R21,R23
00041c c001      	RJMP __DIVD21U3
                 __DIVD21U2:
00041d 60a1      	SBR  R26,1
                 __DIVD21U3:
00041e 953a      	DEC  R19
00041f f759      	BRNE __DIVD21U1
000420 01fd      	MOVW R30,R26
000421 01bc      	MOVW R22,R24
000422 01d0      	MOVW R26,R0
000423 01ca      	MOVW R24,R20
000424 915f      	POP  R21
000425 914f      	POP  R20
000426 913f      	POP  R19
000427 9508      	RET
                 
                 __MODD21U:
000428 dfdb      	RCALL __DIVD21U
000429 01fd      	MOVW R30,R26
00042a 01bc      	MOVW R22,R24
00042b 9508      	RET
                 
                 __GETD1P:
00042c 91ed      	LD   R30,X+
00042d 91fd      	LD   R31,X+
00042e 916d      	LD   R22,X+
00042f 917c      	LD   R23,X
000430 9713      	SBIW R26,3
000431 9508      	RET
                 
                 __PUTPARD1:
000432 937a      	ST   -Y,R23
000433 936a      	ST   -Y,R22
000434 93fa      	ST   -Y,R31
000435 93ea      	ST   -Y,R30
000436 9508      	RET
                 
                 __PUTPARD2:
000437 939a      	ST   -Y,R25
000438 938a      	ST   -Y,R24
000439 93ba      	ST   -Y,R27
00043a 93aa      	ST   -Y,R26
00043b 9508      	RET
                 
                 __ROUND_REPACK:
00043c 2355      	TST  R21
00043d f442      	BRPL __REPACK
00043e 3850      	CPI  R21,0x80
00043f f411      	BRNE __ROUND_REPACK0
000440 ffe0      	SBRS R30,0
000441 c004      	RJMP __REPACK
                 __ROUND_REPACK0:
000442 9631      	ADIW R30,1
000443 1f69      	ADC  R22,R25
000444 1f79      	ADC  R23,R25
000445 f06b      	BRVS __REPACK1
                 
                 __REPACK:
000446 e850      	LDI  R21,0x80
000447 2757      	EOR  R21,R23
000448 f411      	BRNE __REPACK0
000449 935f      	PUSH R21
00044a c073      	RJMP __ZERORES
                 __REPACK0:
00044b 3f5f      	CPI  R21,0xFF
00044c f031      	BREQ __REPACK1
00044d 0f66      	LSL  R22
00044e 0c00      	LSL  R0
00044f 9557      	ROR  R21
000450 9567      	ROR  R22
000451 2f75      	MOV  R23,R21
000452 9508      	RET
                 __REPACK1:
000453 935f      	PUSH R21
000454 2000      	TST  R0
000455 f00a      	BRMI __REPACK2
000456 c072      	RJMP __MAXRES
                 __REPACK2:
000457 c06b      	RJMP __MINRES
                 
                 __UNPACK:
000458 e850      	LDI  R21,0x80
000459 2e19      	MOV  R1,R25
00045a 2215      	AND  R1,R21
00045b 0f88      	LSL  R24
00045c 1f99      	ROL  R25
00045d 2795      	EOR  R25,R21
00045e 0f55      	LSL  R21
00045f 9587      	ROR  R24
                 
                 __UNPACK1:
000460 e850      	LDI  R21,0x80
000461 2e07      	MOV  R0,R23
000462 2205      	AND  R0,R21
000463 0f66      	LSL  R22
000464 1f77      	ROL  R23
000465 2775      	EOR  R23,R21
000466 0f55      	LSL  R21
000467 9567      	ROR  R22
000468 9508      	RET
                 
                 __CFD1U:
000469 9468      	SET
00046a c001      	RJMP __CFD1U0
                 __CFD1:
00046b 94e8      	CLT
                 __CFD1U0:
00046c 935f      	PUSH R21
00046d dff2      	RCALL __UNPACK1
00046e 3870      	CPI  R23,0x80
00046f f018      	BRLO __CFD10
000470 3f7f      	CPI  R23,0xFF
000471 f408      	BRCC __CFD10
000472 c04b      	RJMP __ZERORES
                 __CFD10:
000473 e156      	LDI  R21,22
000474 1b57      	SUB  R21,R23
000475 f4aa      	BRPL __CFD11
000476 9551      	NEG  R21
000477 3058      	CPI  R21,8
000478 f40e      	BRTC __CFD19
000479 3059      	CPI  R21,9
                 __CFD19:
00047a f030      	BRLO __CFD17
00047b efef      	SER  R30
00047c efff      	SER  R31
00047d ef6f      	SER  R22
00047e e77f      	LDI  R23,0x7F
00047f f977      	BLD  R23,7
000480 c01a      	RJMP __CFD15
                 __CFD17:
000481 2777      	CLR  R23
000482 2355      	TST  R21
000483 f0b9      	BREQ __CFD15
                 __CFD18:
000484 0fee      	LSL  R30
000485 1fff      	ROL  R31
000486 1f66      	ROL  R22
000487 1f77      	ROL  R23
000488 955a      	DEC  R21
000489 f7d1      	BRNE __CFD18
00048a c010      	RJMP __CFD15
                 __CFD11:
00048b 2777      	CLR  R23
                 __CFD12:
00048c 3058      	CPI  R21,8
00048d f028      	BRLO __CFD13
00048e 2fef      	MOV  R30,R31
00048f 2ff6      	MOV  R31,R22
000490 2f67      	MOV  R22,R23
000491 5058      	SUBI R21,8
000492 cff9      	RJMP __CFD12
                 __CFD13:
000493 2355      	TST  R21
000494 f031      	BREQ __CFD15
                 __CFD14:
000495 9576      	LSR  R23
000496 9567      	ROR  R22
000497 95f7      	ROR  R31
000498 95e7      	ROR  R30
000499 955a      	DEC  R21
00049a f7d1      	BRNE __CFD14
                 __CFD15:
00049b 2000      	TST  R0
00049c f40a      	BRPL __CFD16
00049d df47      	RCALL __ANEGD1
                 __CFD16:
00049e 915f      	POP  R21
00049f 9508      	RET
                 
                 __CDF1U:
0004a0 9468      	SET
0004a1 c001      	RJMP __CDF1U0
                 __CDF1:
0004a2 94e8      	CLT
                 __CDF1U0:
0004a3 9730      	SBIW R30,0
0004a4 4060      	SBCI R22,0
0004a5 4070      	SBCI R23,0
0004a6 f0b1      	BREQ __CDF10
0004a7 2400      	CLR  R0
0004a8 f026      	BRTS __CDF11
0004a9 2377      	TST  R23
0004aa f412      	BRPL __CDF11
0004ab 9400      	COM  R0
0004ac df38      	RCALL __ANEGD1
                 __CDF11:
0004ad 2e17      	MOV  R1,R23
0004ae e17e      	LDI  R23,30
0004af 2011      	TST  R1
                 __CDF12:
0004b0 f032      	BRMI __CDF13
0004b1 957a      	DEC  R23
0004b2 0fee      	LSL  R30
0004b3 1fff      	ROL  R31
0004b4 1f66      	ROL  R22
0004b5 1c11      	ROL  R1
0004b6 cff9      	RJMP __CDF12
                 __CDF13:
0004b7 2fef      	MOV  R30,R31
0004b8 2ff6      	MOV  R31,R22
0004b9 2d61      	MOV  R22,R1
0004ba 935f      	PUSH R21
0004bb df8a      	RCALL __REPACK
0004bc 915f      	POP  R21
                 __CDF10:
0004bd 9508      	RET
                 
                 __ZERORES:
0004be 27ee      	CLR  R30
0004bf 27ff      	CLR  R31
0004c0 01bf      	MOVW R22,R30
0004c1 915f      	POP  R21
0004c2 9508      	RET
                 
                 __MINRES:
0004c3 efef      	SER  R30
0004c4 efff      	SER  R31
0004c5 e76f      	LDI  R22,0x7F
0004c6 ef7f      	SER  R23
0004c7 915f      	POP  R21
0004c8 9508      	RET
                 
                 __MAXRES:
0004c9 efef      	SER  R30
0004ca efff      	SER  R31
0004cb e76f      	LDI  R22,0x7F
0004cc e77f      	LDI  R23,0x7F
0004cd 915f      	POP  R21
0004ce 9508      	RET
                 
                 __MULF12:
0004cf 935f      	PUSH R21
0004d0 df87      	RCALL __UNPACK
0004d1 3870      	CPI  R23,0x80
0004d2 f359      	BREQ __ZERORES
0004d3 3890      	CPI  R25,0x80
0004d4 f349      	BREQ __ZERORES
0004d5 2401      	EOR  R0,R1
0004d6 9408      	SEC
0004d7 1f79      	ADC  R23,R25
0004d8 f423      	BRVC __MULF124
0004d9 f324      	BRLT __ZERORES
                 __MULF125:
0004da 2000      	TST  R0
0004db f33a      	BRMI __MINRES
0004dc cfec      	RJMP __MAXRES
                 __MULF124:
0004dd 920f      	PUSH R0
0004de 931f      	PUSH R17
0004df 932f      	PUSH R18
0004e0 933f      	PUSH R19
0004e1 934f      	PUSH R20
0004e2 2711      	CLR  R17
0004e3 2722      	CLR  R18
0004e4 2799      	CLR  R25
0004e5 9f68      	MUL  R22,R24
0004e6 01a0      	MOVW R20,R0
0004e7 9f8f      	MUL  R24,R31
0004e8 2d30      	MOV  R19,R0
0004e9 0d41      	ADD  R20,R1
0004ea 1f59      	ADC  R21,R25
0004eb 9f6b      	MUL  R22,R27
0004ec 0d30      	ADD  R19,R0
0004ed 1d41      	ADC  R20,R1
0004ee 1f59      	ADC  R21,R25
0004ef 9f8e      	MUL  R24,R30
0004f0 d027      	RCALL __MULF126
0004f1 9fbf      	MUL  R27,R31
0004f2 d025      	RCALL __MULF126
0004f3 9f6a      	MUL  R22,R26
0004f4 d023      	RCALL __MULF126
0004f5 9fbe      	MUL  R27,R30
0004f6 d01d      	RCALL __MULF127
0004f7 9faf      	MUL  R26,R31
0004f8 d01b      	RCALL __MULF127
0004f9 9fae      	MUL  R26,R30
0004fa 0d11      	ADD  R17,R1
0004fb 1f29      	ADC  R18,R25
0004fc 1f39      	ADC  R19,R25
0004fd 1f49      	ADC  R20,R25
0004fe 1f59      	ADC  R21,R25
0004ff 2fe3      	MOV  R30,R19
000500 2ff4      	MOV  R31,R20
000501 2f65      	MOV  R22,R21
000502 2f52      	MOV  R21,R18
000503 914f      	POP  R20
000504 913f      	POP  R19
000505 912f      	POP  R18
000506 911f      	POP  R17
000507 900f      	POP  R0
000508 2366      	TST  R22
000509 f02a      	BRMI __MULF122
00050a 0f55      	LSL  R21
00050b 1fee      	ROL  R30
00050c 1fff      	ROL  R31
00050d 1f66      	ROL  R22
00050e c002      	RJMP __MULF123
                 __MULF122:
00050f 9573      	INC  R23
000510 f24b      	BRVS __MULF125
                 __MULF123:
000511 df2a      	RCALL __ROUND_REPACK
000512 915f      	POP  R21
000513 9508      	RET
                 
                 __MULF127:
000514 0d10      	ADD  R17,R0
000515 1d21      	ADC  R18,R1
000516 1f39      	ADC  R19,R25
000517 c002      	RJMP __MULF128
                 __MULF126:
000518 0d20      	ADD  R18,R0
000519 1d31      	ADC  R19,R1
                 __MULF128:
00051a 1f49      	ADC  R20,R25
00051b 1f59      	ADC  R21,R25
00051c 9508      	RET
                 
                 _delay_ms:
00051d 9610      	adiw r26,0
00051e f039      	breq __delay_ms1
                 __delay_ms0:
00051f 95a8      	wdr
                +
000520 ea80     +LDI R24 , LOW ( 0xFA0 )
000521 e09f     +LDI R25 , HIGH ( 0xFA0 )
                +__DELAY_USW_LOOP :
000522 9701     +SBIW R24 , 1
000523 f7f1     +BRNE __DELAY_USW_LOOP
                 	__DELAY_USW 0xFA0
000524 9711      	sbiw r26,1
000525 f7c9      	brne __delay_ms0
                 __delay_ms1:
000526 9508      	ret
                 
                 ;END OF CODE MARKER
                 __END_OF_CODE:


RESOURCE USE INFORMATION
------------------------

Notice:
The register and instruction counts are symbol table hit counts,
and hence implicitly used resources are not counted, eg, the
'lpm' instruction without operands implicitly uses r0 and z,
none of which are counted.

x,y,z are separate entities in the symbol table and are
counted separately from r26..r31 here.

.dseg memory usage only counts static data declared with .byte

ATmega128A register use summary:
r0 :  33 r1 :  19 r2 :   0 r3 :   0 r4 :   0 r5 :   0 r6 :   0 r7 :   0 
r8 :   0 r9 :   0 r10:   0 r11:   0 r12:   0 r13:   0 r14:   0 r15:   5 
r16:  44 r17:  41 r18:  39 r19:  25 r20:  26 r21:  66 r22:  82 r23:  66 
r24:  34 r25:  31 r26: 100 r27:  39 r28:  21 r29:   1 r30: 236 r31:  90 
x  :  27 y  : 192 z  :   4 
Registers used: 22 out of 35 (62.9%)

ATmega128A instruction use summary:
.lds  :   0 .lds.l:   0 .sts  :   0 .sts.l:   0 adc   :  24 add   :  13 
adiw  :  24 and   :   2 andi  :  12 asr   :   0 bclr  :   0 bld   :   1 
brbc  :   0 brbs  :   0 brcc  :   2 brcs  :   0 break :   0 breq  :  25 
brge  :   1 brhc  :   0 brhs  :   0 brid  :   0 brie  :   0 brlo  :   8 
brlt  :   1 brmi  :   4 brne  :  32 brpl  :   5 brsh  :   2 brtc  :   1 
brts  :   1 brvc  :   1 brvs  :   2 bset  :   0 bst   :   0 call  :   0 
cbi   :   0 cbr   :   0 clc   :   0 clh   :   0 cli   :   1 cln   :   0 
clr   :  26 cls   :   0 clt   :   2 clv   :   0 clz   :   0 com   :   4 
cp    :   4 cpc   :   4 cpi   :  44 cpse  :   0 dec   :   6 des   :   0 
elpm  :   0 eor   :   4 fmul  :   0 fmuls :   0 fmulsu:   0 icall :   2 
ijmp  :   0 in    :   0 inc   :   1 jmp   :  36 ld    :  25 ldd   :  89 
ldi   : 140 lds   :  13 lpm   :   4 lsl   :  11 lsr   :   1 mov   :  47 
movw  :  30 mul   :  10 muls  :   0 mulsu :   0 neg   :   2 nop   :   0 
or    :   4 ori   :   6 out   :   9 pop   :  25 push  :  24 rcall : 124 
ret   :  54 reti  :   0 rjmp  :  81 rol   :  21 ror   :   7 sbc   :   8 
sbci  :   8 sbi   :   0 sbic  :   0 sbis  :   1 sbiw  :  14 sbr   :   1 
sbrc  :   2 sbrs  :  14 sec   :   1 seh   :   0 sei   :   0 sen   :   0 
ser   :   8 ses   :   0 set   :   2 sev   :   0 sez   :   0 sleep :   0 
spm   :   0 st    :  65 std   :  41 sts   :  15 sub   :   4 subi  :  15 
swap  :   0 tst   :  13 wdr   :   1 
Instructions used: 69 out of 117 (59.0%)

ATmega128A memory use summary [bytes]:
Segment   Begin    End      Code   Data   Used    Size   Use%
---------------------------------------------------------------
[.cseg] 0x000000 0x000a4e   2596     42   2638  131072   2.0%
[.dseg] 0x000100 0x000504      0      4      4    4096   0.1%
[.eseg] 0x000000 0x000000      0      0      0    4096   0.0%

Assembly complete, 0 errors, 0 warnings
